timestamp,true_z,est_z,z_error,covariance_scale_factor,noise_gate_active
1.297500,0.000000,-0.012354,0.012354,0.888889,0
1.300000,0.000000,-0.026910,0.026910,0.984127,0
1.302500,0.000000,-0.011117,0.011117,0.984127,0
1.305000,0.000000,-0.021196,0.021196,0.984127,0
1.307500,0.000000,-0.013138,0.013138,0.984127,0
1.310000,0.000000,-0.015299,0.015299,0.984127,0
1.312500,0.000000,-0.015931,0.015931,0.984127,0
1.315000,0.000000,-0.017719,0.017719,0.984127,0
1.317500,0.000000,-0.014795,0.014795,0.984127,0
1.320000,0.000000,-0.010433,0.010433,1.079365,0
1.322500,0.000000,-0.000968,0.000968,1.079365,0
1.325000,0.000000,0.011302,-0.011302,1.079365,0
1.327500,0.000000,0.013883,-0.013883,1.079365,0
1.330000,0.000000,0.028471,-0.028471,1.079365,0
1.332500,0.000000,0.028496,-0.028496,1.079365,0
1.335000,0.000000,0.037158,-0.037158,1.079365,0
1.337500,0.000000,0.039894,-0.039894,1.079365,0
1.340000,0.000000,0.033251,-0.033251,0.952381,0
1.342500,0.000000,0.033999,-0.033999,0.952381,0
1.345000,0.000000,0.037879,-0.037879,0.952381,0
1.347500,0.000000,0.036390,-0.036390,0.952381,0
1.350000,0.000000,0.039304,-0.039304,0.952381,0
1.352500,0.000000,0.046546,-0.046546,0.952381,0
1.355000,0.000000,0.044881,-0.044881,0.952381,0
1.357500,0.000000,0.014788,-0.014788,0.952381,0
1.360000,0.000000,0.030232,-0.030232,0.984127,0
1.362500,0.000000,0.026510,-0.026510,0.984127,0
1.365000,0.000000,0.017924,-0.017924,0.984127,0
1.367500,0.000000,0.006748,-0.006748,0.984127,0
1.370000,0.000000,0.003362,-0.003362,0.984127,0
1.372500,0.000000,-0.002065,0.002065,0.984127,0
1.375000,0.000000,-0.008978,0.008978,0.984127,0
1.377500,0.000000,-0.015164,0.015164,0.984127,0
1.380000,0.000000,-0.009188,0.009188,0.888889,0
1.382500,0.000000,0.012058,-0.012058,0.888889,0
1.385000,0.000000,0.020110,-0.020110,0.888889,0
1.387500,0.000000,0.030982,-0.030982,0.888889,0
1.390000,0.000000,0.026112,-0.026112,0.888889,0
1.392500,0.000000,0.026338,-0.026338,0.888889,0
1.395000,0.000000,0.029839,-0.029839,0.888889,0
1.397500,0.000000,0.022163,-0.022163,0.888889,0
1.400000,0.000000,0.016789,-0.016789,0.825397,0
1.402500,0.000000,0.025443,-0.025443,0.825397,0
1.405000,0.000000,0.036309,-0.036309,0.825397,0
1.407500,0.000000,0.035801,-0.035801,0.825397,0
1.410000,0.000000,0.021810,-0.021810,0.825397,0
1.412500,0.000000,0.017923,-0.017923,0.825397,0
1.415000,0.000000,0.001993,-0.001993,0.825397,0
1.417500,0.000000,0.002724,-0.002724,0.825397,0
1.420000,0.000000,0.005252,-0.005252,0.857143,0
1.422500,0.000000,0.002312,-0.002312,0.857143,0
1.425000,0.000000,0.004708,-0.004708,0.857143,0
1.427500,0.000000,0.008813,-0.008813,0.857143,0
1.430000,0.000000,0.011149,-0.011149,0.857143,0
1.432500,0.000000,-0.001456,0.001456,0.857143,0
1.435000,0.000000,-0.003989,0.003989,0.857143,0
1.437500,0.000000,0.000310,-0.000310,0.857143,0
1.440000,0.000000,0.015385,-0.015385,0.920635,0
1.442500,0.000000,0.012318,-0.012318,0.920635,0
1.445000,0.000000,0.017220,-0.017220,0.920635,0
1.447500,0.000000,0.025117,-0.025117,0.920635,0
1.450000,0.000000,0.022468,-0.022468,0.920635,0
1.452500,0.000000,0.032816,-0.032816,0.920635,0
1.455000,0.000000,0.043376,-0.043376,0.920635,0
1.457500,0.000000,0.055337,-0.055337,0.920635,0
1.460000,0.000000,0.058242,-0.058242,0.857143,0
1.462500,0.000000,0.080513,-0.080513,0.857143,0
1.465000,0.000000,0.071619,-0.071619,0.857143,0
1.467500,0.000000,0.091000,-0.091000,0.857143,0
1.470000,0.000000,0.095903,-0.095903,0.857143,0
1.472500,0.000000,0.106476,-0.106476,0.857143,0
1.475000,0.000000,0.099787,-0.099787,0.857143,0
1.477500,0.000000,0.105170,-0.105170,0.857143,0
1.480000,0.000000,0.116669,-0.116669,0.825397,0
1.482500,0.000000,0.101394,-0.101394,0.825397,0
1.485000,0.000000,0.096326,-0.096326,0.825397,0
1.487500,0.000000,0.070750,-0.070750,0.825397,0
1.490000,0.000000,0.066552,-0.066552,0.825397,0
1.492500,0.000000,0.055849,-0.055849,0.825397,0
1.495000,0.000000,0.051741,-0.051741,0.825397,0
1.497500,0.000000,0.080453,-0.080453,0.825397,0
1.500000,0.000000,0.095171,-0.095171,0.857143,0
1.502500,0.000000,0.077667,-0.077667,0.857143,0
1.505000,0.000000,0.080786,-0.080786,0.857143,0
1.507500,0.000000,0.086252,-0.086252,0.857143,0
1.510000,0.000000,0.080110,-0.080110,0.857143,0
1.512500,0.000000,0.079356,-0.079356,0.857143,0
1.515000,0.000000,0.079607,-0.079607,0.857143,0
1.517500,0.000000,0.063532,-0.063532,0.857143,0
1.520000,0.000000,0.051138,-0.051138,0.857143,0
1.522500,0.000000,0.051245,-0.051245,0.857143,0
1.525000,0.000000,0.050615,-0.050615,0.857143,0
1.527500,0.000000,0.041879,-0.041879,0.857143,0
1.530000,0.000000,0.032557,-0.032557,0.857143,0
1.532500,0.000000,0.030619,-0.030619,0.857143,0
1.535000,0.000000,0.038557,-0.038557,0.857143,0
1.537500,0.000000,0.036562,-0.036562,0.857143,0
1.540000,0.000000,0.050805,-0.050805,0.920635,0
1.542500,0.000000,0.042696,-0.042696,0.920635,0
1.545000,0.000000,0.043247,-0.043247,0.920635,0
1.547500,0.000000,0.038581,-0.038581,0.920635,0
1.550000,0.000000,0.043015,-0.043015,0.920635,0
1.552500,0.000000,0.034271,-0.034271,0.920635,0
1.555000,0.000000,0.051628,-0.051628,0.920635,0
1.557500,0.000000,0.033916,-0.033916,0.920635,0
1.560000,0.000000,0.047284,-0.047284,1.079365,0
1.562500,0.000000,0.046786,-0.046786,1.079365,0
1.565000,0.000000,0.050181,-0.050181,1.079365,0
1.567500,0.000000,0.060093,-0.060093,1.079365,0
1.570000,0.000000,0.065745,-0.065745,1.079365,0
1.572500,0.000000,0.057774,-0.057774,1.079365,0
1.575000,0.000000,0.061334,-0.061334,1.079365,0
1.577500,0.000000,0.075660,-0.075660,1.079365,0
1.580000,0.000000,0.065984,-0.065984,1.079365,0
1.582500,0.000000,0.082438,-0.082438,1.079365,0
1.585000,0.000000,0.083518,-0.083518,1.079365,0
1.587500,0.000000,0.077476,-0.077476,1.079365,0
1.590000,0.000000,0.067587,-0.067587,1.079365,0
1.592500,0.000000,0.063781,-0.063781,1.079365,0
1.595000,0.000000,0.044952,-0.044952,1.079365,0
1.597500,0.000000,0.040075,-0.040075,1.079365,0
1.600000,0.000000,0.036567,-0.036567,1.047619,0
1.602500,0.000000,0.025841,-0.025841,1.047619,0
1.605000,0.000000,0.031852,-0.031852,1.047619,0
1.607500,0.000000,0.028966,-0.028966,1.047619,0
1.610000,0.000000,0.022388,-0.022388,1.047619,0
1.612500,0.000000,0.018802,-0.018802,1.047619,0
1.615000,0.000000,0.021481,-0.021481,1.047619,0
1.617500,0.000000,0.021529,-0.021529,1.047619,0
1.620000,0.000000,0.014549,-0.014549,1.047619,0
1.622500,0.000000,0.015293,-0.015293,1.015873,0
1.625000,0.000000,0.014368,-0.014368,1.015873,0
1.627500,0.000000,0.003310,-0.003310,1.015873,0
1.630000,0.000000,0.000520,-0.000520,1.015873,0
1.632500,0.000000,0.005911,-0.005911,1.015873,0
1.635000,0.000000,0.011076,-0.011076,1.015873,0
1.637500,0.000000,0.008603,-0.008603,1.015873,0
1.640000,0.000000,0.014501,-0.014501,1.047619,0
1.642500,0.000000,0.005180,-0.005180,1.047619,0
1.645000,0.000000,-0.003599,0.003599,1.047619,0
1.647500,0.000000,-0.005781,0.005781,1.047619,0
1.650000,0.000000,0.008020,-0.008020,1.047619,0
1.652500,0.000000,0.009276,-0.009276,1.047619,0
1.655000,0.000000,0.006499,-0.006499,1.047619,0
1.657500,0.000000,0.020394,-0.020394,1.047619,0
1.660000,0.000000,0.017426,-0.017426,1.142857,0
1.662500,0.000000,0.035878,-0.035878,1.142857,0
1.665000,0.000000,0.030576,-0.030576,1.142857,0
1.667500,0.000000,0.021149,-0.021149,1.142857,0
1.670000,0.000000,0.019161,-0.019161,1.142857,0
1.672500,0.000000,0.016516,-0.016516,1.142857,0
1.675000,0.000000,0.009157,-0.009157,1.142857,0
1.677500,0.000000,0.031215,-0.031215,1.142857,0
1.680000,0.000000,0.033152,-0.033152,1.111111,0
1.682500,0.000000,0.036320,-0.036320,1.111111,0
1.685000,0.000000,0.031232,-0.031232,1.111111,0
1.687500,0.000000,0.025259,-0.025259,1.111111,0
1.690000,0.000000,0.033616,-0.033616,1.111111,0
1.692500,0.000000,0.017855,-0.017855,1.111111,0
1.695000,0.000000,0.007241,-0.007241,1.111111,0
1.697500,0.000000,0.004848,-0.004848,1.111111,0
1.700000,0.000000,0.017320,-0.017320,1.047619,0
1.702500,0.000000,0.013315,-0.013315,1.047619,0
1.705000,0.000000,0.016802,-0.016802,1.047619,0
1.707500,0.000000,0.016565,-0.016565,1.047619,0
1.710000,0.000000,0.028143,-0.028143,1.047619,0
1.712500,0.000000,0.012575,-0.012575,1.047619,0
1.715000,0.000000,0.019047,-0.019047,1.047619,0
1.717500,0.000000,0.016639,-0.016639,1.047619,0
1.720000,0.000000,0.025198,-0.025198,0.984127,0
1.722500,0.000000,0.016396,-0.016396,0.984127,0
1.725000,0.000000,0.016128,-0.016128,0.984127,0
1.727500,0.000000,0.014631,-0.014631,0.984127,0
1.730000,0.000000,0.004422,-0.004422,0.984127,0
1.732500,0.000000,-0.008157,0.008157,0.984127,0
1.735000,0.000000,-0.013538,0.013538,0.984127,0
1.737500,0.000000,-0.011864,0.011864,0.984127,0
1.740000,0.000000,-0.018450,0.018450,1.047619,0
1.742500,0.000000,-0.020939,0.020939,1.047619,0
1.745000,0.000000,-0.037605,0.037605,1.047619,0
1.747500,0.000000,-0.039912,0.039912,1.047619,0
1.750000,0.000000,-0.029375,0.029375,1.047619,0
1.752500,0.000000,-0.022060,0.022060,1.047619,0
1.755000,0.000000,-0.022217,0.022217,1.047619,0
1.757500,0.000000,-0.019339,0.019339,1.047619,0
1.760000,0.000000,-0.026015,0.026015,1.111111,0
1.762500,0.000000,-0.011137,0.011137,1.111111,0
1.765000,0.000000,0.007223,-0.007223,1.111111,0
1.767500,0.000000,0.008464,-0.008464,1.111111,0
1.770000,0.000000,0.030911,-0.030911,1.111111,0
1.772500,0.000000,0.024092,-0.024092,1.111111,0
1.775000,0.000000,0.012443,-0.012443,1.111111,0
1.777500,0.000000,0.005862,-0.005862,1.111111,0
1.780000,0.000000,0.003714,-0.003714,1.079365,0
1.782500,0.000000,0.024483,-0.024483,1.079365,0
1.785000,0.000000,0.021244,-0.021244,1.079365,0
1.787500,0.000000,0.012871,-0.012871,1.079365,0
1.790000,0.000000,0.004385,-0.004385,1.079365,0
1.792500,0.000000,0.014564,-0.014564,1.079365,0
1.795000,0.000000,0.023163,-0.023163,1.079365,0
1.797500,0.000000,0.018111,-0.018111,1.079365,0
1.800000,0.000000,0.000158,-0.000158,1.047619,0
1.802500,0.000000,-0.010322,0.010322,1.047619,0
1.805000,0.000000,0.005949,-0.005949,1.047619,0
1.807500,0.000000,0.012162,-0.012162,1.047619,0
1.810000,0.000000,0.012412,-0.012412,1.047619,0
1.812500,0.000000,0.029362,-0.029362,1.047619,0
1.815000,0.000000,0.046637,-0.046637,1.047619,0
1.817500,0.000000,0.044939,-0.044939,1.047619,0
1.820000,0.000000,0.043462,-0.043462,1.047619,0
1.822500,0.000000,0.036223,-0.036223,0.952381,0
1.825000,0.000000,0.032219,-0.032219,0.952381,0
1.827500,0.000000,0.016327,-0.016327,0.952381,0
1.830000,0.000000,0.000935,-0.000935,0.952381,0
1.832500,0.000000,-0.016248,0.016248,0.952381,0
1.835000,0.000000,-0.004964,0.004964,0.952381,0
1.837500,0.000000,-0.020290,0.020290,0.952381,0
1.840000,0.000000,0.000242,-0.000242,0.920635,0
1.842500,0.000000,-0.007191,0.007191,0.920635,0
1.845000,0.000000,0.010657,-0.010657,0.920635,0
1.847500,0.000000,0.006623,-0.006623,0.920635,0
1.850000,0.000000,-0.009395,0.009395,0.920635,0
1.852500,0.000000,0.003833,-0.003833,0.920635,0
1.855000,0.000000,0.017802,-0.017802,0.920635,0
1.857500,0.000000,0.008147,-0.008147,0.920635,0
1.860000,0.000000,0.004771,-0.004771,0.984127,0
1.862500,0.000000,-0.003928,0.003928,0.984127,0
1.865000,0.000000,-0.004949,0.004949,0.984127,0
1.867500,0.000000,-0.003783,0.003783,0.984127,0
1.870000,0.000000,-0.006990,0.006990,0.984127,0
1.872500,0.000000,-0.023968,0.023968,0.984127,0
1.875000,0.000000,-0.028741,0.028741,0.984127,0
1.877500,0.000000,-0.021234,0.021234,0.984127,0
1.880000,0.000000,-0.022573,0.022573,0.984127,0
1.882500,0.000000,-0.025219,0.025219,0.888889,0
1.885000,0.000000,-0.033988,0.033988,0.888889,0
1.887500,0.000000,-0.039154,0.039154,0.888889,0
1.890000,0.000000,-0.023436,0.023436,0.888889,0
1.892500,0.000000,-0.034340,0.034340,0.888889,0
1.895000,0.000000,-0.025871,0.025871,0.888889,0
1.897500,0.000000,-0.024557,0.024557,0.888889,0
1.900000,0.000000,-0.021276,0.021276,0.888889,0
1.902500,0.000000,-0.028248,0.028248,0.857143,0
1.905000,0.000000,-0.030992,0.030992,0.857143,0
1.907500,0.000000,-0.030029,0.030029,0.857143,0
1.910000,0.000000,-0.034459,0.034459,0.857143,0
1.912500,0.000000,-0.029886,0.029886,0.857143,0
1.915000,0.000000,-0.024166,0.024166,0.857143,0
1.917500,0.000000,-0.000902,0.000902,0.857143,0
1.920000,0.000000,0.002199,-0.002199,0.793651,0
1.922500,0.000000,-0.018896,0.018896,0.793651,0
1.925000,0.000000,-0.005504,0.005504,0.793651,0
1.927500,0.000000,-0.007539,0.007539,0.793651,0
1.930000,0.000000,0.014615,-0.014615,0.793651,0
1.932500,0.000000,0.030073,-0.030073,0.793651,0
1.935000,0.000000,0.023577,-0.023577,0.793651,0
1.937500,0.000000,0.030564,-0.030564,0.793651,0
1.940000,0.000000,0.024025,-0.024025,0.920635,0
1.942500,0.000000,0.023330,-0.023330,0.920635,0
1.945000,0.000000,0.029051,-0.029051,0.920635,0
1.947500,0.000000,0.038767,-0.038767,0.920635,0
1.950000,0.000000,0.046129,-0.046129,0.920635,0
1.952500,0.000000,0.045453,-0.045453,0.920635,0
1.955000,0.000000,0.067806,-0.067806,0.920635,0
1.957500,0.000000,0.062263,-0.062263,0.920635,0
1.960000,0.000000,0.044450,-0.044450,0.888889,0
1.962500,0.000000,0.029091,-0.029091,0.888889,0
1.965000,0.000000,0.042741,-0.042741,0.888889,0
1.967500,0.000000,0.040649,-0.040649,0.888889,0
1.970000,0.000000,0.040950,-0.040950,0.888889,0
1.972500,0.000000,0.034310,-0.034310,0.888889,0
1.975000,0.000000,0.028765,-0.028765,0.888889,0
1.977500,0.000000,0.020087,-0.020087,0.888889,0
1.980000,0.000000,0.024116,-0.024116,0.888889,0
1.982500,0.000000,0.022500,-0.022500,0.952381,0
1.985000,0.000000,0.025892,-0.025892,0.952381,0
1.987500,0.000000,0.028298,-0.028298,0.952381,0
1.990000,0.000000,0.023477,-0.023477,0.952381,0
1.992500,0.000000,0.009115,-0.009115,0.952381,0
1.995000,0.000000,-0.005659,0.005659,0.952381,0
1.997500,0.000000,0.022945,-0.022945,0.952381,0
2.000000,0.000000,0.036168,-0.036168,0.952381,0
2.002500,0.000000,0.047075,-0.047075,1.015873,0
2.005000,0.000000,0.039728,-0.039728,1.015873,0
2.007500,0.000000,0.038689,-0.038689,1.015873,0
2.010000,0.000000,0.030281,-0.030281,1.015873,0
2.012500,0.000000,0.017628,-0.017628,1.015873,0
2.015000,0.000000,0.011823,-0.011823,1.015873,0
2.017500,0.000000,0.023455,-0.023455,1.015873,0
2.020000,0.000000,0.030386,-0.030386,1.015873,0
2.022500,0.000000,0.020454,-0.020454,0.984127,0
2.025000,0.000000,0.016916,-0.016916,0.984127,0
2.027500,0.000000,0.023407,-0.023407,0.984127,0
2.030000,0.000000,0.017383,-0.017383,0.984127,0
2.032500,0.000000,0.017613,-0.017613,0.984127,0
2.035000,0.000000,0.020851,-0.020851,0.984127,0
2.037500,0.000000,0.023893,-0.023893,0.984127,0
2.040000,0.000000,0.025565,-0.025565,0.984127,0
2.042500,0.000000,0.018682,-0.018682,0.984127,0
2.045000,0.000000,0.012962,-0.012962,0.984127,0
2.047500,0.000000,0.001943,-0.001943,0.984127,0
2.050000,0.000000,-0.012769,0.012769,0.984127,0
2.052500,0.000000,-0.013467,0.013467,0.984127,0
2.055000,0.000000,-0.005399,0.005399,0.984127,0
2.057500,0.000000,-0.018210,0.018210,0.984127,0
2.060000,0.000000,-0.015103,0.015103,0.984127,0
2.062500,0.000000,-0.007274,0.007274,0.984127,0
2.065000,0.000000,-0.024338,0.024338,0.984127,0
2.067500,0.000000,-0.026160,0.026160,0.984127,0
2.070000,0.000000,-0.009884,0.009884,0.984127,0
2.072500,0.000000,-0.004392,0.004392,0.984127,0
2.075000,0.000000,-0.021879,0.021879,0.984127,0
2.077500,0.000000,-0.015025,0.015025,0.984127,0
2.080000,0.000000,-0.021105,0.021105,1.079365,0
2.082500,0.000000,-0.014506,0.014506,1.079365,0
2.085000,0.000000,-0.020128,0.020128,1.079365,0
2.087500,0.000000,-0.020035,0.020035,1.079365,0
2.090000,0.000000,-0.024190,0.024190,1.079365,0
2.092500,0.000000,-0.023491,0.023491,1.079365,0
2.095000,0.000000,-0.027828,0.027828,1.079365,0
2.097500,0.000000,-0.029022,0.029022,1.079365,0
2.100000,0.000000,-0.039118,0.039118,1.015873,0
2.102500,0.000000,-0.033395,0.033395,1.015873,0
2.105000,0.000000,-0.030778,0.030778,1.015873,0
2.107500,0.000000,-0.044932,0.044932,1.015873,0
2.110000,0.000000,-0.034357,0.034357,1.015873,0
2.112500,0.000000,-0.034987,0.034987,1.015873,0
2.115000,0.000000,-0.032449,0.032449,1.015873,0
2.117500,0.000000,-0.024368,0.024368,1.015873,0
2.120000,0.000000,-0.020591,0.020591,1.015873,0
2.122500,0.000000,-0.010002,0.010002,1.111111,0
2.125000,0.000000,-0.012259,0.012259,1.111111,0
2.127500,0.000000,-0.002983,0.002983,1.111111,0
2.130000,0.000000,-0.001836,0.001836,1.111111,0
2.132500,0.000000,0.002619,-0.002619,1.111111,0
2.135000,0.000000,0.006056,-0.006056,1.111111,0
2.137500,0.000000,0.016693,-0.016693,1.111111,0
2.140000,0.000000,0.022524,-0.022524,1.111111,0
2.142500,0.000000,0.017661,-0.017661,1.015873,0
2.145000,0.000000,0.011074,-0.011074,1.015873,0
2.147500,0.000000,0.010273,-0.010273,1.015873,0
2.150000,0.000000,0.002795,-0.002795,1.015873,0
2.152500,0.000000,-0.007210,0.007210,1.015873,0
2.155000,0.000000,-0.027048,0.027048,1.015873,0
2.157500,0.000000,-0.040833,0.040833,1.015873,0
2.160000,0.000000,-0.019134,0.019134,0.920635,0
2.162500,0.000000,-0.025231,0.025231,0.920635,0
2.165000,0.000000,-0.005002,0.005002,0.920635,0
2.167500,0.000000,-0.000741,0.000741,0.920635,0
2.170000,0.000000,-0.001222,0.001222,0.920635,0
2.172500,0.000000,-0.016369,0.016369,0.920635,0
2.175000,0.000000,-0.015799,0.015799,0.920635,0
2.177500,0.000000,0.003768,-0.003768,0.920635,0
2.180000,0.000000,0.019311,-0.019311,0.920635,0
2.182500,0.000000,0.021387,-0.021387,0.952381,0
2.185000,0.000000,0.009548,-0.009548,0.952381,0
2.187500,0.000000,-0.000055,0.000055,0.952381,0
2.190000,0.000000,-0.008338,0.008338,0.952381,0
2.192500,0.000000,0.004330,-0.004330,0.952381,0
2.195000,0.000000,0.020031,-0.020031,0.952381,0
2.197500,0.000000,0.021317,-0.021317,0.952381,0
2.200000,0.000000,0.017503,-0.017503,0.888889,0
2.202500,0.000000,0.032838,-0.032838,0.888889,0
2.205000,0.000000,0.021748,-0.021748,0.888889,0
2.207500,0.000000,0.021575,-0.021575,0.888889,0
2.210000,0.000000,0.025603,-0.025603,0.888889,0
2.212500,0.000000,0.015991,-0.015991,0.888889,0
2.215000,0.000000,0.009012,-0.009012,0.888889,0
2.217500,0.000000,0.001478,-0.001478,0.888889,0
2.220000,0.000000,0.015357,-0.015357,0.920635,0
2.222500,0.000000,0.033685,-0.033685,0.920635,0
2.225000,0.000000,0.033767,-0.033767,0.920635,0
2.227500,0.000000,0.030086,-0.030086,0.920635,0
2.230000,0.000000,0.023269,-0.023269,0.920635,0
2.232500,0.000000,0.022564,-0.022564,0.920635,0
2.235000,0.000000,0.016471,-0.016471,0.920635,0
2.237500,0.000000,0.015010,-0.015010,0.920635,0
2.240000,0.000000,0.018593,-0.018593,0.920635,0
2.242500,0.000000,0.013907,-0.013907,0.888889,0
2.245000,0.000000,0.011552,-0.011552,0.888889,0
2.247500,0.000000,0.009316,-0.009316,0.888889,0
2.250000,0.000000,0.005824,-0.005824,0.888889,0
2.252500,0.000000,0.001202,-0.001202,0.888889,0
2.255000,0.000000,0.008818,-0.008818,0.888889,0
2.257500,0.000000,-0.009228,0.009228,0.888889,0
2.260000,0.000000,0.006846,-0.006846,0.888889,0
2.262500,0.000000,0.007987,-0.007987,0.888889,0
2.265000,0.000000,0.013840,-0.013840,0.888889,0
2.267500,0.000000,0.020655,-0.020655,0.888889,0
2.270000,0.000000,0.012924,-0.012924,0.888889,0
2.272500,0.000000,0.003382,-0.003382,0.888889,0
2.275000,0.000000,-0.007032,0.007032,0.888889,0
2.277500,0.000000,-0.009275,0.009275,0.888889,0
2.280000,0.000000,-0.001261,0.001261,0.793651,0
2.282500,0.000000,-0.007616,0.007616,0.793651,0
2.285000,0.000000,-0.000712,0.000712,0.793651,0
2.287500,0.000000,-0.026471,0.026471,0.793651,0
2.290000,0.000000,-0.029748,0.029748,0.793651,0
2.292500,0.000000,-0.016094,0.016094,0.793651,0
2.295000,0.000000,-0.017390,0.017390,0.793651,0
2.297500,0.000000,-0.025730,0.025730,0.793651,0
2.300000,0.000000,-0.031169,0.031169,0.920635,0
2.302500,0.000000,-0.058906,0.058906,0.920635,0
2.305000,0.000000,-0.066737,0.066737,0.920635,0
2.307500,0.000000,-0.054687,0.054687,0.920635,0
2.310000,0.000000,-0.058585,0.058585,0.920635,0
2.312500,0.000000,-0.061247,0.061247,0.920635,0
2.315000,0.000000,-0.081649,0.081649,0.920635,0
2.317500,0.000000,-0.094763,0.094763,0.920635,0
2.320000,0.000000,-0.080513,0.080513,0.920635,0
2.322500,0.000000,-0.072163,0.072163,0.920635,0
2.325000,0.000000,-0.082414,0.082414,0.920635,0
2.327500,0.000000,-0.085964,0.085964,0.920635,0
2.330000,0.000000,-0.083633,0.083633,0.920635,0
2.332500,0.000000,-0.092589,0.092589,0.920635,0
2.335000,0.000000,-0.109055,0.109055,0.920635,0
2.337500,0.000000,-0.107267,0.107267,0.920635,0
2.340000,0.000000,-0.097917,0.097917,0.857143,0
2.342500,0.000000,-0.088684,0.088684,0.857143,0
2.345000,0.000000,-0.076861,0.076861,0.857143,0
2.347500,0.000000,-0.090254,0.090254,0.857143,0
2.350000,0.000000,-0.086749,0.086749,0.857143,0
2.352500,0.000000,-0.086689,0.086689,0.857143,0
2.355000,0.000000,-0.084784,0.084784,0.857143,0
2.357500,0.000000,-0.084211,0.084211,0.857143,0
2.360000,0.000000,-0.088221,0.088221,0.857143,0
2.362500,0.000000,-0.115200,0.115200,0.888889,0
2.365000,0.000000,-0.100162,0.100162,0.888889,0
2.367500,0.000000,-0.093788,0.093788,0.888889,0
2.370000,0.000000,-0.105498,0.105498,0.888889,0
2.372500,0.000000,-0.097542,0.097542,0.888889,0
2.375000,0.000000,-0.098912,0.098912,0.888889,0
2.377500,0.000000,-0.099959,0.099959,0.888889,0
2.380000,0.000000,-0.104566,0.104566,0.857143,0
2.382500,0.000000,-0.095737,0.095737,0.857143,0
2.385000,0.000000,-0.100791,0.100791,0.857143,0
2.387500,0.000000,-0.108698,0.108698,0.857143,0
2.390000,0.000000,-0.093715,0.093715,0.857143,0
2.392500,0.000000,-0.092522,0.092522,0.857143,0
2.395000,0.000000,-0.091051,0.091051,0.857143,0
2.397500,0.000000,-0.081111,0.081111,0.857143,0
2.400000,0.000000,-0.085147,0.085147,0.888889,0
2.402500,0.000000,-0.087101,0.087101,0.888889,0
2.405000,0.000000,-0.081390,0.081390,0.888889,0
2.407500,0.000000,-0.094014,0.094014,0.888889,0
2.410000,0.000000,-0.088915,0.088915,0.888889,0
2.412500,0.000000,-0.093584,0.093584,0.888889,0
2.415000,0.000000,-0.082251,0.082251,0.888889,0
2.417500,0.000000,-0.074307,0.074307,0.888889,0
2.420000,0.000000,-0.068284,0.068284,0.952381,0
2.422500,0.000000,-0.081209,0.081209,0.952381,0
2.425000,0.000000,-0.079781,0.079781,0.952381,0
2.427500,0.000000,-0.088408,0.088408,0.952381,0
2.430000,0.000000,-0.086141,0.086141,0.952381,0
2.432500,0.000000,-0.105258,0.105258,0.952381,0
2.435000,0.000000,-0.116580,0.116580,0.952381,0
2.437500,0.000000,-0.101960,0.101960,0.952381,0
2.440000,0.000000,-0.095461,0.095461,0.952381,0
2.442500,0.000000,-0.095950,0.095950,0.952381,0
2.445000,0.000000,-0.101653,0.101653,0.952381,0
2.447500,0.000000,-0.108847,0.108847,0.952381,0
2.450000,0.000000,-0.103708,0.103708,0.952381,0
2.452500,0.000000,-0.103856,0.103856,0.952381,0
2.455000,0.000000,-0.086118,0.086118,0.952381,0
2.457500,0.000000,-0.085289,0.085289,0.952381,0
2.460000,0.000000,-0.082177,0.082177,0.952381,0
2.462500,0.000000,-0.092880,0.092880,0.952381,0
2.465000,0.000000,-0.093515,0.093515,0.952381,0
2.467500,0.000000,-0.089026,0.089026,0.952381,0
2.470000,0.000000,-0.089894,0.089894,0.952381,0
2.472500,0.000000,-0.091808,0.091808,0.952381,0
2.475000,0.000000,-0.085936,0.085936,0.952381,0
2.477500,0.000000,-0.068930,0.068930,0.952381,0
2.480000,0.000000,-0.065664,0.065664,1.015873,0
2.482500,0.000000,-0.053476,0.053476,1.015873,0
2.485000,0.000000,-0.046333,0.046333,1.015873,0
2.487500,0.000000,-0.035193,0.035193,1.015873,0
2.490000,0.000000,-0.039712,0.039712,1.015873,0
2.492500,0.000000,-0.040451,0.040451,1.015873,0
2.495000,0.000000,-0.041132,0.041132,1.015873,0
2.497500,0.000000,-0.034971,0.034971,1.015873,0
2.500000,0.000000,-0.026735,0.026735,1.015873,0
2.502500,0.000000,-0.024821,0.024821,1.015873,0
2.505000,0.000000,-0.016087,0.016087,1.015873,0
2.507500,0.000000,-0.020778,0.020778,1.015873,0
2.510000,0.000000,-0.012062,0.012062,1.015873,0
2.512500,0.000000,-0.002394,0.002394,1.015873,0
2.515000,0.000000,0.003897,-0.003897,1.015873,0
2.517500,0.000000,0.005017,-0.005017,1.015873,0
2.520000,0.000000,0.011614,-0.011614,0.984127,0
2.522500,0.000000,0.002810,-0.002810,0.984127,0
2.525000,0.000000,0.004602,-0.004602,0.984127,0
2.527500,0.000000,0.007307,-0.007307,0.984127,0
2.530000,0.000000,-0.005488,0.005488,0.984127,0
2.532500,0.000000,-0.000834,0.000834,0.984127,0
2.535000,0.000000,-0.012623,0.012623,0.984127,0
2.537500,0.000000,-0.016293,0.016293,0.984127,0
2.540000,0.000000,-0.015430,0.015430,0.984127,0
2.542500,0.000000,-0.021702,0.021702,1.015873,0
2.545000,0.000000,-0.020311,0.020311,1.015873,0
2.547500,0.000000,-0.019106,0.019106,1.015873,0
2.550000,0.000000,-0.026110,0.026110,1.015873,0
2.552500,0.000000,-0.020109,0.020109,1.015873,0
2.555000,0.000000,-0.026576,0.026576,1.015873,0
2.557500,0.000000,-0.004666,0.004666,1.015873,0
2.560000,0.000000,-0.005542,0.005542,1.015873,0
2.562500,0.000000,-0.015923,0.015923,1.047619,0
2.565000,0.000000,-0.024338,0.024338,1.047619,0
2.567500,0.000000,-0.013293,0.013293,1.047619,0
2.570000,0.000000,-0.016608,0.016608,1.047619,0
2.572500,0.000000,-0.028461,0.028461,1.047619,0
2.575000,0.000000,-0.019922,0.019922,1.047619,0
2.577500,0.000000,-0.023115,0.023115,1.047619,0
2.580000,0.000000,-0.016529,0.016529,1.047619,0
2.582500,0.000000,-0.007566,0.007566,1.047619,0
2.585000,0.000000,-0.004857,0.004857,1.047619,0
2.587500,0.000000,0.017053,-0.017053,1.047619,0
2.590000,0.000000,0.000880,-0.000880,1.047619,0
2.592500,0.000000,-0.006588,0.006588,1.047619,0
2.595000,0.000000,-0.008729,0.008729,1.047619,0
2.597500,0.000000,0.012122,-0.012122,1.047619,0
2.600000,0.000000,0.027742,-0.027742,1.079365,0
2.602500,0.000000,0.038416,-0.038416,1.079365,0
2.605000,0.000000,0.030268,-0.030268,1.079365,0
2.607500,0.000000,0.023380,-0.023380,1.079365,0
2.610000,0.000000,0.015332,-0.015332,1.079365,0
2.612500,0.000000,0.007907,-0.007907,1.079365,0
2.615000,0.000000,0.021020,-0.021020,1.079365,0
2.617500,0.000000,0.018246,-0.018246,1.079365,0
2.620000,0.000000,0.016731,-0.016731,1.079365,0
2.622500,0.000000,0.023744,-0.023744,0.984127,0
2.625000,0.000000,0.006872,-0.006872,0.984127,0
2.627500,0.000000,0.007172,-0.007172,0.984127,0
2.630000,0.000000,-0.003661,0.003661,0.984127,0
2.632500,0.000000,-0.006394,0.006394,0.984127,0
2.635000,0.000000,-0.011858,0.011858,0.984127,0
2.637500,0.000000,-0.017647,0.017647,0.984127,0
2.640000,0.000000,-0.014937,0.014937,0.984127,0
2.642500,0.000000,-0.012355,0.012355,0.984127,0
2.645000,0.000000,-0.014092,0.014092,0.984127,0
2.647500,0.000000,-0.010106,0.010106,0.984127,0
2.650000,0.000000,-0.018131,0.018131,0.984127,0
2.652500,0.000000,-0.011049,0.011049,0.984127,0
2.655000,0.000000,-0.012689,0.012689,0.984127,0
2.657500,0.000000,-0.016933,0.016933,0.984127,0
2.660000,0.000000,-0.023299,0.023299,1.111111,0
2.662500,0.000000,-0.024743,0.024743,1.111111,0
2.665000,0.000000,-0.007929,0.007929,1.111111,0
2.667500,0.000000,-0.008260,0.008260,1.111111,0
2.670000,0.000000,-0.017947,0.017947,1.111111,0
2.672500,0.000000,-0.009480,0.009480,1.111111,0
2.675000,0.000000,-0.013323,0.013323,1.111111,0
2.677500,0.000000,-0.010485,0.010485,1.111111,0
2.680000,0.000000,-0.015123,0.015123,1.206349,0
2.682500,0.000000,-0.004322,0.004322,1.206349,0
2.685000,0.000000,-0.009029,0.009029,1.206349,0
2.687500,0.000000,0.002641,-0.002641,1.206349,0
2.690000,0.000000,-0.006036,0.006036,1.206349,0
2.692500,0.000000,-0.008289,0.008289,1.206349,0
2.695000,0.000000,0.003474,-0.003474,1.206349,0
2.697500,0.000000,0.004774,-0.004774,1.206349,0
2.700000,0.000000,0.023473,-0.023473,1.206349,0
2.702500,0.000000,0.020621,-0.020621,1.206349,0
2.705000,0.000000,0.022218,-0.022218,1.206349,0
2.707500,0.000000,0.037518,-0.037518,1.206349,0
2.710000,0.000000,0.023880,-0.023880,1.206349,0
2.712500,0.000000,0.009542,-0.009542,1.206349,0
2.715000,0.000000,0.002621,-0.002621,1.206349,0
2.717500,0.000000,0.009380,-0.009380,1.206349,0
2.720000,0.000000,-0.005458,0.005458,1.111111,0
2.722500,0.000000,0.000099,-0.000099,1.111111,0
2.725000,0.000000,0.004857,-0.004857,1.111111,0
2.727500,0.000000,0.022919,-0.022919,1.111111,0
2.730000,0.000000,0.031706,-0.031706,1.111111,0
2.732500,0.000000,0.034088,-0.034088,1.111111,0
2.735000,0.000000,0.045378,-0.045378,1.111111,0
2.737500,0.000000,0.048945,-0.048945,1.111111,0
2.740000,0.000000,0.042943,-0.042943,1.015873,0
2.742500,0.000000,0.030477,-0.030477,1.015873,0
2.745000,0.000000,0.024012,-0.024012,1.015873,0
2.747500,0.000000,0.022888,-0.022888,1.015873,0
2.750000,0.000000,0.023880,-0.023880,1.015873,0
2.752500,0.000000,0.002554,-0.002554,1.015873,0
2.755000,0.000000,0.000362,-0.000362,1.015873,0
2.757500,0.000000,0.000626,-0.000626,1.015873,0
2.760000,0.000000,0.005586,-0.005586,1.079365,0
2.762500,0.000000,0.020214,-0.020214,1.079365,0
2.765000,0.000000,0.021321,-0.021321,1.079365,0
2.767500,0.000000,0.012441,-0.012441,1.079365,0
2.770000,0.000000,-0.004440,0.004440,1.079365,0
2.772500,0.000000,0.001931,-0.001931,1.079365,0
2.775000,0.000000,-0.006022,0.006022,1.079365,0
2.777500,0.000000,0.002027,-0.002027,1.079365,0
2.780000,0.000000,0.014343,-0.014343,1.111111,0
2.782500,0.000000,0.000261,-0.000261,1.111111,0
2.785000,0.000000,0.005164,-0.005164,1.111111,0
2.787500,0.000000,0.016486,-0.016486,1.111111,0
2.790000,0.000000,0.025067,-0.025067,1.111111,0
2.792500,0.000000,0.005748,-0.005748,1.111111,0
2.795000,0.000000,-0.001997,0.001997,1.111111,0
2.797500,0.000000,-0.013320,0.013320,1.111111,0
2.800000,0.000000,-0.008020,0.008020,1.047619,0
2.802500,0.000000,-0.003915,0.003915,1.047619,0
2.805000,0.000000,-0.029024,0.029024,1.047619,0
2.807500,0.000000,-0.030977,0.030977,1.047619,0
2.810000,0.000000,-0.022590,0.022590,1.047619,0
2.812500,0.000000,-0.020544,0.020544,1.047619,0
2.815000,0.000000,-0.018575,0.018575,1.047619,0
2.817500,0.000000,-0.021427,0.021427,1.047619,0
2.820000,0.000000,-0.030649,0.030649,1.047619,0
2.822500,0.000000,-0.029886,0.029886,1.015873,0
2.825000,0.000000,-0.028487,0.028487,1.015873,0
2.827500,0.000000,-0.021766,0.021766,1.015873,0
2.830000,0.000000,-0.014483,0.014483,1.015873,0
2.832500,0.000000,-0.013231,0.013231,1.015873,0
2.835000,0.000000,-0.002438,0.002438,1.015873,0
2.837500,0.000000,-0.005921,0.005921,1.015873,0
2.840000,0.000000,-0.019427,0.019427,1.015873,0
2.842500,0.000000,-0.013696,0.013696,0.888889,0
2.845000,0.000000,-0.011899,0.011899,0.888889,0
2.847500,0.000000,-0.006259,0.006259,0.888889,0
2.850000,0.000000,-0.019339,0.019339,0.888889,0
2.852500,0.000000,0.000051,-0.000051,0.888889,0
2.855000,0.000000,0.007462,-0.007462,0.888889,0
2.857500,0.000000,0.004222,-0.004222,0.888889,0
2.860000,0.000000,-0.005931,0.005931,0.857143,0
2.862500,0.000000,0.005751,-0.005751,0.857143,0
2.865000,0.000000,-0.006144,0.006144,0.857143,0
2.867500,0.000000,0.017997,-0.017997,0.857143,0
2.870000,0.000000,0.010927,-0.010927,0.857143,0
2.872500,0.000000,0.028661,-0.028661,0.857143,0
2.875000,0.000000,0.025775,-0.025775,0.857143,0
2.877500,0.000000,0.041460,-0.041460,0.857143,0
2.880000,0.000000,0.032967,-0.032967,0.920635,0
2.882500,0.000000,0.032130,-0.032130,0.920635,0
2.885000,0.000000,0.039021,-0.039021,0.920635,0
2.887500,0.000000,0.044298,-0.044298,0.920635,0
2.890000,0.000000,0.053706,-0.053706,0.920635,0
2.892500,0.000000,0.047271,-0.047271,0.920635,0
2.895000,0.000000,0.046638,-0.046638,0.920635,0
2.897500,0.000000,0.057410,-0.057410,0.920635,0
2.900000,0.000000,0.048735,-0.048735,0.920635,0
2.902500,0.000000,0.052594,-0.052594,0.984127,0
2.905000,0.000000,0.049033,-0.049033,0.984127,0
2.907500,0.000000,0.049503,-0.049503,0.984127,0
2.910000,0.000000,0.048837,-0.048837,0.984127,0
2.912500,0.000000,0.040094,-0.040094,0.984127,0
2.915000,0.000000,0.036496,-0.036496,0.984127,0
2.917500,0.000000,0.036770,-0.036770,0.984127,0
2.920000,0.000000,0.034732,-0.034732,0.984127,0
2.922500,0.000000,0.047287,-0.047287,1.079365,0
2.925000,0.000000,0.054695,-0.054695,1.079365,0
2.927500,0.000000,0.055705,-0.055705,1.079365,0
2.930000,0.000000,0.047572,-0.047572,1.079365,0
2.932500,0.000000,0.039111,-0.039111,1.079365,0
2.935000,0.000000,0.055215,-0.055215,1.079365,0
2.937500,0.000000,0.044880,-0.044880,1.079365,0
2.940000,0.000000,0.044641,-0.044641,1.111111,0
2.942500,0.000000,0.046519,-0.046519,1.111111,0
2.945000,0.000000,0.042592,-0.042592,1.111111,0
2.947500,0.000000,0.032827,-0.032827,1.111111,0
2.950000,0.000000,0.025176,-0.025176,1.111111,0
2.952500,0.000000,0.019774,-0.019774,1.111111,0
2.955000,0.000000,0.013099,-0.013099,1.111111,0
2.957500,0.000000,0.024242,-0.024242,1.111111,0
2.960000,0.000000,0.023478,-0.023478,1.079365,0
2.962500,0.000000,0.018146,-0.018146,1.079365,0
2.965000,0.000000,0.018589,-0.018589,1.079365,0
2.967500,0.000000,0.024031,-0.024031,1.079365,0
2.970000,0.000000,0.020270,-0.020270,1.079365,0
2.972500,0.000000,0.027768,-0.027768,1.079365,0
2.975000,0.000000,0.015597,-0.015597,1.079365,0
2.977500,0.000000,0.025653,-0.025653,1.079365,0
2.980000,0.000000,0.024904,-0.024904,1.174603,0
2.982500,0.000000,0.023847,-0.023847,1.174603,0
2.985000,0.000000,0.017423,-0.017423,1.174603,0
2.987500,0.000000,0.006672,-0.006672,1.174603,0
2.990000,0.000000,-0.007503,0.007503,1.174603,0
2.992500,0.000000,-0.013723,0.013723,1.174603,0
2.995000,0.000000,-0.008401,0.008401,1.174603,0
2.997500,0.000000,-0.016299,0.016299,1.174603,0
3.000000,0.000000,-0.028671,0.028671,1.206349,0
3.002500,0.000000,-0.035450,0.035450,1.206349,0
3.005000,0.000000,-0.037714,0.037714,1.206349,0
3.007500,0.000000,-0.039597,0.039597,1.206349,0
3.010000,0.000000,-0.039627,0.039627,1.206349,0
3.012500,0.000000,-0.029957,0.029957,1.206349,0
3.015000,0.000000,-0.018713,0.018713,1.206349,0
3.017500,0.000000,-0.001411,0.001411,1.206349,0
3.020000,0.000000,-0.015012,0.015012,1.206349,0
3.022500,0.000000,-0.022327,0.022327,1.111111,0
3.025000,0.000000,-0.015372,0.015372,1.111111,0
3.027500,0.000000,-0.019036,0.019036,1.111111,0
3.030000,0.000000,-0.010716,0.010716,1.111111,0
3.032500,0.000000,-0.008540,0.008540,1.111111,0
3.035000,0.000000,0.005956,-0.005956,1.111111,0
3.037500,0.000000,0.015193,-0.015193,1.111111,0
3.040000,0.000000,0.025363,-0.025363,0.984127,0
3.042500,0.000000,0.020440,-0.020440,0.984127,0
3.045000,0.000000,0.018824,-0.018824,0.984127,0
3.047500,0.000000,0.015197,-0.015197,0.984127,0
3.050000,0.000000,-0.000206,0.000206,0.984127,0
3.052500,0.000000,0.014349,-0.014349,0.984127,0
3.055000,0.000000,0.021251,-0.021251,0.984127,0
3.057500,0.000000,0.017196,-0.017196,0.984127,0
3.060000,0.000000,0.029822,-0.029822,0.952381,0
3.062500,0.000000,0.022526,-0.022526,0.952381,0
3.065000,0.000000,0.003356,-0.003356,0.952381,0
3.067500,0.000000,0.013337,-0.013337,0.952381,0
3.070000,0.000000,0.000145,-0.000145,0.952381,0
3.072500,0.000000,-0.001810,0.001810,0.952381,0
3.075000,0.000000,0.000296,-0.000296,0.952381,0
3.077500,0.000000,0.004111,-0.004111,0.952381,0
3.080000,0.000000,0.012632,-0.012632,0.920635,0
3.082500,0.000000,0.018134,-0.018134,0.920635,0
3.085000,0.000000,0.023130,-0.023130,0.920635,0
3.087500,0.000000,0.014388,-0.014388,0.920635,0
3.090000,0.000000,0.016899,-0.016899,0.920635,0
3.092500,0.000000,0.001192,-0.001192,0.920635,0
3.095000,0.000000,0.016861,-0.016861,0.920635,0
3.097500,0.000000,0.002250,-0.002250,0.920635,0
3.100000,0.000000,-0.001292,0.001292,0.920635,0
3.102500,0.000000,-0.014441,0.014441,0.920635,0
3.105000,0.000000,-0.021276,0.021276,0.920635,0
3.107500,0.000000,-0.020471,0.020471,0.920635,0
3.110000,0.000000,-0.025091,0.025091,0.920635,0
3.112500,0.000000,-0.012924,0.012924,0.920635,0
3.115000,0.000000,-0.010265,0.010265,0.920635,0
3.117500,0.000000,-0.014535,0.014535,0.920635,0
3.120000,0.000000,-0.015378,0.015378,0.952381,0
3.122500,0.000000,-0.003179,0.003179,0.952381,0
3.125000,0.000000,0.005659,-0.005659,0.952381,0
3.127500,0.000000,-0.005464,0.005464,0.952381,0
3.130000,0.000000,-0.011842,0.011842,0.952381,0
3.132500,0.000000,-0.006917,0.006917,0.952381,0
3.135000,0.000000,-0.003310,0.003310,0.952381,0
3.137500,0.000000,-0.013306,0.013306,0.952381,0
3.140000,0.000000,-0.005229,0.005229,0.888889,0
3.142500,0.000000,-0.014138,0.014138,0.888889,0
3.145000,0.000000,-0.000422,0.000422,0.888889,0
3.147500,0.000000,0.004968,-0.004968,0.888889,0
3.150000,0.000000,-0.006667,0.006667,0.888889,0
3.152500,0.000000,-0.011809,0.011809,0.888889,0
3.155000,0.000000,-0.016956,0.016956,0.888889,0
3.157500,0.000000,-0.014801,0.014801,0.888889,0
3.160000,0.000000,-0.016250,0.016250,0.984127,0
3.162500,0.000000,-0.026357,0.026357,0.984127,0
3.165000,0.000000,-0.038483,0.038483,0.984127,0
3.167500,0.000000,-0.032270,0.032270,0.984127,0
3.170000,0.000000,-0.028669,0.028669,0.984127,0
3.172500,0.000000,-0.026848,0.026848,0.984127,0
3.175000,0.000000,-0.023542,0.023542,0.984127,0
3.177500,0.000000,-0.028608,0.028608,0.984127,0
3.180000,0.000000,-0.026123,0.026123,1.015873,0
3.182500,0.000000,-0.002345,0.002345,1.015873,0
3.185000,0.000000,0.008395,-0.008395,1.015873,0
3.187500,0.000000,0.005529,-0.005529,1.015873,0
3.190000,0.000000,0.000600,-0.000600,1.015873,0
3.192500,0.000000,-0.025519,0.025519,1.015873,0
3.195000,0.000000,-0.015018,0.015018,1.015873,0
3.197500,0.000000,-0.007388,0.007388,1.015873,0
3.200000,0.000000,-0.012154,0.012154,1.015873,0
3.202500,0.000000,-0.024927,0.024927,1.015873,0
3.205000,0.000000,-0.034805,0.034805,1.015873,0
3.207500,0.000000,-0.029712,0.029712,1.015873,0
3.210000,0.000000,-0.029670,0.029670,1.015873,0
3.212500,0.000000,-0.022443,0.022443,1.015873,0
3.215000,0.000000,-0.020994,0.020994,1.015873,0
3.217500,0.000000,-0.011473,0.011473,1.015873,0
3.220000,0.000000,-0.007731,0.007731,1.015873,0
3.222500,0.000000,0.000143,-0.000143,1.015873,0
3.225000,0.000000,-0.019156,0.019156,1.015873,0
3.227500,0.000000,-0.030000,0.030000,1.015873,0
3.230000,0.000000,-0.032491,0.032491,1.015873,0
3.232500,0.000000,-0.021556,0.021556,1.015873,0
3.235000,0.000000,-0.003525,0.003525,1.015873,0
3.237500,0.000000,-0.004942,0.004942,1.015873,0
3.240000,0.000000,-0.010618,0.010618,0.984127,0
3.242500,0.000000,-0.028911,0.028911,0.984127,0
3.245000,0.000000,-0.019822,0.019822,0.984127,0
3.247500,0.000000,-0.024460,0.024460,0.984127,0
3.250000,0.000000,0.004410,-0.004410,0.984127,0
3.252500,0.000000,-0.002752,0.002752,0.984127,0
3.255000,0.000000,0.017339,-0.017339,0.984127,0
3.257500,0.000000,0.023929,-0.023929,0.984127,0
3.260000,0.000000,0.013443,-0.013443,0.984127,0
3.262500,0.000000,0.015244,-0.015244,0.984127,0
3.265000,0.000000,0.022110,-0.022110,0.984127,0
3.267500,0.000000,0.019308,-0.019308,0.984127,0
3.270000,0.000000,0.026682,-0.026682,0.984127,0
3.272500,0.000000,0.033623,-0.033623,0.984127,0
3.275000,0.000000,0.038272,-0.038272,0.984127,0
3.277500,0.000000,0.036968,-0.036968,0.984127,0
3.280000,0.000000,0.025055,-0.025055,1.015873,0
3.282500,0.000000,0.023615,-0.023615,1.015873,0
3.285000,0.000000,0.024551,-0.024551,1.015873,0
3.287500,0.000000,0.006501,-0.006501,1.015873,0
3.290000,0.000000,0.007875,-0.007875,1.015873,0
3.292500,0.000000,0.006750,-0.006750,1.015873,0
3.295000,0.000000,-0.005446,0.005446,1.015873,0
3.297500,0.000000,-0.008369,0.008369,1.015873,0
3.300000,0.000000,-0.011087,0.011087,0.984127,0
3.302500,0.000000,0.007622,-0.007622,0.984127,0
3.305000,0.000000,0.009488,-0.009488,0.984127,0
3.307500,0.000000,0.019059,-0.019059,0.984127,0
3.310000,0.000000,0.017365,-0.017365,0.984127,0
3.312500,0.000000,-0.000973,0.000973,0.984127,0
3.315000,0.000000,0.005447,-0.005447,0.984127,0
3.317500,0.000000,-0.000971,0.000971,0.984127,0
3.320000,0.000000,-0.004222,0.004222,0.952381,0
3.322500,0.000000,-0.014375,0.014375,0.952381,0
3.325000,0.000000,-0.013222,0.013222,0.952381,0
3.327500,0.000000,-0.002432,0.002432,0.952381,0
3.330000,0.000000,0.006725,-0.006725,0.952381,0
3.332500,0.000000,0.021951,-0.021951,0.952381,0
3.335000,0.000000,0.038075,-0.038075,0.952381,0
3.337500,0.000000,0.017031,-0.017031,0.952381,0
3.340000,0.000000,0.004557,-0.004557,0.920635,0
3.342500,0.000000,-0.013640,0.013640,0.920635,0
3.345000,0.000000,-0.006910,0.006910,0.920635,0
3.347500,0.000000,-0.013593,0.013593,0.920635,0
3.350000,0.000000,-0.018029,0.018029,0.920635,0
3.352500,0.000000,-0.019614,0.019614,0.920635,0
3.355000,0.000000,-0.015204,0.015204,0.920635,0
3.357500,0.000000,-0.029445,0.029445,0.920635,0
3.360000,0.000000,-0.040646,0.040646,0.952381,0
3.362500,0.000000,-0.039399,0.039399,0.952381,0
3.365000,0.000000,-0.026684,0.026684,0.952381,0
3.367500,0.000000,-0.026118,0.026118,0.952381,0
3.370000,0.000000,-0.032930,0.032930,0.952381,0
3.372500,0.000000,-0.052566,0.052566,0.952381,0
3.375000,0.000000,-0.041818,0.041818,0.952381,0
3.377500,0.000000,-0.047616,0.047616,0.952381,0
3.380000,0.000000,-0.056919,0.056919,0.984127,0
3.382500,0.000000,-0.071258,0.071258,0.984127,0
3.385000,0.000000,-0.082603,0.082603,0.984127,0
3.387500,0.000000,-0.089150,0.089150,0.984127,0
3.390000,0.000000,-0.088747,0.088747,0.984127,0
3.392500,0.000000,-0.097439,0.097439,0.984127,0
3.395000,0.000000,-0.092811,0.092811,0.984127,0
3.397500,0.000000,-0.092370,0.092370,0.984127,0
3.400000,0.000000,-0.068096,0.068096,0.952381,0
3.402500,0.000000,-0.082469,0.082469,0.952381,0
3.405000,0.000000,-0.078394,0.078394,0.952381,0
3.407500,0.000000,-0.074325,0.074325,0.952381,0
3.410000,0.000000,-0.081996,0.081996,0.952381,0
3.412500,0.000000,-0.078578,0.078578,0.952381,0
3.415000,0.000000,-0.068766,0.068766,0.952381,0
3.417500,0.000000,-0.065741,0.065741,0.952381,0
3.420000,0.000000,-0.049939,0.049939,0.920635,0
3.422500,0.000000,-0.069960,0.069960,0.920635,0
3.425000,0.000000,-0.076109,0.076109,0.920635,0
3.427500,0.000000,-0.059136,0.059136,0.920635,0
3.430000,0.000000,-0.048274,0.048274,0.920635,0
3.432500,0.000000,-0.041429,0.041429,0.920635,0
3.435000,0.000000,-0.027968,0.027968,0.920635,0
3.437500,0.000000,-0.045992,0.045992,0.920635,0
3.440000,0.000000,-0.036432,0.036432,0.888889,0
3.442500,0.000000,-0.024469,0.024469,0.888889,0
3.445000,0.000000,-0.030356,0.030356,0.888889,0
3.447500,0.000000,-0.002796,0.002796,0.888889,0
3.450000,0.000000,-0.000723,0.000723,0.888889,0
3.452500,0.000000,-0.022819,0.022819,0.888889,0
3.455000,0.000000,-0.018250,0.018250,0.888889,0
3.457500,0.000000,-0.024914,0.024914,0.888889,0
3.460000,0.000000,-0.013141,0.013141,0.952381,0
3.462500,0.000000,-0.007557,0.007557,0.952381,0
3.465000,0.000000,-0.012999,0.012999,0.952381,0
3.467500,0.000000,0.001646,-0.001646,0.952381,0
3.470000,0.000000,0.010516,-0.010516,0.952381,0
3.472500,0.000000,0.002334,-0.002334,0.952381,0
3.475000,0.000000,0.000819,-0.000819,0.952381,0
3.477500,0.000000,0.005711,-0.005711,0.952381,0
3.480000,0.000000,0.002176,-0.002176,0.984127,0
3.482500,0.000000,-0.000984,0.000984,0.984127,0
3.485000,0.000000,-0.000615,0.000615,0.984127,0
3.487500,0.000000,-0.010489,0.010489,0.984127,0
3.490000,0.000000,-0.030928,0.030928,0.984127,0
3.492500,0.000000,-0.027794,0.027794,0.984127,0
3.495000,0.000000,-0.045494,0.045494,0.984127,0
3.497500,0.000000,-0.053408,0.053408,0.984127,0
3.500000,0.000000,-0.067184,0.067184,1.079365,0
3.502500,0.000000,-0.079564,0.079564,1.079365,0
3.505000,0.000000,-0.073702,0.073702,1.079365,0
3.507500,0.000000,-0.073609,0.073609,1.079365,0
3.510000,0.000000,-0.073832,0.073832,1.079365,0
3.512500,0.000000,-0.083264,0.083264,1.079365,0
3.515000,0.000000,-0.086693,0.086693,1.079365,0
3.517500,0.000000,-0.080998,0.080998,1.079365,0
3.520000,0.000000,-0.079160,0.079160,1.047619,0
3.522500,0.000000,-0.069484,0.069484,1.047619,0
3.525000,0.000000,-0.058788,0.058788,1.047619,0
3.527500,0.000000,-0.059387,0.059387,1.047619,0
3.530000,0.000000,-0.074445,0.074445,1.047619,0
3.532500,0.000000,-0.079165,0.079165,1.047619,0
3.535000,0.000000,-0.077781,0.077781,1.047619,0
3.537500,0.000000,-0.082593,0.082593,1.047619,0
3.540000,0.000000,-0.089995,0.089995,1.015873,0
3.542500,0.000000,-0.086690,0.086690,1.015873,0
3.545000,0.000000,-0.061461,0.061461,1.015873,0
3.547500,0.000000,-0.064202,0.064202,1.015873,0
3.550000,0.000000,-0.062335,0.062335,1.015873,0
3.552500,0.000000,-0.072735,0.072735,1.015873,0
3.555000,0.000000,-0.058991,0.058991,1.015873,0
3.557500,0.000000,-0.049091,0.049091,1.015873,0
3.560000,0.000000,-0.040127,0.040127,1.015873,0
3.562500,0.000000,-0.026260,0.026260,1.015873,0
3.565000,0.000000,-0.029472,0.029472,1.015873,0
3.567500,0.000000,-0.031423,0.031423,1.015873,0
3.570000,0.000000,-0.014548,0.014548,1.015873,0
3.572500,0.000000,-0.008217,0.008217,1.015873,0
3.575000,0.000000,-0.028674,0.028674,1.015873,0
3.577500,0.000000,-0.023586,0.023586,1.015873,0
3.580000,0.000000,-0.028316,0.028316,1.015873,0
3.582500,0.000000,-0.019103,0.019103,1.015873,0
3.585000,0.000000,-0.014733,0.014733,1.015873,0
3.587500,0.000000,-0.030532,0.030532,1.015873,0
3.590000,0.000000,-0.027124,0.027124,1.015873,0
3.592500,0.000000,-0.024360,0.024360,1.015873,0
3.595000,0.000000,-0.020251,0.020251,1.015873,0
3.597500,0.000000,-0.014286,0.014286,1.015873,0
3.600000,0.000000,0.000087,-0.000087,1.015873,0
3.602500,0.000000,0.003945,-0.003945,1.015873,0
3.605000,0.000000,0.004042,-0.004042,1.015873,0
3.607500,0.000000,0.014630,-0.014630,1.015873,0
3.610000,0.000000,0.035115,-0.035115,1.015873,0
3.612500,0.000000,0.042614,-0.042614,1.015873,0
3.615000,0.000000,0.043280,-0.043280,1.015873,0
3.617500,0.000000,0.046038,-0.046038,1.015873,0
3.620000,0.000000,0.047272,-0.047272,0.825397,0
3.622500,0.000000,0.045817,-0.045817,0.825397,0
3.625000,0.000000,0.068153,-0.068153,0.825397,0
3.627500,0.000000,0.057542,-0.057542,0.825397,0
3.630000,0.000000,0.068196,-0.068196,0.825397,0
3.632500,0.000000,0.064472,-0.064472,0.825397,0
3.635000,0.000000,0.046184,-0.046184,0.825397,0
3.637500,0.000000,0.042567,-0.042567,0.825397,0
3.640000,0.000000,0.034701,-0.034701,0.761905,0
3.642500,0.000000,0.040071,-0.040071,0.761905,0
3.645000,0.000000,0.039667,-0.039667,0.761905,0
3.647500,0.000000,0.026631,-0.026631,0.761905,0
3.650000,0.000000,0.042313,-0.042313,0.761905,0
3.652500,0.000000,0.053081,-0.053081,0.761905,0
3.655000,0.000000,0.068984,-0.068984,0.761905,0
3.657500,0.000000,0.069195,-0.069195,0.761905,0
3.660000,0.000000,0.066257,-0.066257,0.730159,0
3.662500,0.000000,0.071933,-0.071933,0.730159,0
3.665000,0.000000,0.062723,-0.062723,0.730159,0
3.667500,0.000000,0.061945,-0.061945,0.730159,0
3.670000,0.000000,0.057726,-0.057726,0.730159,0
3.672500,0.000000,0.039128,-0.039128,0.730159,0
3.675000,0.000000,0.039170,-0.039170,0.730159,0
3.677500,0.000000,0.032818,-0.032818,0.730159,0
3.680000,0.000000,0.028934,-0.028934,0.730159,0
3.682500,0.000000,0.031676,-0.031676,0.825397,0
3.685000,0.000000,0.043494,-0.043494,0.825397,0
3.687500,0.000000,0.033543,-0.033543,0.825397,0
3.690000,0.000000,0.029073,-0.029073,0.825397,0
3.692500,0.000000,0.020412,-0.020412,0.825397,0
3.695000,0.000000,0.011363,-0.011363,0.825397,0
3.697500,0.000000,0.004981,-0.004981,0.825397,0
3.700000,0.000000,0.002832,-0.002832,0.825397,0
3.702500,0.000000,0.008679,-0.008679,0.825397,0
3.705000,0.000000,0.011649,-0.011649,0.825397,0
3.707500,0.000000,0.000554,-0.000554,0.825397,0
3.710000,0.000000,0.013672,-0.013672,0.825397,0
3.712500,0.000000,0.022823,-0.022823,0.825397,0
3.715000,0.000000,0.012935,-0.012935,0.825397,0
3.717500,0.000000,0.024960,-0.024960,0.825397,0
3.720000,0.000000,0.027325,-0.027325,0.888889,0
3.722500,0.000000,0.025004,-0.025004,0.888889,0
3.725000,0.000000,0.027676,-0.027676,0.888889,0
3.727500,0.000000,0.026589,-0.026589,0.888889,0
3.730000,0.000000,0.031021,-0.031021,0.888889,0
3.732500,0.000000,0.031881,-0.031881,0.888889,0
3.735000,0.000000,0.027653,-0.027653,0.888889,0
3.737500,0.000000,0.007231,-0.007231,0.888889,0
3.740000,0.000000,0.012112,-0.012112,0.888889,0
3.742500,0.000000,0.008120,-0.008120,0.888889,0
3.745000,0.000000,0.015419,-0.015419,0.888889,0
3.747500,0.000000,0.019625,-0.019625,0.888889,0
3.750000,0.000000,0.015640,-0.015640,0.888889,0
3.752500,0.000000,0.025119,-0.025119,0.888889,0
3.755000,0.000000,0.026342,-0.026342,0.888889,0
3.757500,0.000000,0.027125,-0.027125,0.888889,0
3.760000,0.000000,0.025067,-0.025067,0.952381,0
3.762500,0.000000,0.039853,-0.039853,0.952381,0
3.765000,0.000000,0.032099,-0.032099,0.952381,0
3.767500,0.000000,0.028171,-0.028171,0.952381,0
3.770000,0.000000,0.015862,-0.015862,0.952381,0
3.772500,0.000000,0.022153,-0.022153,0.952381,0
3.775000,0.000000,0.016077,-0.016077,0.952381,0
3.777500,0.000000,0.011216,-0.011216,0.952381,0
3.780000,0.000000,0.006711,-0.006711,1.111111,0
3.782500,0.000000,0.007051,-0.007051,1.111111,0
3.785000,0.000000,-0.003438,0.003438,1.111111,0
3.787500,0.000000,-0.021916,0.021916,1.111111,0
3.790000,0.000000,-0.017534,0.017534,1.111111,0
3.792500,0.000000,-0.034717,0.034717,1.111111,0
3.795000,0.000000,-0.026638,0.026638,1.111111,0
3.797500,0.000000,-0.012817,0.012817,1.111111,0
3.800000,0.000000,-0.013811,0.013811,1.174603,0
3.802500,0.000000,-0.002973,0.002973,1.174603,0
3.805000,0.000000,-0.003093,0.003093,1.174603,0
3.807500,0.000000,0.010000,-0.010000,1.174603,0
3.810000,0.000000,0.006015,-0.006015,1.174603,0
3.812500,0.000000,-0.013530,0.013530,1.174603,0
3.815000,0.000000,-0.013835,0.013835,1.174603,0
3.817500,0.000000,0.000623,-0.000623,1.174603,0
3.820000,0.000000,0.004832,-0.004832,1.238095,0
3.822500,0.000000,0.000625,-0.000625,1.238095,0
3.825000,0.000000,0.003227,-0.003227,1.238095,0
3.827500,0.000000,0.010904,-0.010904,1.238095,0
3.830000,0.000000,0.009941,-0.009941,1.238095,0
3.832500,0.000000,0.030813,-0.030813,1.238095,0
3.835000,0.000000,0.025852,-0.025852,1.238095,0
3.837500,0.000000,0.033303,-0.033303,1.238095,0
3.840000,0.000000,0.038631,-0.038631,1.238095,0
3.842500,0.000000,0.031943,-0.031943,1.238095,0
3.845000,0.000000,0.027657,-0.027657,1.238095,0
3.847500,0.000000,0.035266,-0.035266,1.238095,0
3.850000,0.000000,0.035539,-0.035539,1.238095,0
3.852500,0.000000,0.037392,-0.037392,1.238095,0
3.855000,0.000000,0.022958,-0.022958,1.238095,0
3.857500,0.000000,0.027768,-0.027768,1.238095,0
3.860000,0.000000,0.029415,-0.029415,1.238095,0
3.862500,0.000000,0.028174,-0.028174,1.301587,0
3.865000,0.000000,0.030329,-0.030329,1.301587,0
3.867500,0.000000,0.026314,-0.026314,1.301587,0
3.870000,0.000000,0.020934,-0.020934,1.301587,0
3.872500,0.000000,0.018473,-0.018473,1.301587,0
3.875000,0.000000,0.014289,-0.014289,1.301587,0
3.877500,0.000000,0.031419,-0.031419,1.301587,0
3.880000,0.000000,0.038098,-0.038098,1.269841,0
3.882500,0.000000,0.029135,-0.029135,1.269841,0
3.885000,0.000000,0.045157,-0.045157,1.269841,0
3.887500,0.000000,0.040407,-0.040407,1.269841,0
3.890000,0.000000,0.039595,-0.039595,1.269841,0
3.892500,0.000000,0.045981,-0.045981,1.269841,0
3.895000,0.000000,0.028471,-0.028471,1.269841,0
3.897500,0.000000,0.025761,-0.025761,1.269841,0
3.900000,0.000000,0.020206,-0.020206,1.238095,0
3.902500,0.000000,0.021404,-0.021404,1.238095,0
3.905000,0.000000,0.023970,-0.023970,1.238095,0
3.907500,0.000000,0.022671,-0.022671,1.238095,0
3.910000,0.000000,0.021012,-0.021012,1.238095,0
3.912500,0.000000,0.029495,-0.029495,1.238095,0
3.915000,0.000000,0.031264,-0.031264,1.238095,0
3.917500,0.000000,0.030776,-0.030776,1.238095,0
3.920000,0.000000,0.031227,-0.031227,1.174603,0
3.922500,0.000000,0.046689,-0.046689,1.174603,0
3.925000,0.000000,0.046912,-0.046912,1.174603,0
3.927500,0.000000,0.041024,-0.041024,1.174603,0
3.930000,0.000000,0.022930,-0.022930,1.174603,0
3.932500,0.000000,0.009571,-0.009571,1.174603,0
3.935000,0.000000,0.005165,-0.005165,1.174603,0
3.937500,0.000000,0.004061,-0.004061,1.174603,0
3.940000,0.000000,-0.001362,0.001362,1.079365,0
3.942500,0.000000,0.002020,-0.002020,1.079365,0
3.945000,0.000000,-0.003435,0.003435,1.079365,0
3.947500,0.000000,-0.011986,0.011986,1.079365,0
3.950000,0.000000,-0.005844,0.005844,1.079365,0
3.952500,0.000000,0.007230,-0.007230,1.079365,0
3.955000,0.000000,-0.003393,0.003393,1.079365,0
3.957500,0.000000,-0.001006,0.001006,1.079365,0
3.960000,0.000000,-0.019292,0.019292,1.047619,0
3.962500,0.000000,-0.032849,0.032849,1.047619,0
3.965000,0.000000,-0.037488,0.037488,1.047619,0
3.967500,0.000000,-0.025522,0.025522,1.047619,0
3.970000,0.000000,-0.032171,0.032171,1.047619,0
3.972500,0.000000,-0.038963,0.038963,1.047619,0
3.975000,0.000000,-0.037451,0.037451,1.047619,0
3.977500,0.000000,-0.035978,0.035978,1.047619,0
3.980000,0.000000,-0.042501,0.042501,1.015873,0
3.982500,0.000000,-0.021945,0.021945,1.015873,0
3.985000,0.000000,-0.023841,0.023841,1.015873,0
3.987500,0.000000,-0.022017,0.022017,1.015873,0
3.990000,0.000000,-0.025216,0.025216,1.015873,0
3.992500,0.000000,-0.020220,0.020220,1.015873,0
3.995000,0.000000,-0.007754,0.007754,1.015873,0
3.997500,0.000000,0.008421,-0.008421,1.015873,0
4.000000,0.000000,0.000874,-0.000874,1.015873,0
4.002500,0.000000,0.011362,-0.011362,1.015873,0
4.005000,0.000000,0.016263,-0.016263,1.015873,0
4.007500,0.000000,0.025057,-0.025057,1.015873,0
4.010000,0.000000,0.023429,-0.023429,1.015873,0
4.012500,0.000000,0.020947,-0.020947,1.015873,0
4.015000,0.000000,0.029201,-0.029201,1.015873,0
4.017500,0.000000,0.037379,-0.037379,1.015873,0
4.020000,0.000000,0.051092,-0.051092,1.015873,0
4.022500,0.000000,0.051442,-0.051442,1.015873,0
4.025000,0.000000,0.048893,-0.048893,1.015873,0
4.027500,0.000000,0.024188,-0.024188,1.015873,0
4.030000,0.000000,0.008251,-0.008251,1.015873,0
4.032500,0.000000,0.004285,-0.004285,1.015873,0
4.035000,0.000000,-0.006224,0.006224,1.015873,0
4.037500,0.000000,0.001633,-0.001633,1.015873,0
4.040000,0.000000,-0.011477,0.011477,0.952381,0
4.042500,0.000000,-0.016101,0.016101,0.952381,0
4.045000,0.000000,-0.020181,0.020181,0.952381,0
4.047500,0.000000,-0.007617,0.007617,0.952381,0
4.050000,0.000000,-0.013392,0.013392,0.952381,0
4.052500,0.000000,-0.008509,0.008509,0.952381,0
4.055000,0.000000,-0.006316,0.006316,0.952381,0
4.057500,0.000000,0.002766,-0.002766,0.952381,0
4.060000,0.000000,0.011280,-0.011280,0.920635,0
4.062500,0.000000,0.010582,-0.010582,0.920635,0
4.065000,0.000000,-0.006842,0.006842,0.920635,0
4.067500,0.000000,-0.008955,0.008955,0.920635,0
4.070000,0.000000,-0.008871,0.008871,0.920635,0
4.072500,0.000000,-0.005725,0.005725,0.920635,0
4.075000,0.000000,-0.012919,0.012919,0.920635,0
4.077500,0.000000,-0.001120,0.001120,0.920635,0
4.080000,0.000000,-0.000949,0.000949,0.920635,0
4.082500,0.000000,-0.009816,0.009816,0.952381,0
4.085000,0.000000,-0.013943,0.013943,0.952381,0
4.087500,0.000000,0.005106,-0.005106,0.952381,0
4.090000,0.000000,0.011364,-0.011364,0.952381,0
4.092500,0.000000,0.021135,-0.021135,0.952381,0
4.095000,0.000000,0.010442,-0.010442,0.952381,0
4.097500,0.000000,0.003480,-0.003480,0.952381,0
4.100000,0.000000,-0.002827,0.002827,1.015873,0
4.102500,0.000000,-0.001064,0.001064,1.015873,0
4.105000,0.000000,-0.002622,0.002622,1.015873,0
4.107500,0.000000,-0.007022,0.007022,1.015873,0
4.110000,0.000000,-0.010152,0.010152,1.015873,0
4.112500,0.000000,-0.017134,0.017134,1.015873,0
4.115000,0.000000,-0.018287,0.018287,1.015873,0
4.117500,0.000000,-0.007534,0.007534,1.015873,0
4.120000,0.000000,-0.021222,0.021222,1.015873,0
4.122500,0.000000,-0.017074,0.017074,0.920635,0
4.125000,0.000000,-0.002715,0.002715,0.920635,0
4.127500,0.000000,-0.004461,0.004461,0.920635,0
4.130000,0.000000,-0.009598,0.009598,0.920635,0
4.132500,0.000000,-0.000085,0.000085,0.920635,0
4.135000,0.000000,-0.009878,0.009878,0.920635,0
4.137500,0.000000,-0.009793,0.009793,0.920635,0
4.140000,0.000000,-0.019516,0.019516,0.952381,0
4.142500,0.000000,-0.036939,0.036939,0.952381,0
4.145000,0.000000,-0.037278,0.037278,0.952381,0
4.147500,0.000000,-0.048310,0.048310,0.952381,0
4.150000,0.000000,-0.046952,0.046952,0.952381,0
4.152500,0.000000,-0.034788,0.034788,0.952381,0
4.155000,0.000000,-0.015881,0.015881,0.952381,0
4.157500,0.000000,-0.014498,0.014498,0.952381,0
4.160000,0.000000,-0.002494,0.002494,0.793651,0
4.162500,0.000000,0.002068,-0.002068,0.793651,0
4.165000,0.000000,-0.002280,0.002280,0.793651,0
4.167500,0.000000,-0.023579,0.023579,0.793651,0
4.170000,0.000000,-0.004765,0.004765,0.793651,0
4.172500,0.000000,-0.016156,0.016156,0.793651,0
4.175000,0.000000,-0.000418,0.000418,0.793651,0
4.177500,0.000000,0.005468,-0.005468,0.793651,0
4.180000,0.000000,-0.005003,0.005003,0.825397,0
4.182500,0.000000,-0.001554,0.001554,0.825397,0
4.185000,0.000000,0.020897,-0.020897,0.825397,0
4.187500,0.000000,0.036303,-0.036303,0.825397,0
4.190000,0.000000,0.029735,-0.029735,0.825397,0
4.192500,0.000000,0.021311,-0.021311,0.825397,0
4.195000,0.000000,0.021653,-0.021653,0.825397,0
4.197500,0.000000,0.019214,-0.019214,0.825397,0
4.200000,0.000000,0.030334,-0.030334,0.888889,0
4.202500,0.000000,0.036624,-0.036624,0.888889,0
4.205000,0.000000,0.018943,-0.018943,0.888889,0
4.207500,0.000000,0.022845,-0.022845,0.888889,0
4.210000,0.000000,0.020384,-0.020384,0.888889,0
4.212500,0.000000,0.020116,-0.020116,0.888889,0
4.215000,0.000000,0.021933,-0.021933,0.888889,0
4.217500,0.000000,0.033013,-0.033013,0.888889,0
4.220000,0.000000,0.041085,-0.041085,0.952381,0
4.222500,0.000000,0.032937,-0.032937,0.952381,0
4.225000,0.000000,0.031426,-0.031426,0.952381,0
4.227500,0.000000,0.026330,-0.026330,0.952381,0
4.230000,0.000000,0.009882,-0.009882,0.952381,0
4.232500,0.000000,0.008569,-0.008569,0.952381,0
4.235000,0.000000,0.025566,-0.025566,0.952381,0
4.237500,0.000000,0.008775,-0.008775,0.952381,0
4.240000,0.000000,0.008289,-0.008289,0.952381,0
4.242500,0.000000,0.007492,-0.007492,0.920635,0
4.245000,0.000000,0.010048,-0.010048,0.920635,0
4.247500,0.000000,0.000418,-0.000418,0.920635,0
4.250000,0.000000,-0.013400,0.013400,0.920635,0
4.252500,0.000000,-0.026349,0.026349,0.920635,0
4.255000,0.000000,-0.012639,0.012639,0.920635,0
4.257500,0.000000,-0.021781,0.021781,0.920635,0
4.260000,0.000000,-0.025836,0.025836,0.952381,0
4.262500,0.000000,-0.005226,0.005226,0.952381,0
4.265000,0.000000,-0.011999,0.011999,0.952381,0
4.267500,0.000000,-0.008406,0.008406,0.952381,0
4.270000,0.000000,0.001904,-0.001904,0.952381,0
4.272500,0.000000,0.011460,-0.011460,0.952381,0
4.275000,0.000000,-0.001496,0.001496,0.952381,0
4.277500,0.000000,-0.008214,0.008214,0.952381,0
4.280000,0.000000,-0.005099,0.005099,0.952381,0
4.282500,0.000000,0.013367,-0.013367,0.952381,0
4.285000,0.000000,0.005732,-0.005732,0.952381,0
4.287500,0.000000,0.000867,-0.000867,0.952381,0
4.290000,0.000000,0.004832,-0.004832,0.952381,0
4.292500,0.000000,0.010583,-0.010583,0.952381,0
4.295000,0.000000,0.016741,-0.016741,0.952381,0
4.297500,0.000000,0.008175,-0.008175,0.952381,0
4.300000,0.000000,0.002858,-0.002858,0.952381,0
4.302500,0.000000,0.004826,-0.004826,0.952381,0
4.305000,0.000000,0.016721,-0.016721,0.952381,0
4.307500,0.000000,0.013941,-0.013941,0.952381,0
4.310000,0.000000,0.013307,-0.013307,0.952381,0
4.312500,0.000000,0.003109,-0.003109,0.952381,0
4.315000,0.000000,0.020812,-0.020812,0.952381,0
4.317500,0.000000,0.021657,-0.021657,0.952381,0
4.320000,0.000000,0.030769,-0.030769,1.015873,0
4.322500,0.000000,0.030160,-0.030160,1.015873,0
4.325000,0.000000,0.030068,-0.030068,1.015873,0
4.327500,0.000000,0.015587,-0.015587,1.015873,0
4.330000,0.000000,-0.004414,0.004414,1.015873,0
4.332500,0.000000,0.007111,-0.007111,1.015873,0
4.335000,0.000000,0.007618,-0.007618,1.015873,0
4.337500,0.000000,0.009282,-0.009282,1.015873,0
4.340000,0.000000,-0.003459,0.003459,0.920635,0
4.342500,0.000000,-0.012339,0.012339,0.920635,0
4.345000,0.000000,-0.001391,0.001391,0.920635,0
4.347500,0.000000,0.015929,-0.015929,0.920635,0
4.350000,0.000000,0.009269,-0.009269,0.920635,0
4.352500,0.000000,0.015630,-0.015630,0.920635,0
4.355000,0.000000,0.017022,-0.017022,0.920635,0
4.357500,0.000000,0.015298,-0.015298,0.920635,0
4.360000,0.000000,0.033115,-0.033115,0.920635,0
4.362500,0.000000,0.027608,-0.027608,0.920635,0
4.365000,0.000000,0.038984,-0.038984,0.920635,0
4.367500,0.000000,0.041528,-0.041528,0.920635,0
4.370000,0.000000,0.040068,-0.040068,0.920635,0
4.372500,0.000000,0.052325,-0.052325,0.920635,0
4.375000,0.000000,0.053551,-0.053551,0.920635,0
4.377500,0.000000,0.050939,-0.050939,0.920635,0
4.380000,0.000000,0.062910,-0.062910,0.920635,0
4.382500,0.000000,0.072638,-0.072638,0.984127,0
4.385000,0.000000,0.081655,-0.081655,0.984127,0
4.387500,0.000000,0.043160,-0.043160,0.984127,0
4.390000,0.000000,0.045983,-0.045983,0.984127,0
4.392500,0.000000,0.046604,-0.046604,0.984127,0
4.395000,0.000000,0.044906,-0.044906,0.984127,0
4.397500,0.000000,0.049267,-0.049267,0.984127,0
4.400000,0.000000,0.050192,-0.050192,1.047619,0
4.402500,0.000000,0.054785,-0.054785,1.047619,0
4.405000,0.000000,0.050872,-0.050872,1.047619,0
4.407500,0.000000,0.062758,-0.062758,1.047619,0
4.410000,0.000000,0.067927,-0.067927,1.047619,0
4.412500,0.000000,0.070851,-0.070851,1.047619,0
4.415000,0.000000,0.073261,-0.073261,1.047619,0
4.417500,0.000000,0.081547,-0.081547,1.047619,0
4.420000,0.000000,0.088784,-0.088784,0.984127,0
4.422500,0.000000,0.085055,-0.085055,0.984127,0
4.425000,0.000000,0.091889,-0.091889,0.984127,0
4.427500,0.000000,0.090785,-0.090785,0.984127,0
4.430000,0.000000,0.106223,-0.106223,0.984127,0
4.432500,0.000000,0.113438,-0.113438,0.984127,0
4.435000,0.000000,0.104116,-0.104116,0.984127,0
4.437500,0.000000,0.123069,-0.123069,0.984127,0
4.440000,0.000000,0.099480,-0.099480,0.984127,0
4.442500,0.000000,0.102625,-0.102625,0.952381,0
4.445000,0.000000,0.092686,-0.092686,0.952381,0
4.447500,0.000000,0.108145,-0.108145,0.952381,0
4.450000,0.000000,0.107278,-0.107278,0.952381,0
4.452500,0.000000,0.096273,-0.096273,0.952381,0
4.455000,0.000000,0.090731,-0.090731,0.952381,0
4.457500,0.000000,0.081023,-0.081023,0.952381,0
4.460000,0.000000,0.075876,-0.075876,1.015873,0
4.462500,0.000000,0.070664,-0.070664,1.015873,0
4.465000,0.000000,0.061720,-0.061720,1.015873,0
4.467500,0.000000,0.062408,-0.062408,1.015873,0
4.470000,0.000000,0.064190,-0.064190,1.015873,0
4.472500,0.000000,0.053155,-0.053155,1.015873,0
4.475000,0.000000,0.036337,-0.036337,1.015873,0
4.477500,0.000000,0.038144,-0.038144,1.015873,0
4.480000,0.000000,0.041936,-0.041936,1.015873,0
4.482500,0.000000,0.047451,-0.047451,1.015873,0
4.485000,0.000000,0.051155,-0.051155,1.015873,0
4.487500,0.000000,0.064190,-0.064190,1.015873,0
4.490000,0.000000,0.071530,-0.071530,1.015873,0
4.492500,0.000000,0.094223,-0.094223,1.015873,0
4.495000,0.000000,0.120156,-0.120156,1.015873,0
4.497500,0.000000,0.100364,-0.100364,1.015873,0
4.500000,0.000000,0.075715,-0.075715,0.952381,0
4.502500,0.000000,0.073298,-0.073298,0.952381,0
4.505000,0.000000,0.075962,-0.075962,0.952381,0
4.507500,0.000000,0.072875,-0.072875,0.952381,0
4.510000,0.000000,0.077491,-0.077491,0.952381,0
4.512500,0.000000,0.072468,-0.072468,0.952381,0
4.515000,0.000000,0.063478,-0.063478,0.952381,0
4.517500,0.000000,0.056242,-0.056242,0.952381,0
4.520000,0.000000,0.052566,-0.052566,0.952381,0
4.522500,0.000000,0.059345,-0.059345,0.920635,0
4.525000,0.000000,0.052606,-0.052606,0.920635,0
4.527500,0.000000,0.048064,-0.048064,0.920635,0
4.530000,0.000000,0.052230,-0.052230,0.920635,0
4.532500,0.000000,0.048609,-0.048609,0.920635,0
4.535000,0.000000,0.058178,-0.058178,0.920635,0
4.537500,0.000000,0.047226,-0.047226,0.920635,0
4.540000,0.000000,0.034480,-0.034480,0.920635,0
4.542500,0.000000,0.036417,-0.036417,0.920635,0
4.545000,0.000000,0.039277,-0.039277,0.920635,0
4.547500,0.000000,0.029500,-0.029500,0.920635,0
4.550000,0.000000,0.041848,-0.041848,0.920635,0
4.552500,0.000000,0.059538,-0.059538,0.920635,0
4.555000,0.000000,0.051490,-0.051490,0.920635,0
4.557500,0.000000,0.064541,-0.064541,0.920635,0
4.560000,0.000000,0.039820,-0.039820,0.952381,0
4.562500,0.000000,0.048905,-0.048905,0.952381,0
4.565000,0.000000,0.039222,-0.039222,0.952381,0
4.567500,0.000000,0.047373,-0.047373,0.952381,0
4.570000,0.000000,0.036742,-0.036742,0.952381,0
4.572500,0.000000,0.034975,-0.034975,0.952381,0
4.575000,0.000000,0.026163,-0.026163,0.952381,0
4.577500,0.000000,0.023323,-0.023323,0.952381,0
4.580000,0.000000,0.040138,-0.040138,0.952381,0
4.582500,0.000000,0.038070,-0.038070,1.047619,0
4.585000,0.000000,0.055632,-0.055632,1.047619,0
4.587500,0.000000,0.050662,-0.050662,1.047619,0
4.590000,0.000000,0.062468,-0.062468,1.047619,0
4.592500,0.000000,0.046269,-0.046269,1.047619,0
4.595000,0.000000,0.042416,-0.042416,1.047619,0
4.597500,0.000000,0.036438,-0.036438,1.047619,0
4.600000,0.000000,0.048815,-0.048815,1.079365,0
4.602500,0.000000,0.049084,-0.049084,1.079365,0
4.605000,0.000000,0.029475,-0.029475,1.079365,0
4.607500,0.000000,0.017181,-0.017181,1.079365,0
4.610000,0.000000,0.007816,-0.007816,1.079365,0
4.612500,0.000000,0.015812,-0.015812,1.079365,0
4.615000,0.000000,0.022464,-0.022464,1.079365,0
4.617500,0.000000,0.019186,-0.019186,1.079365,0
4.620000,0.000000,0.013802,-0.013802,1.079365,0
4.622500,0.000000,0.019757,-0.019757,1.079365,0
4.625000,0.000000,0.009191,-0.009191,1.079365,0
4.627500,0.000000,0.012995,-0.012995,1.079365,0
4.630000,0.000000,0.015940,-0.015940,1.079365,0
4.632500,0.000000,0.013049,-0.013049,1.079365,0
4.635000,0.000000,0.016223,-0.016223,1.079365,0
4.637500,0.000000,0.016676,-0.016676,1.079365,0
4.640000,0.000000,0.020646,-0.020646,1.079365,0
4.642500,0.000000,0.008765,-0.008765,1.142857,0
4.645000,0.000000,0.013758,-0.013758,1.142857,0
4.647500,0.000000,0.022141,-0.022141,1.142857,0
4.650000,0.000000,0.024285,-0.024285,1.142857,0
4.652500,0.000000,0.028775,-0.028775,1.142857,0
4.655000,0.000000,0.027051,-0.027051,1.142857,0
4.657500,0.000000,0.033974,-0.033974,1.142857,0
4.660000,0.000000,0.033636,-0.033636,1.238095,0
4.662500,0.000000,0.023558,-0.023558,1.238095,0
4.665000,0.000000,0.029569,-0.029569,1.238095,0
4.667500,0.000000,0.015602,-0.015602,1.238095,0
4.670000,0.000000,0.017495,-0.017495,1.238095,0
4.672500,0.000000,0.013922,-0.013922,1.238095,0
4.675000,0.000000,0.009911,-0.009911,1.238095,0
4.677500,0.000000,0.011060,-0.011060,1.238095,0
4.680000,0.000000,0.005235,-0.005235,1.301587,0
4.682500,0.000000,0.009127,-0.009127,1.301587,0
4.685000,0.000000,0.009347,-0.009347,1.301587,0
4.687500,0.000000,0.004237,-0.004237,1.301587,0
4.690000,0.000000,0.014731,-0.014731,1.301587,0
4.692500,0.000000,0.015988,-0.015988,1.301587,0
4.695000,0.000000,0.020608,-0.020608,1.301587,0
4.697500,0.000000,0.031395,-0.031395,1.301587,0
4.700000,0.000000,0.041802,-0.041802,1.301587,0
4.702500,0.000000,0.045556,-0.045556,1.238095,0
4.705000,0.000000,0.041806,-0.041806,1.238095,0
4.707500,0.000000,0.028683,-0.028683,1.238095,0
4.710000,0.000000,0.029659,-0.029659,1.238095,0
4.712500,0.000000,0.038080,-0.038080,1.238095,0
4.715000,0.000000,0.040049,-0.040049,1.238095,0
4.717500,0.000000,0.009958,-0.009958,1.238095,0
4.720000,0.000000,0.017554,-0.017554,1.142857,0
4.722500,0.000000,0.025479,-0.025479,1.142857,0
4.725000,0.000000,0.022030,-0.022030,1.142857,0
4.727500,0.000000,0.030321,-0.030321,1.142857,0
4.730000,0.000000,0.035118,-0.035118,1.142857,0
4.732500,0.000000,0.027944,-0.027944,1.142857,0
4.735000,0.000000,0.038586,-0.038586,1.142857,0
4.737500,0.000000,0.026098,-0.026098,1.142857,0
4.740000,0.000000,0.024873,-0.024873,1.174603,0
4.742500,0.000000,0.022808,-0.022808,1.174603,0
4.745000,0.000000,0.014946,-0.014946,1.174603,0
4.747500,0.000000,0.017193,-0.017193,1.174603,0
4.750000,0.000000,0.028191,-0.028191,1.174603,0
4.752500,0.000000,0.038336,-0.038336,1.174603,0
4.755000,0.000000,0.043610,-0.043610,1.174603,0
4.757500,0.000000,0.027557,-0.027557,1.174603,0
4.760000,0.000000,0.013766,-0.013766,1.047619,0
4.762500,0.000000,0.014951,-0.014951,1.047619,0
4.765000,0.000000,0.014166,-0.014166,1.047619,0
4.767500,0.000000,0.008949,-0.008949,1.047619,0
4.770000,0.000000,0.026941,-0.026941,1.047619,0
4.772500,0.000000,0.027138,-0.027138,1.047619,0
4.775000,0.000000,0.031495,-0.031495,1.047619,0
4.777500,0.000000,0.039953,-0.039953,1.047619,0
4.780000,0.000000,0.039274,-0.039274,1.047619,0
4.782500,0.000000,0.062672,-0.062672,1.047619,0
4.785000,0.000000,0.051892,-0.051892,1.047619,0
4.787500,0.000000,0.044612,-0.044612,1.047619,0
4.790000,0.000000,0.034383,-0.034383,1.047619,0
4.792500,0.000000,0.048084,-0.048084,1.047619,0
4.795000,0.000000,0.054201,-0.054201,1.047619,0
4.797500,0.000000,0.047476,-0.047476,1.047619,0
4.800000,0.000000,0.037418,-0.037418,0.984127,0
4.802500,0.000000,0.049946,-0.049946,0.984127,0
4.805000,0.000000,0.051956,-0.051956,0.984127,0
4.807500,0.000000,0.064219,-0.064219,0.984127,0
4.810000,0.000000,0.061635,-0.061635,0.984127,0
4.812500,0.000000,0.064737,-0.064737,0.984127,0
4.815000,0.000000,0.065671,-0.065671,0.984127,0
4.817500,0.000000,0.057554,-0.057554,0.984127,0
4.820000,0.000000,0.054378,-0.054378,0.984127,0
4.822500,0.000000,0.041191,-0.041191,0.984127,0
4.825000,0.000000,0.044723,-0.044723,0.984127,0
4.827500,0.000000,0.050731,-0.050731,0.984127,0
4.830000,0.000000,0.058761,-0.058761,0.984127,0
4.832500,0.000000,0.063408,-0.063408,0.984127,0
4.835000,0.000000,0.060234,-0.060234,0.984127,0
4.837500,0.000000,0.073361,-0.073361,0.984127,0
4.840000,0.000000,0.080536,-0.080536,0.857143,0
4.842500,0.000000,0.092795,-0.092795,0.857143,0
4.845000,0.000000,0.105258,-0.105258,0.857143,0
4.847500,0.000000,0.100344,-0.100344,0.857143,0
4.850000,0.000000,0.101097,-0.101097,0.857143,0
4.852500,0.000000,0.105935,-0.105935,0.857143,0
4.855000,0.000000,0.090206,-0.090206,0.857143,0
4.857500,0.000000,0.075287,-0.075287,0.857143,0
4.860000,0.000000,0.059097,-0.059097,0.857143,0
4.862500,0.000000,0.055999,-0.055999,0.857143,0
4.865000,0.000000,0.050654,-0.050654,0.857143,0
4.867500,0.000000,0.033984,-0.033984,0.857143,0
4.870000,0.000000,0.034420,-0.034420,0.857143,0
4.872500,0.000000,0.032294,-0.032294,0.857143,0
4.875000,0.000000,0.043502,-0.043502,0.857143,0
4.877500,0.000000,0.062924,-0.062924,0.857143,0
4.880000,0.000000,0.065674,-0.065674,0.825397,0
4.882500,0.000000,0.056043,-0.056043,0.825397,0
4.885000,0.000000,0.061030,-0.061030,0.825397,0
4.887500,0.000000,0.059084,-0.059084,0.825397,0
4.890000,0.000000,0.054569,-0.054569,0.825397,0
4.892500,0.000000,0.043658,-0.043658,0.825397,0
4.895000,0.000000,0.037316,-0.037316,0.825397,0
4.897500,0.000000,0.034207,-0.034207,0.825397,0
4.900000,0.000000,0.042027,-0.042027,0.761905,0
4.902500,0.000000,0.046260,-0.046260,0.761905,0
4.905000,0.000000,0.064988,-0.064988,0.761905,0
4.907500,0.000000,0.070199,-0.070199,0.761905,0
4.910000,0.000000,0.072441,-0.072441,0.761905,0
4.912500,0.000000,0.066527,-0.066527,0.761905,0
4.915000,0.000000,0.052782,-0.052782,0.761905,0
4.917500,0.000000,0.044686,-0.044686,0.761905,0
4.920000,0.000000,0.035467,-0.035467,0.761905,0
4.922500,0.000000,0.006235,-0.006235,0.761905,0
4.925000,0.000000,-0.004986,0.004986,0.761905,0
4.927500,0.000000,0.012635,-0.012635,0.761905,0
4.930000,0.000000,0.016208,-0.016208,0.761905,0
4.932500,0.000000,0.011565,-0.011565,0.761905,0
4.935000,0.000000,0.015486,-0.015486,0.761905,0
4.937500,0.000000,-0.006176,0.006176,0.761905,0
4.940000,0.000000,-0.003029,0.003029,0.793651,0
4.942500,0.000000,0.010395,-0.010395,0.793651,0
4.945000,0.000000,0.008789,-0.008789,0.793651,0
4.947500,0.000000,-0.009977,0.009977,0.793651,0
4.950000,0.000000,-0.013963,0.013963,0.793651,0
4.952500,0.000000,-0.000168,0.000168,0.793651,0
4.955000,0.000000,0.002533,-0.002533,0.793651,0
4.957500,0.000000,-0.012331,0.012331,0.793651,0
4.960000,0.000000,0.011913,-0.011913,0.825397,0
4.962500,0.000000,-0.001110,0.001110,0.825397,0
4.965000,0.000000,-0.003526,0.003526,0.825397,0
4.967500,0.000000,-0.013892,0.013892,0.825397,0
4.970000,0.000000,-0.023920,0.023920,0.825397,0
4.972500,0.000000,-0.027729,0.027729,0.825397,0
4.975000,0.000000,-0.020402,0.020402,0.825397,0
4.977500,0.000000,-0.006676,0.006676,0.825397,0
4.980000,0.000000,-0.010503,0.010503,0.793651,0
4.982500,0.000000,-0.020740,0.020740,0.793651,0
4.985000,0.000000,-0.015040,0.015040,0.793651,0
4.987500,0.000000,-0.009224,0.009224,0.793651,0
4.990000,0.000000,-0.006403,0.006403,0.793651,0
4.992500,0.000000,-0.003307,0.003307,0.793651,0
4.995000,0.000000,-0.004375,0.004375,0.793651,0
4.997500,0.000000,-0.003204,0.003204,0.793651,0
5.000000,0.000000,-0.004937,0.004937,0.825397,0
5.002500,0.000000,0.006042,-0.006042,0.825397,0
5.005000,0.000000,0.028397,-0.028397,0.825397,0
5.007500,0.000000,0.029307,-0.029307,0.825397,0
5.010000,0.000000,0.028301,-0.028301,0.825397,0
5.012500,0.000000,0.029988,-0.029988,0.825397,0
5.015000,0.000000,0.022352,-0.022352,0.825397,0
5.017500,0.000000,0.029398,-0.029398,0.825397,0
5.020000,0.000000,0.032934,-0.032934,0.825397,0
5.022500,0.000000,0.028088,-0.028088,0.920635,0
5.025000,0.000000,0.035624,-0.035624,0.920635,0
5.027500,0.000000,0.034754,-0.034754,0.920635,0
5.030000,0.000000,0.024686,-0.024686,0.920635,0
5.032500,0.000000,0.027243,-0.027243,0.920635,0
5.035000,0.000000,0.028656,-0.028656,0.920635,0
5.037500,0.000000,0.036827,-0.036827,0.920635,0
5.040000,0.000000,0.043362,-0.043362,0.952381,0
5.042500,0.000000,0.041104,-0.041104,0.952381,0
5.045000,0.000000,0.035570,-0.035570,0.952381,0
5.047500,0.000000,0.034550,-0.034550,0.952381,0
5.050000,0.000000,0.036897,-0.036897,0.952381,0
5.052500,0.000000,0.040295,-0.040295,0.952381,0
5.055000,0.000000,0.041910,-0.041910,0.952381,0
5.057500,0.000000,0.039834,-0.039834,0.952381,0
5.060000,0.000000,0.047946,-0.047946,0.952381,0
5.062500,0.000000,0.040006,-0.040006,0.920635,0
5.065000,0.000000,0.062644,-0.062644,0.920635,0
5.067500,0.000000,0.068084,-0.068084,0.920635,0
5.070000,0.000000,0.055145,-0.055145,0.920635,0
5.072500,0.000000,0.055250,-0.055250,0.920635,0
5.075000,0.000000,0.061019,-0.061019,0.920635,0
5.077500,0.000000,0.055783,-0.055783,0.920635,0
5.080000,0.000000,0.041752,-0.041752,1.079365,0
5.082500,0.000000,0.031878,-0.031878,1.079365,0
5.085000,0.000000,0.035614,-0.035614,1.079365,0
5.087500,0.000000,0.019743,-0.019743,1.079365,0
5.090000,0.000000,0.006845,-0.006845,1.079365,0
5.092500,0.000000,0.011256,-0.011256,1.079365,0
5.095000,0.000000,0.009038,-0.009038,1.079365,0
5.097500,0.000000,0.002797,-0.002797,1.079365,0
5.100000,0.000000,-0.001555,0.001555,1.079365,0
5.102500,0.000000,-0.014600,0.014600,1.047619,0
5.105000,0.000000,-0.009869,0.009869,1.047619,0
5.107500,0.000000,-0.016794,0.016794,1.047619,0
5.110000,0.000000,-0.021112,0.021112,1.047619,0
5.112500,0.000000,-0.017406,0.017406,1.047619,0
5.115000,0.000000,-0.019215,0.019215,1.047619,0
5.117500,0.000000,-0.025002,0.025002,1.047619,0
5.120000,0.000000,-0.042193,0.042193,1.047619,0
5.122500,0.000000,-0.037680,0.037680,1.047619,0
5.125000,0.000000,-0.035893,0.035893,1.047619,0
5.127500,0.000000,-0.039540,0.039540,1.047619,0
5.130000,0.000000,-0.047789,0.047789,1.047619,0
5.132500,0.000000,-0.046305,0.046305,1.047619,0
5.135000,0.000000,-0.040627,0.040627,1.047619,0
5.137500,0.000000,-0.038576,0.038576,1.047619,0
5.140000,0.000000,-0.022606,0.022606,1.047619,0
5.142500,0.000000,-0.015558,0.015558,1.047619,0
5.145000,0.000000,-0.016085,0.016085,1.047619,0
5.147500,0.000000,-0.008909,0.008909,1.047619,0
5.150000,0.000000,-0.008210,0.008210,1.047619,0
5.152500,0.000000,-0.007562,0.007562,1.047619,0
5.155000,0.000000,0.004466,-0.004466,1.047619,0
5.157500,0.000000,-0.003849,0.003849,1.047619,0
5.160000,0.000000,-0.003516,0.003516,1.015873,0
5.162500,0.000000,0.007734,-0.007734,1.015873,0
5.165000,0.000000,0.010399,-0.010399,1.015873,0
5.167500,0.000000,0.006636,-0.006636,1.015873,0
5.170000,0.000000,-0.009534,0.009534,1.015873,0
5.172500,0.000000,-0.030502,0.030502,1.015873,0
5.175000,0.000000,-0.010171,0.010171,1.015873,0
5.177500,0.000000,-0.006983,0.006983,1.015873,0
5.180000,0.000000,-0.012548,0.012548,0.952381,0
5.182500,0.000000,-0.008702,0.008702,0.952381,0
5.185000,0.000000,-0.017780,0.017780,0.952381,0
5.187500,0.000000,-0.020488,0.020488,0.952381,0
5.190000,0.000000,-0.029104,0.029104,0.952381,0
5.192500,0.000000,-0.042079,0.042079,0.952381,0
5.195000,0.000000,-0.061417,0.061417,0.952381,0
5.197500,0.000000,-0.075162,0.075162,0.952381,0
5.200000,0.000000,-0.062846,0.062846,0.952381,0
5.202500,0.000000,-0.070779,0.070779,0.920635,0
5.205000,0.000000,-0.063158,0.063158,0.920635,0
5.207500,0.000000,-0.051563,0.051563,0.920635,0
5.210000,0.000000,-0.049764,0.049764,0.920635,0
5.212500,0.000000,-0.051175,0.051175,0.920635,0
5.215000,0.000000,-0.048233,0.048233,0.920635,0
5.217500,0.000000,-0.050865,0.050865,0.920635,0
5.220000,0.000000,-0.038056,0.038056,0.984127,0
5.222500,0.000000,-0.019307,0.019307,0.984127,0
5.225000,0.000000,-0.005115,0.005115,0.984127,0
5.227500,0.000000,-0.025182,0.025182,0.984127,0
5.230000,0.000000,-0.028542,0.028542,0.984127,0
5.232500,0.000000,-0.027654,0.027654,0.984127,0
5.235000,0.000000,-0.022475,0.022475,0.984127,0
5.237500,0.000000,-0.038061,0.038061,0.984127,0
5.240000,0.000000,-0.053787,0.053787,0.952381,0
5.242500,0.000000,-0.039486,0.039486,0.952381,0
5.245000,0.000000,-0.043689,0.043689,0.952381,0
5.247500,0.000000,-0.056741,0.056741,0.952381,0
5.250000,0.000000,-0.065677,0.065677,0.952381,0
5.252500,0.000000,-0.059896,0.059896,0.952381,0
5.255000,0.000000,-0.066013,0.066013,0.952381,0
5.257500,0.000000,-0.061663,0.061663,0.952381,0
5.260000,0.000000,-0.069014,0.069014,0.984127,0
5.262500,0.000000,-0.083334,0.083334,0.984127,0
5.265000,0.000000,-0.067487,0.067487,0.984127,0
5.267500,0.000000,-0.061742,0.061742,0.984127,0
5.270000,0.000000,-0.063044,0.063044,0.984127,0
5.272500,0.000000,-0.066071,0.066071,0.984127,0
5.275000,0.000000,-0.050330,0.050330,0.984127,0
5.277500,0.000000,-0.043269,0.043269,0.984127,0
5.280000,0.000000,-0.031189,0.031189,0.984127,0
5.282500,0.000000,-0.035755,0.035755,0.984127,0
5.285000,0.000000,-0.034214,0.034214,0.984127,0
5.287500,0.000000,-0.029406,0.029406,0.984127,0
5.290000,0.000000,-0.033713,0.033713,0.984127,0
5.292500,0.000000,-0.033608,0.033608,0.984127,0
5.295000,0.000000,-0.038107,0.038107,0.984127,0
5.297500,0.000000,-0.033209,0.033209,0.984127,0
5.300000,0.000000,-0.044362,0.044362,1.015873,0
5.302500,0.000000,-0.037825,0.037825,1.015873,0
5.305000,0.000000,-0.033872,0.033872,1.015873,0
5.307500,0.000000,-0.034756,0.034756,1.015873,0
5.310000,0.000000,-0.029608,0.029608,1.015873,0
5.312500,0.000000,-0.032107,0.032107,1.015873,0
5.315000,0.000000,-0.037347,0.037347,1.015873,0
5.317500,0.000000,-0.031243,0.031243,1.015873,0
5.320000,0.000000,-0.024915,0.024915,1.015873,0
5.322500,0.000000,-0.028664,0.028664,1.079365,0
5.325000,0.000000,-0.033069,0.033069,1.079365,0
5.327500,0.000000,-0.033758,0.033758,1.079365,0
5.330000,0.000000,-0.037677,0.037677,1.079365,0
5.332500,0.000000,-0.023180,0.023180,1.079365,0
5.335000,0.000000,-0.019737,0.019737,1.079365,0
5.337500,0.000000,-0.019056,0.019056,1.079365,0
5.340000,0.000000,-0.026992,0.026992,1.047619,0
5.342500,0.000000,-0.019489,0.019489,1.047619,0
5.345000,0.000000,-0.024498,0.024498,1.047619,0
5.347500,0.000000,-0.029740,0.029740,1.047619,0
5.350000,0.000000,-0.021838,0.021838,1.047619,0
5.352500,0.000000,-0.017675,0.017675,1.047619,0
5.355000,0.000000,-0.040012,0.040012,1.047619,0
5.357500,0.000000,-0.040298,0.040298,1.047619,0
5.360000,0.000000,-0.037987,0.037987,1.047619,0
5.362500,0.000000,-0.039890,0.039890,1.111111,0
5.365000,0.000000,-0.037401,0.037401,1.111111,0
5.367500,0.000000,-0.052121,0.052121,1.111111,0
5.370000,0.000000,-0.075360,0.075360,1.111111,0
5.372500,0.000000,-0.081796,0.081796,1.111111,0
5.375000,0.000000,-0.077067,0.077067,1.111111,0
5.377500,0.000000,-0.103165,0.103165,1.111111,0
5.380000,0.000000,-0.107700,0.107700,1.111111,0
5.382500,0.000000,-0.121585,0.121585,1.111111,0
5.385000,0.000000,-0.120338,0.120338,1.111111,0
5.387500,0.000000,-0.099771,0.099771,1.111111,0
5.390000,0.000000,-0.098905,0.098905,1.111111,0
5.392500,0.000000,-0.097096,0.097096,1.111111,0
5.395000,0.000000,-0.086985,0.086985,1.111111,0
5.397500,0.000000,-0.084368,0.084368,1.111111,0
5.400000,0.000000,-0.083911,0.083911,1.111111,0
5.402500,0.000000,-0.073371,0.073371,1.111111,0
5.405000,0.000000,-0.067142,0.067142,1.111111,0
5.407500,0.000000,-0.062706,0.062706,1.111111,0
5.410000,0.000000,-0.062179,0.062179,1.111111,0
5.412500,0.000000,-0.063504,0.063504,1.111111,0
5.415000,0.000000,-0.053586,0.053586,1.111111,0
5.417500,0.000000,-0.055069,0.055069,1.111111,0
5.420000,0.000000,-0.042262,0.042262,1.079365,0
5.422500,0.000000,-0.050584,0.050584,1.079365,0
5.425000,0.000000,-0.036068,0.036068,1.079365,0
5.427500,0.000000,-0.030731,0.030731,1.079365,0
5.430000,0.000000,-0.038664,0.038664,1.079365,0
5.432500,0.000000,-0.032918,0.032918,1.079365,0
5.435000,0.000000,-0.037889,0.037889,1.079365,0
5.437500,0.000000,-0.036495,0.036495,1.079365,0
5.440000,0.000000,-0.039553,0.039553,1.206349,0
5.442500,0.000000,-0.039617,0.039617,1.206349,0
5.445000,0.000000,-0.030788,0.030788,1.206349,0
5.447500,0.000000,-0.025679,0.025679,1.206349,0
5.450000,0.000000,-0.034359,0.034359,1.206349,0
5.452500,0.000000,-0.042352,0.042352,1.206349,0
5.455000,0.000000,-0.038974,0.038974,1.206349,0
5.457500,0.000000,-0.035074,0.035074,1.206349,0
5.460000,0.000000,-0.039908,0.039908,1.174603,0
5.462500,0.000000,-0.025161,0.025161,1.174603,0
5.465000,0.000000,-0.017485,0.017485,1.174603,0
5.467500,0.000000,-0.022391,0.022391,1.174603,0
5.470000,0.000000,-0.027999,0.027999,1.174603,0
5.472500,0.000000,-0.029199,0.029199,1.174603,0
5.475000,0.000000,-0.031264,0.031264,1.174603,0
5.477500,0.000000,-0.019573,0.019573,1.174603,0
5.480000,0.000000,-0.010313,0.010313,1.142857,0
5.482500,0.000000,-0.009714,0.009714,1.142857,0
5.485000,0.000000,-0.003444,0.003444,1.142857,0
5.487500,0.000000,0.003934,-0.003934,1.142857,0
5.490000,0.000000,0.004339,-0.004339,1.142857,0
5.492500,0.000000,0.007780,-0.007780,1.142857,0
5.495000,0.000000,0.012819,-0.012819,1.142857,0
5.497500,0.000000,0.016774,-0.016774,1.142857,0
5.500000,0.000000,0.008823,-0.008823,1.047619,0
5.502500,0.000000,0.002093,-0.002093,1.047619,0
5.505000,0.000000,-0.000717,0.000717,1.047619,0
5.507500,0.000000,-0.007408,0.007408,1.047619,0
5.510000,0.000000,-0.021154,0.021154,1.047619,0
5.512500,0.000000,-0.014122,0.014122,1.047619,0
5.515000,0.000000,-0.010427,0.010427,1.047619,0
5.517500,0.000000,-0.022753,0.022753,1.047619,0
5.520000,0.000000,-0.024435,0.024435,0.984127,0
5.522500,0.000000,-0.025497,0.025497,0.984127,0
5.525000,0.000000,-0.022898,0.022898,0.984127,0
5.527500,0.000000,-0.032864,0.032864,0.984127,0
5.530000,0.000000,-0.045172,0.045172,0.984127,0
5.532500,0.000000,-0.038664,0.038664,0.984127,0
5.535000,0.000000,-0.052501,0.052501,0.984127,0
5.537500,0.000000,-0.053152,0.053152,0.984127,0
5.540000,0.000000,-0.054695,0.054695,0.984127,0
5.542500,0.000000,-0.054196,0.054196,0.952381,0
5.545000,0.000000,-0.049955,0.049955,0.952381,0
5.547500,0.000000,-0.032429,0.032429,0.952381,0
5.550000,0.000000,-0.047330,0.047330,0.952381,0
5.552500,0.000000,-0.037136,0.037136,0.952381,0
5.555000,0.000000,-0.060874,0.060874,0.952381,0
5.557500,0.000000,-0.045181,0.045181,0.952381,0
5.560000,0.000000,-0.063945,0.063945,0.952381,0
5.562500,0.000000,-0.038670,0.038670,0.984127,0
5.565000,0.000000,-0.041230,0.041230,0.984127,0
5.567500,0.000000,-0.027640,0.027640,0.984127,0
5.570000,0.000000,-0.016441,0.016441,0.984127,0
5.572500,0.000000,-0.020114,0.020114,0.984127,0
5.575000,0.000000,-0.022942,0.022942,0.984127,0
5.577500,0.000000,-0.030238,0.030238,0.984127,0
5.580000,0.000000,-0.021817,0.021817,0.984127,0
5.582500,0.000000,-0.025196,0.025196,0.984127,0
5.585000,0.000000,-0.032240,0.032240,0.984127,0
5.587500,0.000000,-0.026152,0.026152,0.984127,0
5.590000,0.000000,-0.033906,0.033906,0.984127,0
5.592500,0.000000,-0.036017,0.036017,0.984127,0
5.595000,0.000000,-0.033914,0.033914,0.984127,0
5.597500,0.000000,-0.039004,0.039004,0.984127,0
5.600000,0.000000,-0.042607,0.042607,0.952381,0
5.602500,0.000000,-0.026287,0.026287,0.952381,0
5.605000,0.000000,-0.027469,0.027469,0.952381,0
5.607500,0.000000,-0.030130,0.030130,0.952381,0
5.610000,0.000000,-0.030908,0.030908,0.952381,0
5.612500,0.000000,-0.025532,0.025532,0.952381,0
5.615000,0.000000,-0.034803,0.034803,0.952381,0
5.617500,0.000000,-0.029581,0.029581,0.952381,0
5.620000,0.000000,-0.026285,0.026285,0.984127,0
5.622500,0.000000,-0.042381,0.042381,0.984127,0
5.625000,0.000000,-0.024180,0.024180,0.984127,0
5.627500,0.000000,-0.009668,0.009668,0.984127,0
5.630000,0.000000,-0.016937,0.016937,0.984127,0
5.632500,0.000000,-0.027030,0.027030,0.984127,0
5.635000,0.000000,-0.024069,0.024069,0.984127,0
5.637500,0.000000,-0.036817,0.036817,0.984127,0
5.640000,0.000000,-0.023583,0.023583,1.047619,0
5.642500,0.000000,-0.027109,0.027109,1.047619,0
5.645000,0.000000,-0.011799,0.011799,1.047619,0
5.647500,0.000000,-0.018867,0.018867,1.047619,0
5.650000,0.000000,-0.019339,0.019339,1.047619,0
5.652500,0.000000,-0.007379,0.007379,1.047619,0
5.655000,0.000000,-0.010083,0.010083,1.047619,0
5.657500,0.000000,-0.007340,0.007340,1.047619,0
5.660000,0.000000,0.001342,-0.001342,1.238095,0
5.662500,0.000000,-0.003038,0.003038,1.238095,0
5.665000,0.000000,-0.012873,0.012873,1.238095,0
5.667500,0.000000,-0.024060,0.024060,1.238095,0
5.670000,0.000000,-0.018836,0.018836,1.238095,0
5.672500,0.000000,-0.015270,0.015270,1.238095,0
5.675000,0.000000,-0.006410,0.006410,1.238095,0
5.677500,0.000000,-0.008442,0.008442,1.238095,0
5.680000,0.000000,-0.019472,0.019472,1.269841,0
5.682500,0.000000,-0.037538,0.037538,1.269841,0
5.685000,0.000000,-0.013905,0.013905,1.269841,0
5.687500,0.000000,-0.009373,0.009373,1.269841,0
5.690000,0.000000,-0.008047,0.008047,1.269841,0
5.692500,0.000000,-0.005618,0.005618,1.269841,0
5.695000,0.000000,-0.016942,0.016942,1.269841,0
5.697500,0.000000,-0.022896,0.022896,1.269841,0
5.700000,0.000000,-0.007583,0.007583,1.206349,0
5.702500,0.000000,-0.001822,0.001822,1.206349,0
5.705000,0.000000,-0.008228,0.008228,1.206349,0
5.707500,0.000000,-0.018391,0.018391,1.206349,0
5.710000,0.000000,-0.022267,0.022267,1.206349,0
5.712500,0.000000,-0.024345,0.024345,1.206349,0
5.715000,0.000000,-0.006298,0.006298,1.206349,0
5.717500,0.000000,-0.007728,0.007728,1.206349,0
5.720000,0.000000,-0.018127,0.018127,1.142857,0
5.722500,0.000000,-0.018138,0.018138,1.142857,0
5.725000,0.000000,-0.015270,0.015270,1.142857,0
5.727500,0.000000,-0.026252,0.026252,1.142857,0
5.730000,0.000000,-0.021930,0.021930,1.142857,0
5.732500,0.000000,-0.010547,0.010547,1.142857,0
5.735000,0.000000,-0.009016,0.009016,1.142857,0
5.737500,0.000000,-0.015855,0.015855,1.142857,0
5.740000,0.000000,-0.020113,0.020113,1.142857,0
5.742500,0.000000,-0.034660,0.034660,1.111111,0
5.745000,0.000000,-0.034880,0.034880,1.111111,0
5.747500,0.000000,-0.031048,0.031048,1.111111,0
5.750000,0.000000,-0.038308,0.038308,1.111111,0
5.752500,0.000000,-0.019585,0.019585,1.111111,0
5.755000,0.000000,-0.011830,0.011830,1.111111,0
5.757500,0.000000,-0.027754,0.027754,1.111111,0
5.760000,0.000000,-0.043024,0.043024,1.111111,0
5.762500,0.000000,-0.050906,0.050906,1.079365,0
5.765000,0.000000,-0.034808,0.034808,1.079365,0
5.767500,0.000000,-0.025528,0.025528,1.079365,0
5.770000,0.000000,-0.009745,0.009745,1.079365,0
5.772500,0.000000,-0.009365,0.009365,1.079365,0
5.775000,0.000000,-0.011027,0.011027,1.079365,0
5.777500,0.000000,-0.022220,0.022220,1.079365,0
5.780000,0.000000,-0.018347,0.018347,1.079365,0
5.782500,0.000000,-0.019728,0.019728,0.984127,0
5.785000,0.000000,-0.021445,0.021445,0.984127,0
5.787500,0.000000,-0.004698,0.004698,0.984127,0
5.790000,0.000000,-0.005803,0.005803,0.984127,0
5.792500,0.000000,0.007526,-0.007526,0.984127,0
5.795000,0.000000,-0.008355,0.008355,0.984127,0
5.797500,0.000000,0.018327,-0.018327,0.984127,0
5.800000,0.000000,0.014098,-0.014098,0.984127,0
5.802500,0.000000,0.020403,-0.020403,1.015873,0
5.805000,0.000000,0.028024,-0.028024,1.015873,0
5.807500,0.000000,0.022460,-0.022460,1.015873,0
5.810000,0.000000,0.029555,-0.029555,1.015873,0
5.812500,0.000000,0.036923,-0.036923,1.015873,0
5.815000,0.000000,0.029066,-0.029066,1.015873,0
5.817500,0.000000,0.021563,-0.021563,1.015873,0
5.820000,0.000000,0.021341,-0.021341,0.984127,0
5.822500,0.000000,0.019566,-0.019566,0.984127,0
5.825000,0.000000,0.032464,-0.032464,0.984127,0
5.827500,0.000000,0.038269,-0.038269,0.984127,0
5.830000,0.000000,0.036419,-0.036419,0.984127,0
5.832500,0.000000,0.041157,-0.041157,0.984127,0
5.835000,0.000000,0.020175,-0.020175,0.984127,0
5.837500,0.000000,0.013636,-0.013636,0.984127,0
5.840000,0.000000,0.015805,-0.015805,1.079365,0
5.842500,0.000000,0.025260,-0.025260,1.079365,0
5.845000,0.000000,0.026326,-0.026326,1.079365,0
5.847500,0.000000,0.038559,-0.038559,1.079365,0
5.850000,0.000000,0.045204,-0.045204,1.079365,0
5.852500,0.000000,0.039575,-0.039575,1.079365,0
5.855000,0.000000,0.037208,-0.037208,1.079365,0
5.857500,0.000000,0.039806,-0.039806,1.079365,0
5.860000,0.000000,0.034669,-0.034669,1.079365,0
5.862500,0.000000,0.047391,-0.047391,1.079365,0
5.865000,0.000000,0.036119,-0.036119,1.079365,0
5.867500,0.000000,0.037929,-0.037929,1.079365,0
5.870000,0.000000,0.043449,-0.043449,1.079365,0
5.872500,0.000000,0.039403,-0.039403,1.079365,0
5.875000,0.000000,0.033445,-0.033445,1.079365,0
5.877500,0.000000,0.031811,-0.031811,1.079365,0
5.880000,0.000000,0.037889,-0.037889,1.142857,0
5.882500,0.000000,0.032585,-0.032585,1.142857,0
5.885000,0.000000,0.022534,-0.022534,1.142857,0
5.887500,0.000000,0.031806,-0.031806,1.142857,0
5.890000,0.000000,0.034376,-0.034376,1.142857,0
5.892500,0.000000,0.042124,-0.042124,1.142857,0
5.895000,0.000000,0.047527,-0.047527,1.142857,0
5.897500,0.000000,0.065066,-0.065066,1.142857,0
5.900000,0.000000,0.073133,-0.073133,1.111111,0
5.902500,0.000000,0.064652,-0.064652,1.111111,0
5.905000,0.000000,0.067013,-0.067013,1.111111,0
5.907500,0.000000,0.060176,-0.060176,1.111111,0
5.910000,0.000000,0.054447,-0.054447,1.111111,0
5.912500,0.000000,0.040353,-0.040353,1.111111,0
5.915000,0.000000,0.036672,-0.036672,1.111111,0
5.917500,0.000000,0.040491,-0.040491,1.111111,0
5.920000,0.000000,0.038763,-0.038763,1.111111,0
5.922500,0.000000,0.027880,-0.027880,1.111111,0
5.925000,0.000000,0.013525,-0.013525,1.111111,0
5.927500,0.000000,0.031965,-0.031965,1.111111,0
5.930000,0.000000,0.033963,-0.033963,1.111111,0
5.932500,0.000000,0.025657,-0.025657,1.111111,0
5.935000,0.000000,0.029052,-0.029052,1.111111,0
5.937500,0.000000,0.047763,-0.047763,1.111111,0
5.940000,0.000000,0.051847,-0.051847,1.142857,0
5.942500,0.000000,0.026146,-0.026146,1.142857,0
5.945000,0.000000,0.048544,-0.048544,1.142857,0
5.947500,0.000000,0.031073,-0.031073,1.142857,0
5.950000,0.000000,0.028416,-0.028416,1.142857,0
5.952500,0.000000,0.017729,-0.017729,1.142857,0
5.955000,0.000000,0.010770,-0.010770,1.142857,0
5.957500,0.000000,0.012960,-0.012960,1.142857,0
5.960000,0.000000,-0.007015,0.007015,1.047619,0
5.962500,0.000000,-0.007658,0.007658,1.047619,0
5.965000,0.000000,0.003388,-0.003388,1.047619,0
5.967500,0.000000,-0.004652,0.004652,1.047619,0
5.970000,0.000000,-0.017586,0.017586,1.047619,0
5.972500,0.000000,-0.018372,0.018372,1.047619,0
5.975000,0.000000,-0.021001,0.021001,1.047619,0
5.977500,0.000000,-0.025955,0.025955,1.047619,0
5.980000,0.000000,-0.036309,0.036309,1.047619,0
5.982500,0.000000,-0.030045,0.030045,0.984127,0
5.985000,0.000000,-0.023242,0.023242,0.984127,0
5.987500,0.000000,-0.032996,0.032996,0.984127,0
5.990000,0.000000,-0.041068,0.041068,0.984127,0
5.992500,0.000000,-0.038461,0.038461,0.984127,0
5.995000,0.000000,-0.046699,0.046699,0.984127,0
5.997500,0.000000,-0.043517,0.043517,0.984127,0
6.000000,0.000000,-0.027434,0.027434,0.952381,0
6.002500,0.000000,-0.027165,0.027165,0.952381,0
6.005000,0.000000,-0.038405,0.038405,0.952381,0
6.007500,0.000000,-0.033298,0.033298,0.952381,0
6.010000,0.000000,-0.034016,0.034016,0.952381,0
6.012500,0.000000,-0.034438,0.034438,0.952381,0
6.015000,0.000000,-0.028662,0.028662,0.952381,0
6.017500,0.000000,-0.020948,0.020948,0.952381,0
6.020000,0.000000,-0.019974,0.019974,0.984127,0
6.022500,0.000000,-0.019951,0.019951,0.984127,0
6.025000,0.000000,0.000378,-0.000378,0.984127,0
6.027500,0.000000,0.011836,-0.011836,0.984127,0
6.030000,0.000000,0.019437,-0.019437,0.984127,0
6.032500,0.000000,0.020103,-0.020103,0.984127,0
6.035000,0.000000,0.009904,-0.009904,0.984127,0
6.037500,0.000000,0.020353,-0.020353,0.984127,0
6.040000,0.000000,0.021137,-0.021137,0.952381,0
6.042500,0.000000,0.014829,-0.014829,0.952381,0
6.045000,0.000000,0.011992,-0.011992,0.952381,0
6.047500,0.000000,0.002180,-0.002180,0.952381,0
6.050000,0.000000,0.012433,-0.012433,0.952381,0
6.052500,0.000000,0.018711,-0.018711,0.952381,0
6.055000,0.000000,0.019904,-0.019904,0.952381,0
6.057500,0.000000,0.018875,-0.018875,0.952381,0
6.060000,0.000000,0.011674,-0.011674,0.952381,0
6.062500,0.000000,-0.008786,0.008786,0.984127,0
6.065000,0.000000,-0.021866,0.021866,0.984127,0
6.067500,0.000000,-0.028226,0.028226,0.984127,0
6.070000,0.000000,-0.035817,0.035817,0.984127,0
6.072500,0.000000,-0.032014,0.032014,0.984127,0
6.075000,0.000000,-0.023392,0.023392,0.984127,0
6.077500,0.000000,-0.023907,0.023907,0.984127,0
6.080000,0.000000,-0.008574,0.008574,0.888889,0
6.082500,0.000000,-0.016360,0.016360,0.888889,0
6.085000,0.000000,-0.017221,0.017221,0.888889,0
6.087500,0.000000,-0.017185,0.017185,0.888889,0
6.090000,0.000000,-0.005456,0.005456,0.888889,0
6.092500,0.000000,-0.004199,0.004199,0.888889,0
6.095000,0.000000,-0.002703,0.002703,0.888889,0
6.097500,0.000000,-0.019448,0.019448,0.888889,0
6.100000,0.000000,-0.027961,0.027961,0.888889,0
6.102500,0.000000,-0.016316,0.016316,0.920635,0
6.105000,0.000000,-0.036204,0.036204,0.920635,0
6.107500,0.000000,-0.021888,0.021888,0.920635,0
6.110000,0.000000,-0.016303,0.016303,0.920635,0
6.112500,0.000000,-0.023133,0.023133,0.920635,0
6.115000,0.000000,-0.030577,0.030577,0.920635,0
6.117500,0.000000,-0.011039,0.011039,0.920635,0
6.120000,0.000000,0.003137,-0.003137,0.920635,0
6.122500,0.000000,0.001870,-0.001870,0.920635,0
6.125000,0.000000,0.003130,-0.003130,0.920635,0
6.127500,0.000000,-0.003294,0.003294,0.920635,0
6.130000,0.000000,-0.001873,0.001873,0.920635,0
6.132500,0.000000,-0.008410,0.008410,0.920635,0
6.135000,0.000000,-0.008918,0.008918,0.920635,0
6.137500,0.000000,0.009065,-0.009065,0.920635,0
6.140000,0.000000,0.007981,-0.007981,1.047619,0
6.142500,0.000000,-0.001414,0.001414,1.047619,0
6.145000,0.000000,-0.013369,0.013369,1.047619,0
6.147500,0.000000,-0.011878,0.011878,1.047619,0
6.150000,0.000000,-0.018260,0.018260,1.047619,0
6.152500,0.000000,-0.015568,0.015568,1.047619,0
6.155000,0.000000,-0.029489,0.029489,1.047619,0
6.157500,0.000000,-0.022528,0.022528,1.047619,0
6.160000,0.000000,-0.031101,0.031101,1.079365,0
6.162500,0.000000,-0.029843,0.029843,1.079365,0
6.165000,0.000000,-0.031969,0.031969,1.079365,0
6.167500,0.000000,-0.016080,0.016080,1.079365,0
6.170000,0.000000,-0.014135,0.014135,1.079365,0
6.172500,0.000000,0.003318,-0.003318,1.079365,0
6.175000,0.000000,0.008153,-0.008153,1.079365,0
6.177500,0.000000,0.020473,-0.020473,1.079365,0
6.180000,0.000000,0.018061,-0.018061,1.079365,0
6.182500,0.000000,0.020608,-0.020608,1.079365,0
6.185000,0.000000,0.030811,-0.030811,1.079365,0
6.187500,0.000000,0.037965,-0.037965,1.079365,0
6.190000,0.000000,0.041610,-0.041610,1.079365,0
6.192500,0.000000,0.037528,-0.037528,1.079365,0
6.195000,0.000000,0.035061,-0.035061,1.079365,0
6.197500,0.000000,0.044203,-0.044203,1.079365,0
6.200000,0.000000,0.054953,-0.054953,1.079365,0
6.202500,0.000000,0.048113,-0.048113,1.079365,0
6.205000,0.000000,0.040112,-0.040112,1.079365,0
6.207500,0.000000,0.030896,-0.030896,1.079365,0
6.210000,0.000000,0.037445,-0.037445,1.079365,0
6.212500,0.000000,0.028063,-0.028063,1.079365,0
6.215000,0.000000,0.034594,-0.034594,1.079365,0
6.217500,0.000000,0.038506,-0.038506,1.079365,0
6.220000,0.000000,0.032675,-0.032675,1.111111,0
6.222500,0.000000,0.045463,-0.045463,1.111111,0
6.225000,0.000000,0.031383,-0.031383,1.111111,0
6.227500,0.000000,0.045078,-0.045078,1.111111,0
6.230000,0.000000,0.046628,-0.046628,1.111111,0
6.232500,0.000000,0.027091,-0.027091,1.111111,0
6.235000,0.000000,0.040354,-0.040354,1.111111,0
6.237500,0.000000,0.047799,-0.047799,1.111111,0
6.240000,0.000000,0.042687,-0.042687,1.111111,0
6.242500,0.000000,0.033667,-0.033667,1.206349,0
6.245000,0.000000,0.019886,-0.019886,1.206349,0
6.247500,0.000000,0.039286,-0.039286,1.206349,0
6.250000,0.000000,0.030626,-0.030626,1.206349,0
6.252500,0.000000,0.019354,-0.019354,1.206349,0
6.255000,0.000000,0.021070,-0.021070,1.206349,0
6.257500,0.000000,0.006887,-0.006887,1.206349,0
6.260000,0.000000,-0.001100,0.001100,1.269841,0
6.262500,0.000000,0.006872,-0.006872,1.269841,0
6.265000,0.000000,0.010415,-0.010415,1.269841,0
6.267500,0.000000,0.007049,-0.007049,1.269841,0
6.270000,0.000000,0.007017,-0.007017,1.269841,0
6.272500,0.000000,0.003267,-0.003267,1.269841,0
6.275000,0.000000,0.002682,-0.002682,1.269841,0
6.277500,0.000000,-0.003561,0.003561,1.269841,0
6.280000,0.000000,-0.008290,0.008290,1.238095,0
6.282500,0.000000,-0.013153,0.013153,1.238095,0
6.285000,0.000000,-0.018854,0.018854,1.238095,0
6.287500,0.000000,-0.009648,0.009648,1.238095,0
6.290000,0.000000,-0.002961,0.002961,1.238095,0
6.292500,0.000000,-0.010679,0.010679,1.238095,0
6.295000,0.000000,-0.020393,0.020393,1.238095,0
6.297500,0.000000,-0.021171,0.021171,1.238095,0
6.300000,0.000000,-0.002535,0.002535,1.238095,0
6.302500,0.000000,-0.012211,0.012211,1.079365,0
6.305000,0.000000,-0.013371,0.013371,1.079365,0
6.307500,0.000000,-0.012134,0.012134,1.079365,0
6.310000,0.000000,-0.012796,0.012796,1.079365,0
6.312500,0.000000,-0.016724,0.016724,1.079365,0
6.315000,0.000000,-0.005390,0.005390,1.079365,0
6.317500,0.000000,-0.000974,0.000974,1.079365,0
6.320000,0.000000,0.007175,-0.007175,1.047619,0
6.322500,0.000000,0.012602,-0.012602,1.047619,0
6.325000,0.000000,0.020762,-0.020762,1.047619,0
6.327500,0.000000,0.035240,-0.035240,1.047619,0
6.330000,0.000000,0.046843,-0.046843,1.047619,0
6.332500,0.000000,0.067511,-0.067511,1.047619,0
6.335000,0.000000,0.077025,-0.077025,1.047619,0
6.337500,0.000000,0.068387,-0.068387,1.047619,0
6.340000,0.000000,0.074870,-0.074870,0.952381,0
6.342500,0.000000,0.079716,-0.079716,0.952381,0
6.345000,0.000000,0.096720,-0.096720,0.952381,0
6.347500,0.000000,0.083791,-0.083791,0.952381,0
6.350000,0.000000,0.086757,-0.086757,0.952381,0
6.352500,0.000000,0.077116,-0.077116,0.952381,0
6.355000,0.000000,0.079819,-0.079819,0.952381,0
6.357500,0.000000,0.075133,-0.075133,0.952381,0
6.360000,0.000000,0.077358,-0.077358,1.047619,0
6.362500,0.000000,0.062134,-0.062134,1.047619,0
6.365000,0.000000,0.067623,-0.067623,1.047619,0
6.367500,0.000000,0.067552,-0.067552,1.047619,0
6.370000,0.000000,0.066987,-0.066987,1.047619,0
6.372500,0.000000,0.082978,-0.082978,1.047619,0
6.375000,0.000000,0.077046,-0.077046,1.047619,0
6.377500,0.000000,0.077953,-0.077953,1.047619,0
6.380000,0.000000,0.076608,-0.076608,1.047619,0
6.382500,0.000000,0.076201,-0.076201,1.047619,0
6.385000,0.000000,0.094422,-0.094422,1.047619,0
6.387500,0.000000,0.092262,-0.092262,1.047619,0
6.390000,0.000000,0.084360,-0.084360,1.047619,0
6.392500,0.000000,0.099116,-0.099116,1.047619,0
6.395000,0.000000,0.093403,-0.093403,1.047619,0
6.397500,0.000000,0.075921,-0.075921,1.047619,0
6.400000,0.000000,0.066107,-0.066107,0.952381,0
6.402500,0.000000,0.051580,-0.051580,0.952381,0
6.405000,0.000000,0.032034,-0.032034,0.952381,0
6.407500,0.000000,0.027421,-0.027421,0.952381,0
6.410000,0.000000,0.025866,-0.025866,0.952381,0
6.412500,0.000000,0.036738,-0.036738,0.952381,0
6.415000,0.000000,0.041807,-0.041807,0.952381,0
6.417500,0.000000,0.046260,-0.046260,0.952381,0
6.420000,0.000000,0.035043,-0.035043,0.857143,0
6.422500,0.000000,0.043360,-0.043360,0.857143,0
6.425000,0.000000,0.056778,-0.056778,0.857143,0
6.427500,0.000000,0.059070,-0.059070,0.857143,0
6.430000,0.000000,0.061573,-0.061573,0.857143,0
6.432500,0.000000,0.046128,-0.046128,0.857143,0
6.435000,0.000000,0.055713,-0.055713,0.857143,0
6.437500,0.000000,0.072590,-0.072590,0.857143,0
6.440000,0.000000,0.073570,-0.073570,0.857143,0
6.442500,0.000000,0.064919,-0.064919,0.857143,0
6.445000,0.000000,0.061086,-0.061086,0.857143,0
6.447500,0.000000,0.054698,-0.054698,0.857143,0
6.450000,0.000000,0.049156,-0.049156,0.857143,0
6.452500,0.000000,0.054263,-0.054263,0.857143,0
6.455000,0.000000,0.055379,-0.055379,0.857143,0
6.457500,0.000000,0.063940,-0.063940,0.857143,0
6.460000,0.000000,0.065737,-0.065737,0.825397,0
6.462500,0.000000,0.054346,-0.054346,0.825397,0
6.465000,0.000000,0.047217,-0.047217,0.825397,0
6.467500,0.000000,0.039685,-0.039685,0.825397,0
6.470000,0.000000,0.036393,-0.036393,0.825397,0
6.472500,0.000000,0.054083,-0.054083,0.825397,0
6.475000,0.000000,0.072836,-0.072836,0.825397,0
6.477500,0.000000,0.079199,-0.079199,0.825397,0
6.480000,0.000000,0.077721,-0.077721,0.761905,0
6.482500,0.000000,0.059752,-0.059752,0.761905,0
6.485000,0.000000,0.060098,-0.060098,0.761905,0
6.487500,0.000000,0.049218,-0.049218,0.761905,0
6.490000,0.000000,0.065541,-0.065541,0.761905,0
6.492500,0.000000,0.045530,-0.045530,0.761905,0
6.495000,0.000000,0.048177,-0.048177,0.761905,0
6.497500,0.000000,0.036908,-0.036908,0.761905,0
6.500000,0.000000,0.035734,-0.035734,0.920635,0
6.502500,0.000000,0.040891,-0.040891,0.920635,0
6.505000,0.000000,0.049238,-0.049238,0.920635,0
6.507500,0.000000,0.047209,-0.047209,0.920635,0
6.510000,0.000000,0.052959,-0.052959,0.920635,0
6.512500,0.000000,0.045144,-0.045144,0.920635,0
6.515000,0.000000,0.046113,-0.046113,0.920635,0
6.517500,0.000000,0.054210,-0.054210,0.920635,0
6.520000,0.000000,0.055779,-0.055779,0.888889,0
6.522500,0.000000,0.048881,-0.048881,0.888889,0
6.525000,0.000000,0.044639,-0.044639,0.888889,0
6.527500,0.000000,0.053200,-0.053200,0.888889,0
6.530000,0.000000,0.040857,-0.040857,0.888889,0
6.532500,0.000000,0.030334,-0.030334,0.888889,0
6.535000,0.000000,0.035294,-0.035294,0.888889,0
6.537500,0.000000,0.029889,-0.029889,0.888889,0
6.540000,0.000000,0.014694,-0.014694,0.888889,0
6.542500,0.000000,0.027121,-0.027121,0.920635,0
6.545000,0.000000,0.015812,-0.015812,0.920635,0
6.547500,0.000000,0.013430,-0.013430,0.920635,0
6.550000,0.000000,0.007098,-0.007098,0.920635,0
6.552500,0.000000,0.004033,-0.004033,0.920635,0
6.555000,0.000000,-0.004568,0.004568,0.920635,0
6.557500,0.000000,0.002424,-0.002424,0.920635,0
6.560000,0.000000,0.003414,-0.003414,0.920635,0
6.562500,0.000000,0.012766,-0.012766,0.920635,0
6.565000,0.000000,0.006517,-0.006517,0.920635,0
6.567500,0.000000,0.026855,-0.026855,0.920635,0
6.570000,0.000000,0.007686,-0.007686,0.920635,0
6.572500,0.000000,-0.007832,0.007832,0.920635,0
6.575000,0.000000,0.009320,-0.009320,0.920635,0
6.577500,0.000000,0.013612,-0.013612,0.920635,0
6.580000,0.000000,0.016330,-0.016330,0.984127,0
6.582500,0.000000,0.019796,-0.019796,0.984127,0
6.585000,0.000000,0.024449,-0.024449,0.984127,0
6.587500,0.000000,0.026488,-0.026488,0.984127,0
6.590000,0.000000,0.016848,-0.016848,0.984127,0
6.592500,0.000000,0.023885,-0.023885,0.984127,0
6.595000,0.000000,0.029278,-0.029278,0.984127,0
6.597500,0.000000,0.041606,-0.041606,0.984127,0
6.600000,0.000000,0.057138,-0.057138,0.952381,0
6.602500,0.000000,0.058564,-0.058564,0.952381,0
6.605000,0.000000,0.045110,-0.045110,0.952381,0
6.607500,0.000000,0.060639,-0.060639,0.952381,0
6.610000,0.000000,0.049106,-0.049106,0.952381,0
6.612500,0.000000,0.050848,-0.050848,0.952381,0
6.615000,0.000000,0.046865,-0.046865,0.952381,0
6.617500,0.000000,0.041342,-0.041342,0.952381,0
6.620000,0.000000,0.046902,-0.046902,1.047619,0
6.622500,0.000000,0.047748,-0.047748,1.047619,0
6.625000,0.000000,0.050944,-0.050944,1.047619,0
6.627500,0.000000,0.042306,-0.042306,1.047619,0
6.630000,0.000000,0.039577,-0.039577,1.047619,0
6.632500,0.000000,0.031630,-0.031630,1.047619,0
6.635000,0.000000,0.028968,-0.028968,1.047619,0
6.637500,0.000000,0.027093,-0.027093,1.047619,0
6.640000,0.000000,0.042802,-0.042802,1.047619,0
6.642500,0.000000,0.039270,-0.039270,1.047619,0
6.645000,0.000000,0.019108,-0.019108,1.047619,0
6.647500,0.000000,0.031087,-0.031087,1.047619,0
6.650000,0.000000,0.034241,-0.034241,1.047619,0
6.652500,0.000000,0.032087,-0.032087,1.047619,0
6.655000,0.000000,0.027233,-0.027233,1.047619,0
6.657500,0.000000,0.017914,-0.017914,1.047619,0
6.660000,0.000000,0.036396,-0.036396,0.952381,0
6.662500,0.000000,0.035775,-0.035775,0.952381,0
6.665000,0.000000,0.017642,-0.017642,0.952381,0
6.667500,0.000000,0.020303,-0.020303,0.952381,0
6.670000,0.000000,0.031464,-0.031464,0.952381,0
6.672500,0.000000,0.032020,-0.032020,0.952381,0
6.675000,0.000000,0.022239,-0.022239,0.952381,0
6.677500,0.000000,0.011896,-0.011896,0.952381,0
6.680000,0.000000,0.002320,-0.002320,0.920635,0
6.682500,0.000000,0.017480,-0.017480,0.920635,0
6.685000,0.000000,0.016211,-0.016211,0.920635,0
6.687500,0.000000,-0.001053,0.001053,0.920635,0
6.690000,0.000000,0.002808,-0.002808,0.920635,0
6.692500,0.000000,0.004123,-0.004123,0.920635,0
6.695000,0.000000,-0.000468,0.000468,0.920635,0
6.697500,0.000000,-0.010583,0.010583,0.920635,0
6.700000,0.000000,-0.021118,0.021118,0.888889,0
6.702500,0.000000,-0.009349,0.009349,0.888889,0
6.705000,0.000000,-0.006527,0.006527,0.888889,0
6.707500,0.000000,-0.001451,0.001451,0.888889,0
6.710000,0.000000,0.001079,-0.001079,0.888889,0
6.712500,0.000000,0.004366,-0.004366,0.888889,0
6.715000,0.000000,-0.000514,0.000514,0.888889,0
6.717500,0.000000,-0.002577,0.002577,0.888889,0
6.720000,0.000000,0.009641,-0.009641,0.857143,0
6.722500,0.000000,0.024027,-0.024027,0.857143,0
6.725000,0.000000,0.010563,-0.010563,0.857143,0
6.727500,0.000000,0.008061,-0.008061,0.857143,0
6.730000,0.000000,0.016471,-0.016471,0.857143,0
6.732500,0.000000,0.035349,-0.035349,0.857143,0
6.735000,0.000000,0.052551,-0.052551,0.857143,0
6.737500,0.000000,0.042658,-0.042658,0.857143,0
6.740000,0.000000,0.054367,-0.054367,0.857143,0
6.742500,0.000000,0.053205,-0.053205,0.857143,0
6.745000,0.000000,0.062180,-0.062180,0.857143,0
6.747500,0.000000,0.068234,-0.068234,0.857143,0
6.750000,0.000000,0.053110,-0.053110,0.857143,0
6.752500,0.000000,0.057011,-0.057011,0.857143,0
6.755000,0.000000,0.065431,-0.065431,0.857143,0
6.757500,0.000000,0.063116,-0.063116,0.857143,0
6.760000,0.000000,0.058849,-0.058849,0.920635,0
6.762500,0.000000,0.042010,-0.042010,0.920635,0
6.765000,0.000000,0.047292,-0.047292,0.920635,0
6.767500,0.000000,0.047860,-0.047860,0.920635,0
6.770000,0.000000,0.037546,-0.037546,0.920635,0
6.772500,0.000000,0.033271,-0.033271,0.920635,0
6.775000,0.000000,0.033745,-0.033745,0.920635,0
6.777500,0.000000,0.027337,-0.027337,0.920635,0
6.780000,0.000000,0.026530,-0.026530,0.920635,0
6.782500,0.000000,0.007708,-0.007708,0.857143,0
6.785000,0.000000,0.021291,-0.021291,0.857143,0
6.787500,0.000000,0.020764,-0.020764,0.857143,0
6.790000,0.000000,0.008850,-0.008850,0.857143,0
6.792500,0.000000,-0.016565,0.016565,0.857143,0
6.795000,0.000000,-0.005527,0.005527,0.857143,0
6.797500,0.000000,0.000342,-0.000342,0.857143,0
6.800000,0.000000,0.002290,-0.002290,0.952381,0
6.802500,0.000000,0.010264,-0.010264,0.952381,0
6.805000,0.000000,0.017992,-0.017992,0.952381,0
6.807500,0.000000,0.019277,-0.019277,0.952381,0
6.810000,0.000000,0.016327,-0.016327,0.952381,0
6.812500,0.000000,0.011934,-0.011934,0.952381,0
6.815000,0.000000,0.015531,-0.015531,0.952381,0
6.817500,0.000000,0.028200,-0.028200,0.952381,0
6.820000,0.000000,0.026280,-0.026280,0.888889,0
6.822500,0.000000,0.040200,-0.040200,0.888889,0
6.825000,0.000000,0.042656,-0.042656,0.888889,0
6.827500,0.000000,0.045109,-0.045109,0.888889,0
6.830000,0.000000,0.067675,-0.067675,0.888889,0
6.832500,0.000000,0.082017,-0.082017,0.888889,0
6.835000,0.000000,0.096159,-0.096159,0.888889,0
6.837500,0.000000,0.085186,-0.085186,0.888889,0
6.840000,0.000000,0.104330,-0.104330,0.888889,0
6.842500,0.000000,0.100228,-0.100228,0.888889,0
6.845000,0.000000,0.094812,-0.094812,0.888889,0
6.847500,0.000000,0.070353,-0.070353,0.888889,0
6.850000,0.000000,0.071385,-0.071385,0.888889,0
6.852500,0.000000,0.058372,-0.058372,0.888889,0
6.855000,0.000000,0.060595,-0.060595,0.888889,0
6.857500,0.000000,0.047150,-0.047150,0.888889,0
6.860000,0.000000,0.062567,-0.062567,0.952381,0
6.862500,0.000000,0.065880,-0.065880,0.952381,0
6.865000,0.000000,0.085311,-0.085311,0.952381,0
6.867500,0.000000,0.073168,-0.073168,0.952381,0
6.870000,0.000000,0.085562,-0.085562,0.952381,0
6.872500,0.000000,0.066039,-0.066039,0.952381,0
6.875000,0.000000,0.066032,-0.066032,0.952381,0
6.877500,0.000000,0.058100,-0.058100,0.952381,0
6.880000,0.000000,0.052614,-0.052614,1.047619,0
6.882500,0.000000,0.046664,-0.046664,1.047619,0
6.885000,0.000000,0.037379,-0.037379,1.047619,0
6.887500,0.000000,0.025301,-0.025301,1.047619,0
6.890000,0.000000,0.020709,-0.020709,1.047619,0
6.892500,0.000000,0.021154,-0.021154,1.047619,0
6.895000,0.000000,0.030844,-0.030844,1.047619,0
6.897500,0.000000,0.032596,-0.032596,1.047619,0
6.900000,0.000000,0.042861,-0.042861,0.952381,0
6.902500,0.000000,0.027289,-0.027289,0.952381,0
6.905000,0.000000,0.022280,-0.022280,0.952381,0
6.907500,0.000000,0.028457,-0.028457,0.952381,0
6.910000,0.000000,0.030899,-0.030899,0.952381,0
6.912500,0.000000,0.021656,-0.021656,0.952381,0
6.915000,0.000000,0.029997,-0.029997,0.952381,0
6.917500,0.000000,0.023965,-0.023965,0.952381,0
6.920000,0.000000,0.016202,-0.016202,1.015873,0
6.922500,0.000000,0.020172,-0.020172,1.015873,0
6.925000,0.000000,0.019646,-0.019646,1.015873,0
6.927500,0.000000,0.014301,-0.014301,1.015873,0
6.930000,0.000000,0.008794,-0.008794,1.015873,0
6.932500,0.000000,-0.001258,0.001258,1.015873,0
6.935000,0.000000,-0.004849,0.004849,1.015873,0
6.937500,0.000000,0.005386,-0.005386,1.015873,0
6.940000,0.000000,0.007598,-0.007598,0.952381,0
6.942500,0.000000,0.016677,-0.016677,0.952381,0
6.945000,0.000000,0.021175,-0.021175,0.952381,0
6.947500,0.000000,0.014585,-0.014585,0.952381,0
6.950000,0.000000,-0.001850,0.001850,0.952381,0
6.952500,0.000000,-0.010774,0.010774,0.952381,0
6.955000,0.000000,-0.016945,0.016945,0.952381,0
6.957500,0.000000,-0.023671,0.023671,0.952381,0
6.960000,0.000000,-0.012474,0.012474,0.857143,0
6.962500,0.000000,-0.001799,0.001799,0.857143,0
6.965000,0.000000,0.021566,-0.021566,0.857143,0
6.967500,0.000000,0.012826,-0.012826,0.857143,0
6.970000,0.000000,0.029138,-0.029138,0.857143,0
6.972500,0.000000,0.044805,-0.044805,0.857143,0
6.975000,0.000000,0.040906,-0.040906,0.857143,0
6.977500,0.000000,0.044486,-0.044486,0.857143,0
6.980000,0.000000,0.055217,-0.055217,0.920635,0
6.982500,0.000000,0.052939,-0.052939,0.920635,0
6.985000,0.000000,0.049976,-0.049976,0.920635,0
6.987500,0.000000,0.042316,-0.042316,0.920635,0
6.990000,0.000000,0.017996,-0.017996,0.920635,0
6.992500,0.000000,0.018128,-0.018128,0.920635,0
6.995000,0.000000,0.010647,-0.010647,0.920635,0
6.997500,0.000000,-0.000167,0.000167,0.920635,0
7.000000,0.000000,0.003955,-0.003955,0.920635,0
7.002500,0.000000,-0.010318,0.010318,0.920635,0
7.005000,0.000000,-0.002140,0.002140,0.920635,0
7.007500,0.000000,0.002640,-0.002640,0.920635,0
7.010000,0.000000,-0.001343,0.001343,0.920635,0
7.012500,0.000000,-0.001918,0.001918,0.920635,0
7.015000,0.000000,-0.013462,0.013462,0.920635,0
7.017500,0.000000,-0.005733,0.005733,0.920635,0
7.020000,0.000000,-0.003667,0.003667,0.888889,0
7.022500,0.000000,-0.000921,0.000921,0.888889,0
7.025000,0.000000,0.004143,-0.004143,0.888889,0
7.027500,0.000000,-0.002428,0.002428,0.888889,0
7.030000,0.000000,-0.017567,0.017567,0.888889,0
7.032500,0.000000,-0.007429,0.007429,0.888889,0
7.035000,0.000000,-0.000305,0.000305,0.888889,0
7.037500,0.000000,-0.005647,0.005647,0.888889,0
7.040000,0.000000,-0.001099,0.001099,0.825397,0
7.042500,0.000000,0.012303,-0.012303,0.825397,0
7.045000,0.000000,0.023959,-0.023959,0.825397,0
7.047500,0.000000,0.017188,-0.017188,0.825397,0
7.050000,0.000000,0.000906,-0.000906,0.825397,0
7.052500,0.000000,-0.012996,0.012996,0.825397,0
7.055000,0.000000,-0.015840,0.015840,0.825397,0
7.057500,0.000000,0.000029,-0.000029,0.825397,0
7.060000,0.000000,-0.007128,0.007128,0.888889,0
7.062500,0.000000,-0.012768,0.012768,0.888889,0
7.065000,0.000000,-0.018436,0.018436,0.888889,0
7.067500,0.000000,-0.023093,0.023093,0.888889,0
7.070000,0.000000,-0.022485,0.022485,0.888889,0
7.072500,0.000000,-0.034386,0.034386,0.888889,0
7.075000,0.000000,-0.022637,0.022637,0.888889,0
7.077500,0.000000,-0.023359,0.023359,0.888889,0
7.080000,0.000000,0.003465,-0.003465,0.825397,0
7.082500,0.000000,-0.008959,0.008959,0.825397,0
7.085000,0.000000,0.007986,-0.007986,0.825397,0
7.087500,0.000000,0.022270,-0.022270,0.825397,0
7.090000,0.000000,0.017236,-0.017236,0.825397,0
7.092500,0.000000,0.012548,-0.012548,0.825397,0
7.095000,0.000000,0.002540,-0.002540,0.825397,0
7.097500,0.000000,-0.007007,0.007007,0.825397,0
7.100000,0.000000,-0.006791,0.006791,0.857143,0
7.102500,0.000000,-0.006366,0.006366,0.857143,0
7.105000,0.000000,-0.022279,0.022279,0.857143,0
7.107500,0.000000,0.001496,-0.001496,0.857143,0
7.110000,0.000000,-0.001162,0.001162,0.857143,0
7.112500,0.000000,-0.000465,0.000465,0.857143,0
7.115000,0.000000,-0.006749,0.006749,0.857143,0
7.117500,0.000000,-0.009219,0.009219,0.857143,0
7.120000,0.000000,-0.012149,0.012149,0.984127,0
7.122500,0.000000,-0.011832,0.011832,0.984127,0
7.125000,0.000000,-0.011627,0.011627,0.984127,0
7.127500,0.000000,-0.004051,0.004051,0.984127,0
7.130000,0.000000,-0.001884,0.001884,0.984127,0
7.132500,0.000000,0.004546,-0.004546,0.984127,0
7.135000,0.000000,0.004326,-0.004326,0.984127,0
7.137500,0.000000,0.006306,-0.006306,0.984127,0
7.140000,0.000000,0.003854,-0.003854,0.952381,0
7.142500,0.000000,0.013167,-0.013167,0.952381,0
7.145000,0.000000,0.015811,-0.015811,0.952381,0
7.147500,0.000000,0.013851,-0.013851,0.952381,0
7.150000,0.000000,0.011665,-0.011665,0.952381,0
7.152500,0.000000,0.010286,-0.010286,0.952381,0
7.155000,0.000000,0.010266,-0.010266,0.952381,0
7.157500,0.000000,0.009426,-0.009426,0.952381,0
7.160000,0.000000,0.004010,-0.004010,0.984127,0
7.162500,0.000000,0.010942,-0.010942,0.984127,0
7.165000,0.000000,0.018264,-0.018264,0.984127,0
7.167500,0.000000,0.034217,-0.034217,0.984127,0
7.170000,0.000000,0.027629,-0.027629,0.984127,0
7.172500,0.000000,0.032995,-0.032995,0.984127,0
7.175000,0.000000,0.014314,-0.014314,0.984127,0
7.177500,0.000000,0.021595,-0.021595,0.984127,0
7.180000,0.000000,0.007807,-0.007807,1.015873,0
7.182500,0.000000,-0.001332,0.001332,1.015873,0
7.185000,0.000000,0.001720,-0.001720,1.015873,0
7.187500,0.000000,-0.003977,0.003977,1.015873,0
7.190000,0.000000,-0.010765,0.010765,1.015873,0
7.192500,0.000000,-0.014873,0.014873,1.015873,0
7.195000,0.000000,-0.007785,0.007785,1.015873,0
7.197500,0.000000,-0.016085,0.016085,1.015873,0
7.200000,0.000000,-0.016114,0.016114,1.047619,0
7.202500,0.000000,-0.019037,0.019037,1.047619,0
7.205000,0.000000,-0.011173,0.011173,1.047619,0
7.207500,0.000000,-0.003268,0.003268,1.047619,0
7.210000,0.000000,-0.019627,0.019627,1.047619,0
7.212500,0.000000,-0.009688,0.009688,1.047619,0
7.215000,0.000000,-0.014903,0.014903,1.047619,0
7.217500,0.000000,-0.012351,0.012351,1.047619,0
7.220000,0.000000,-0.020048,0.020048,1.111111,0
7.222500,0.000000,-0.016322,0.016322,1.111111,0
7.225000,0.000000,0.006054,-0.006054,1.111111,0
7.227500,0.000000,0.006984,-0.006984,1.111111,0
7.230000,0.000000,0.002823,-0.002823,1.111111,0
7.232500,0.000000,0.000737,-0.000737,1.111111,0
7.235000,0.000000,-0.012018,0.012018,1.111111,0
7.237500,0.000000,0.000896,-0.000896,1.111111,0
7.240000,0.000000,0.003593,-0.003593,1.111111,0
7.242500,0.000000,-0.005416,0.005416,1.142857,0
7.245000,0.000000,-0.013926,0.013926,1.142857,0
7.247500,0.000000,-0.013419,0.013419,1.142857,0
7.250000,0.000000,-0.005087,0.005087,1.142857,0
7.252500,0.000000,-0.014810,0.014810,1.142857,0
7.255000,0.000000,-0.004853,0.004853,1.142857,0
7.257500,0.000000,-0.005508,0.005508,1.142857,0
7.260000,0.000000,-0.012995,0.012995,1.206349,0
7.262500,0.000000,-0.016504,0.016504,1.206349,0
7.265000,0.000000,-0.001656,0.001656,1.206349,0
7.267500,0.000000,-0.013087,0.013087,1.206349,0
7.270000,0.000000,-0.018808,0.018808,1.206349,0
7.272500,0.000000,-0.010405,0.010405,1.206349,0
7.275000,0.000000,-0.008330,0.008330,1.206349,0
7.277500,0.000000,-0.014707,0.014707,1.206349,0
7.280000,0.000000,-0.005840,0.005840,1.142857,0
7.282500,0.000000,0.003201,-0.003201,1.142857,0
7.285000,0.000000,0.006020,-0.006020,1.142857,0
7.287500,0.000000,0.000477,-0.000477,1.142857,0
7.290000,0.000000,-0.003562,0.003562,1.142857,0
7.292500,0.000000,-0.000962,0.000962,1.142857,0
7.295000,0.000000,-0.012466,0.012466,1.142857,0
7.297500,0.000000,-0.000445,0.000445,1.142857,0
7.300000,0.000000,0.014158,-0.014158,1.174603,0
7.302500,0.000000,0.011746,-0.011746,1.174603,0
7.305000,0.000000,0.014489,-0.014489,1.174603,0
7.307500,0.000000,0.024299,-0.024299,1.174603,0
7.310000,0.000000,0.040479,-0.040479,1.174603,0
7.312500,0.000000,0.052795,-0.052795,1.174603,0
7.315000,0.000000,0.036386,-0.036386,1.174603,0
7.317500,0.000000,0.032669,-0.032669,1.174603,0
7.320000,0.000000,0.036186,-0.036186,1.142857,0
7.322500,0.000000,0.030799,-0.030799,1.142857,0
7.325000,0.000000,0.045715,-0.045715,1.142857,0
7.327500,0.000000,0.058856,-0.058856,1.142857,0
7.330000,0.000000,0.049988,-0.049988,1.142857,0
7.332500,0.000000,0.047152,-0.047152,1.142857,0
7.335000,0.000000,0.039200,-0.039200,1.142857,0
7.337500,0.000000,0.036376,-0.036376,1.142857,0
7.340000,0.000000,0.033206,-0.033206,1.079365,0
7.342500,0.000000,0.041102,-0.041102,1.079365,0
7.345000,0.000000,0.031646,-0.031646,1.079365,0
7.347500,0.000000,0.006455,-0.006455,1.079365,0
7.350000,0.000000,-0.008594,0.008594,1.079365,0
7.352500,0.000000,-0.017855,0.017855,1.079365,0
7.355000,0.000000,-0.023393,0.023393,1.079365,0
7.357500,0.000000,-0.020982,0.020982,1.079365,0
7.360000,0.000000,-0.030579,0.030579,1.047619,0
7.362500,0.000000,-0.041114,0.041114,1.047619,0
7.365000,0.000000,-0.048660,0.048660,1.047619,0
7.367500,0.000000,-0.057725,0.057725,1.047619,0
7.370000,0.000000,-0.061226,0.061226,1.047619,0
7.372500,0.000000,-0.065020,0.065020,1.047619,0
7.375000,0.000000,-0.056621,0.056621,1.047619,0
7.377500,0.000000,-0.064221,0.064221,1.047619,0
7.380000,0.000000,-0.065795,0.065795,0.952381,0
7.382500,0.000000,-0.069215,0.069215,0.952381,0
7.385000,0.000000,-0.058818,0.058818,0.952381,0
7.387500,0.000000,-0.058498,0.058498,0.952381,0
7.390000,0.000000,-0.046073,0.046073,0.952381,0
7.392500,0.000000,-0.056167,0.056167,0.952381,0
7.395000,0.000000,-0.054884,0.054884,0.952381,0
7.397500,0.000000,-0.058898,0.058898,0.952381,0
7.400000,0.000000,-0.068954,0.068954,0.984127,0
7.402500,0.000000,-0.067500,0.067500,0.984127,0
7.405000,0.000000,-0.048724,0.048724,0.984127,0
7.407500,0.000000,-0.055458,0.055458,0.984127,0
7.410000,0.000000,-0.054996,0.054996,0.984127,0
7.412500,0.000000,-0.065942,0.065942,0.984127,0
7.415000,0.000000,-0.077956,0.077956,0.984127,0
7.417500,0.000000,-0.083146,0.083146,0.984127,0
7.420000,0.000000,-0.085106,0.085106,0.888889,0
7.422500,0.000000,-0.086532,0.086532,0.888889,0
7.425000,0.000000,-0.086036,0.086036,0.888889,0
7.427500,0.000000,-0.100319,0.100319,0.888889,0
7.430000,0.000000,-0.103513,0.103513,0.888889,0
7.432500,0.000000,-0.094958,0.094958,0.888889,0
7.435000,0.000000,-0.105847,0.105847,0.888889,0
7.437500,0.000000,-0.106057,0.106057,0.888889,0
7.440000,0.000000,-0.098959,0.098959,0.793651,0
7.442500,0.000000,-0.104233,0.104233,0.793651,0
7.445000,0.000000,-0.096729,0.096729,0.793651,0
7.447500,0.000000,-0.110254,0.110254,0.793651,0
7.450000,0.000000,-0.096546,0.096546,0.793651,0
7.452500,0.000000,-0.089140,0.089140,0.793651,0
7.455000,0.000000,-0.085429,0.085429,0.793651,0
7.457500,0.000000,-0.070148,0.070148,0.793651,0
7.460000,0.000000,-0.071283,0.071283,0.825397,0
7.462500,0.000000,-0.075417,0.075417,0.825397,0
7.465000,0.000000,-0.058478,0.058478,0.825397,0
7.467500,0.000000,-0.037216,0.037216,0.825397,0
7.470000,0.000000,-0.043249,0.043249,0.825397,0
7.472500,0.000000,-0.043008,0.043008,0.825397,0
7.475000,0.000000,-0.030670,0.030670,0.825397,0
7.477500,0.000000,-0.030473,0.030473,0.825397,0
7.480000,0.000000,-0.023505,0.023505,0.857143,0
7.482500,0.000000,-0.014886,0.014886,0.857143,0
7.485000,0.000000,-0.020081,0.020081,0.857143,0
7.487500,0.000000,-0.015214,0.015214,0.857143,0
7.490000,0.000000,-0.014792,0.014792,0.857143,0
7.492500,0.000000,-0.026583,0.026583,0.857143,0
7.495000,0.000000,-0.035708,0.035708,0.857143,0
7.497500,0.000000,-0.041144,0.041144,0.857143,0
7.500000,0.000000,-0.030811,0.030811,0.888889,0
7.502500,0.000000,-0.020468,0.020468,0.888889,0
7.505000,0.000000,-0.012503,0.012503,0.888889,0
7.507500,0.000000,-0.007810,0.007810,0.888889,0
7.510000,0.000000,-0.003526,0.003526,0.888889,0
7.512500,0.000000,-0.000698,0.000698,0.888889,0
7.515000,0.000000,0.003320,-0.003320,0.888889,0
7.517500,0.000000,0.007880,-0.007880,0.888889,0
7.520000,0.000000,-0.007593,0.007593,0.793651,0
7.522500,0.000000,-0.015866,0.015866,0.793651,0
7.525000,0.000000,-0.026408,0.026408,0.793651,0
7.527500,0.000000,-0.013612,0.013612,0.793651,0
7.530000,0.000000,0.004589,-0.004589,0.793651,0
7.532500,0.000000,-0.018783,0.018783,0.793651,0
7.535000,0.000000,-0.001430,0.001430,0.793651,0
7.537500,0.000000,-0.000457,0.000457,0.793651,0
7.540000,0.000000,0.010342,-0.010342,0.793651,0
7.542500,0.000000,0.015055,-0.015055,0.857143,0
7.545000,0.000000,0.028921,-0.028921,0.857143,0
7.547500,0.000000,0.030100,-0.030100,0.857143,0
7.550000,0.000000,0.015560,-0.015560,0.857143,0
7.552500,0.000000,0.014015,-0.014015,0.857143,0
7.555000,0.000000,0.018719,-0.018719,0.857143,0
7.557500,0.000000,0.015972,-0.015972,0.857143,0
7.560000,0.000000,0.022238,-0.022238,0.825397,0
7.562500,0.000000,0.020835,-0.020835,0.825397,0
7.565000,0.000000,0.014017,-0.014017,0.825397,0
7.567500,0.000000,0.002372,-0.002372,0.825397,0
7.570000,0.000000,-0.001740,0.001740,0.825397,0
7.572500,0.000000,0.000422,-0.000422,0.825397,0
7.575000,0.000000,-0.019752,0.019752,0.825397,0
7.577500,0.000000,-0.027133,0.027133,0.825397,0
7.580000,0.000000,-0.045556,0.045556,0.888889,0
7.582500,0.000000,-0.050124,0.050124,0.888889,0
7.585000,0.000000,-0.037011,0.037011,0.888889,0
7.587500,0.000000,-0.047365,0.047365,0.888889,0
7.590000,0.000000,-0.039093,0.039093,0.888889,0
7.592500,0.000000,-0.010230,0.010230,0.888889,0
7.595000,0.000000,0.004216,-0.004216,0.888889,0
7.597500,0.000000,0.005385,-0.005385,0.888889,0
7.600000,0.000000,0.013583,-0.013583,0.888889,0
7.602500,0.000000,-0.000193,0.000193,0.888889,0
7.605000,0.000000,-0.015545,0.015545,0.888889,0
7.607500,0.000000,-0.014785,0.014785,0.888889,0
7.610000,0.000000,-0.010430,0.010430,0.888889,0
7.612500,0.000000,0.000601,-0.000601,0.888889,0
7.615000,0.000000,-0.004987,0.004987,0.888889,0
7.617500,0.000000,-0.002938,0.002938,0.888889,0
7.620000,0.000000,-0.001234,0.001234,0.857143,0
7.622500,0.000000,-0.002523,0.002523,0.857143,0
7.625000,0.000000,-0.003175,0.003175,0.857143,0
7.627500,0.000000,-0.011713,0.011713,0.857143,0
7.630000,0.000000,-0.008512,0.008512,0.857143,0
7.632500,0.000000,-0.006270,0.006270,0.857143,0
7.635000,0.000000,-0.010514,0.010514,0.857143,0
7.637500,0.000000,-0.003456,0.003456,0.857143,0
7.640000,0.000000,0.007377,-0.007377,0.825397,0
7.642500,0.000000,0.014190,-0.014190,0.825397,0
7.645000,0.000000,0.002878,-0.002878,0.825397,0
7.647500,0.000000,0.003819,-0.003819,0.825397,0
7.650000,0.000000,-0.005769,0.005769,0.825397,0
7.652500,0.000000,-0.004578,0.004578,0.825397,0
7.655000,0.000000,-0.013832,0.013832,0.825397,0
7.657500,0.000000,-0.000156,0.000156,0.825397,0
7.660000,0.000000,0.007953,-0.007953,0.825397,0
7.662500,0.000000,0.018886,-0.018886,0.888889,0
7.665000,0.000000,0.028515,-0.028515,0.888889,0
7.667500,0.000000,0.025009,-0.025009,0.888889,0
7.670000,0.000000,0.020099,-0.020099,0.888889,0
7.672500,0.000000,0.036444,-0.036444,0.888889,0
7.675000,0.000000,0.033710,-0.033710,0.888889,0
7.677500,0.000000,0.019452,-0.019452,0.888889,0
7.680000,0.000000,0.028149,-0.028149,0.952381,0
7.682500,0.000000,0.028654,-0.028654,0.952381,0
7.685000,0.000000,0.041733,-0.041733,0.952381,0
7.687500,0.000000,0.042761,-0.042761,0.952381,0
7.690000,0.000000,0.041320,-0.041320,0.952381,0
7.692500,0.000000,0.054298,-0.054298,0.952381,0
7.695000,0.000000,0.038363,-0.038363,0.952381,0
7.697500,0.000000,0.031767,-0.031767,0.952381,0
7.700000,0.000000,0.022793,-0.022793,0.984127,0
7.702500,0.000000,0.002149,-0.002149,0.984127,0
7.705000,0.000000,0.010056,-0.010056,0.984127,0
7.707500,0.000000,0.004667,-0.004667,0.984127,0
7.710000,0.000000,0.012828,-0.012828,0.984127,0
7.712500,0.000000,0.016028,-0.016028,0.984127,0
7.715000,0.000000,0.021146,-0.021146,0.984127,0
7.717500,0.000000,0.016335,-0.016335,0.984127,0
7.720000,0.000000,0.008806,-0.008806,0.984127,0
7.722500,0.000000,0.009378,-0.009378,0.984127,0
7.725000,0.000000,0.017609,-0.017609,0.984127,0
7.727500,0.000000,0.016627,-0.016627,0.984127,0
7.730000,0.000000,0.009627,-0.009627,0.984127,0
7.732500,0.000000,-0.001791,0.001791,0.984127,0
7.735000,0.000000,0.000160,-0.000160,0.984127,0
7.737500,0.000000,-0.005001,0.005001,0.984127,0
7.740000,0.000000,-0.005508,0.005508,1.015873,0
7.742500,0.000000,-0.007517,0.007517,1.015873,0
7.745000,0.000000,-0.011340,0.011340,1.015873,0
7.747500,0.000000,-0.008339,0.008339,1.015873,0
7.750000,0.000000,-0.003045,0.003045,1.015873,0
7.752500,0.000000,0.014980,-0.014980,1.015873,0
7.755000,0.000000,0.021473,-0.021473,1.015873,0
7.757500,0.000000,0.035433,-0.035433,1.015873,0
7.760000,0.000000,0.026410,-0.026410,0.952381,0
7.762500,0.000000,0.010089,-0.010089,0.952381,0
7.765000,0.000000,0.009641,-0.009641,0.952381,0
7.767500,0.000000,0.017650,-0.017650,0.952381,0
7.770000,0.000000,0.023893,-0.023893,0.952381,0
7.772500,0.000000,0.034876,-0.034876,0.952381,0
7.775000,0.000000,0.009294,-0.009294,0.952381,0
7.777500,0.000000,0.021115,-0.021115,0.952381,0
7.780000,0.000000,0.023710,-0.023710,0.952381,0
7.782500,0.000000,0.008080,-0.008080,0.952381,0
7.785000,0.000000,0.014816,-0.014816,0.952381,0
7.787500,0.000000,0.015999,-0.015999,0.952381,0
7.790000,0.000000,0.019188,-0.019188,0.952381,0
7.792500,0.000000,0.028236,-0.028236,0.952381,0
7.795000,0.000000,0.031523,-0.031523,0.952381,0
7.797500,0.000000,0.016369,-0.016369,0.952381,0
7.800000,0.000000,0.014436,-0.014436,0.920635,0
7.802500,0.000000,-0.002054,0.002054,0.920635,0
7.805000,0.000000,0.004439,-0.004439,0.920635,0
7.807500,0.000000,0.018131,-0.018131,0.920635,0
7.810000,0.000000,0.005293,-0.005293,0.920635,0
7.812500,0.000000,-0.001504,0.001504,0.920635,0
7.815000,0.000000,-0.010164,0.010164,0.920635,0
7.817500,0.000000,-0.014323,0.014323,0.920635,0
7.820000,0.000000,-0.009813,0.009813,0.920635,0
7.822500,0.000000,-0.014426,0.014426,0.793651,0
7.825000,0.000000,-0.006647,0.006647,0.793651,0
7.827500,0.000000,0.005406,-0.005406,0.793651,0
7.830000,0.000000,0.017389,-0.017389,0.793651,0
7.832500,0.000000,0.004478,-0.004478,0.793651,0
7.835000,0.000000,0.019520,-0.019520,0.793651,0
7.837500,0.000000,0.034866,-0.034866,0.793651,0
7.840000,0.000000,0.050057,-0.050057,0.825397,0
7.842500,0.000000,0.046734,-0.046734,0.825397,0
7.845000,0.000000,0.037294,-0.037294,0.825397,0
7.847500,0.000000,0.025747,-0.025747,0.825397,0
7.850000,0.000000,0.013371,-0.013371,0.825397,0
7.852500,0.000000,0.013051,-0.013051,0.825397,0
7.855000,0.000000,0.021465,-0.021465,0.825397,0
7.857500,0.000000,0.034369,-0.034369,0.825397,0
7.860000,0.000000,0.027973,-0.027973,0.793651,0
7.862500,0.000000,0.026608,-0.026608,0.793651,0
7.865000,0.000000,0.024590,-0.024590,0.793651,0
7.867500,0.000000,0.016963,-0.016963,0.793651,0
7.870000,0.000000,0.024246,-0.024246,0.793651,0
7.872500,0.000000,0.027296,-0.027296,0.793651,0
7.875000,0.000000,0.027887,-0.027887,0.793651,0
7.877500,0.000000,0.030757,-0.030757,0.793651,0
7.880000,0.000000,0.036662,-0.036662,0.730159,0
7.882500,0.000000,0.042219,-0.042219,0.730159,0
7.885000,0.000000,0.031222,-0.031222,0.730159,0
7.887500,0.000000,0.040217,-0.040217,0.730159,0
7.890000,0.000000,0.041658,-0.041658,0.730159,0
7.892500,0.000000,0.035308,-0.035308,0.730159,0
7.895000,0.000000,0.036679,-0.036679,0.730159,0
7.897500,0.000000,0.039228,-0.039228,0.730159,0
7.900000,0.000000,0.049889,-0.049889,0.730159,0
7.902500,0.000000,0.036516,-0.036516,0.730159,0
7.905000,0.000000,0.049924,-0.049924,0.730159,0
7.907500,0.000000,0.048434,-0.048434,0.730159,0
7.910000,0.000000,0.041150,-0.041150,0.730159,0
7.912500,0.000000,0.033795,-0.033795,0.730159,0
7.915000,0.000000,0.021591,-0.021591,0.730159,0
7.917500,0.000000,0.001694,-0.001694,0.730159,0
7.920000,0.000000,0.008813,-0.008813,0.761905,0
7.922500,0.000000,0.029499,-0.029499,0.761905,0
7.925000,0.000000,0.011377,-0.011377,0.761905,0
7.927500,0.000000,0.000930,-0.000930,0.761905,0
7.930000,0.000000,0.008859,-0.008859,0.761905,0
7.932500,0.000000,0.008079,-0.008079,0.761905,0
7.935000,0.000000,0.016646,-0.016646,0.761905,0
7.937500,0.000000,0.015011,-0.015011,0.761905,0
7.940000,0.000000,0.009001,-0.009001,0.857143,0
7.942500,0.000000,0.006560,-0.006560,0.857143,0
7.945000,0.000000,-0.016573,0.016573,0.857143,0
7.947500,0.000000,-0.027105,0.027105,0.857143,0
7.950000,0.000000,-0.017098,0.017098,0.857143,0
7.952500,0.000000,-0.005010,0.005010,0.857143,0
7.955000,0.000000,0.008817,-0.008817,0.857143,0
7.957500,0.000000,0.012841,-0.012841,0.857143,0
7.960000,0.000000,-0.011123,0.011123,0.793651,0
7.962500,0.000000,-0.017381,0.017381,0.793651,0
7.965000,0.000000,-0.002991,0.002991,0.793651,0
7.967500,0.000000,0.014034,-0.014034,0.793651,0
7.970000,0.000000,0.027779,-0.027779,0.793651,0
7.972500,0.000000,0.024401,-0.024401,0.793651,0
7.975000,0.000000,0.009977,-0.009977,0.793651,0
7.977500,0.000000,0.009224,-0.009224,0.793651,0
7.980000,0.000000,0.009075,-0.009075,0.793651,0
7.982500,0.000000,0.025089,-0.025089,0.793651,0
7.985000,0.000000,0.026636,-0.026636,0.793651,0
7.987500,0.000000,0.025932,-0.025932,0.793651,0
7.990000,0.000000,0.025843,-0.025843,0.793651,0
7.992500,0.000000,0.029157,-0.029157,0.793651,0
7.995000,0.000000,0.034721,-0.034721,0.793651,0
7.997500,0.000000,0.026032,-0.026032,0.793651,0
8.000000,0.000000,0.014161,-0.014161,0.793651,0
8.002500,0.000000,0.028985,-0.028985,0.730159,0
8.005000,0.000000,0.009658,-0.009658,0.730159,0
8.007500,0.000000,0.027545,-0.027545,0.730159,0
8.010000,0.000000,0.005358,-0.005358,0.730159,0
8.012500,0.000000,-0.001309,0.001309,0.730159,0
8.015000,0.000000,0.009489,-0.009489,0.730159,0
8.017500,0.000000,0.009162,-0.009162,0.730159,0
8.020000,0.000000,-0.004656,0.004656,0.793651,0
8.022500,0.000000,-0.000121,0.000121,0.793651,0
8.025000,0.000000,0.000572,-0.000572,0.793651,0
8.027500,0.000000,-0.001671,0.001671,0.793651,0
8.030000,0.000000,-0.008043,0.008043,0.793651,0
8.032500,0.000000,-0.008138,0.008138,0.793651,0
8.035000,0.000000,-0.013874,0.013874,0.793651,0
8.037500,0.000000,0.011701,-0.011701,0.793651,0
8.040000,0.000000,0.009108,-0.009108,0.888889,0
8.042500,0.000000,0.005328,-0.005328,0.888889,0
8.045000,0.000000,0.000065,-0.000065,0.888889,0
8.047500,0.000000,0.016857,-0.016857,0.888889,0
8.050000,0.000000,0.000817,-0.000817,0.888889,0
8.052500,0.000000,0.004208,-0.004208,0.888889,0
8.055000,0.000000,0.001802,-0.001802,0.888889,0
8.057500,0.000000,-0.011845,0.011845,0.888889,0
8.060000,0.000000,-0.019100,0.019100,0.920635,0
8.062500,0.000000,-0.015587,0.015587,0.920635,0
8.065000,0.000000,-0.023196,0.023196,0.920635,0
8.067500,0.000000,-0.020080,0.020080,0.920635,0
8.070000,0.000000,-0.003261,0.003261,0.920635,0
8.072500,0.000000,-0.001560,0.001560,0.920635,0
8.075000,0.000000,-0.015212,0.015212,0.920635,0
8.077500,0.000000,-0.022754,0.022754,0.920635,0
8.080000,0.000000,-0.024774,0.024774,0.920635,0
8.082500,0.000000,-0.027370,0.027370,0.920635,0
8.085000,0.000000,-0.025105,0.025105,0.920635,0
8.087500,0.000000,-0.021379,0.021379,0.920635,0
8.090000,0.000000,-0.004254,0.004254,0.920635,0
8.092500,0.000000,-0.004161,0.004161,0.920635,0
8.095000,0.000000,-0.015038,0.015038,0.920635,0
8.097500,0.000000,-0.003552,0.003552,0.920635,0
8.100000,0.000000,0.009428,-0.009428,0.857143,0
8.102500,0.000000,0.011491,-0.011491,0.857143,0
8.105000,0.000000,0.008615,-0.008615,0.857143,0
8.107500,0.000000,0.014666,-0.014666,0.857143,0
8.110000,0.000000,0.012051,-0.012051,0.857143,0
8.112500,0.000000,-0.009203,0.009203,0.857143,0
8.115000,0.000000,-0.003192,0.003192,0.857143,0
8.117500,0.000000,0.005958,-0.005958,0.857143,0
8.120000,0.000000,0.020371,-0.020371,0.857143,0
8.122500,0.000000,0.012802,-0.012802,0.920635,0
8.125000,0.000000,0.014572,-0.014572,0.920635,0
8.127500,0.000000,0.016498,-0.016498,0.920635,0
8.130000,0.000000,0.016815,-0.016815,0.920635,0
8.132500,0.000000,0.017405,-0.017405,0.920635,0
8.135000,0.000000,0.017234,-0.017234,0.920635,0
8.137500,0.000000,0.018742,-0.018742,0.920635,0
8.140000,0.000000,0.025485,-0.025485,0.888889,0
8.142500,0.000000,0.036764,-0.036764,0.888889,0
8.145000,0.000000,0.028129,-0.028129,0.888889,0
8.147500,0.000000,0.025543,-0.025543,0.888889,0
8.150000,0.000000,0.020561,-0.020561,0.888889,0
8.152500,0.000000,0.014319,-0.014319,0.888889,0
8.155000,0.000000,-0.002122,0.002122,0.888889,0
8.157500,0.000000,-0.001816,0.001816,0.888889,0
8.160000,0.000000,0.002840,-0.002840,0.920635,0
8.162500,0.000000,0.001263,-0.001263,0.920635,0
8.165000,0.000000,0.001139,-0.001139,0.920635,0
8.167500,0.000000,0.005131,-0.005131,0.920635,0
8.170000,0.000000,0.018565,-0.018565,0.920635,0
8.172500,0.000000,0.013953,-0.013953,0.920635,0
8.175000,0.000000,0.002229,-0.002229,0.920635,0
8.177500,0.000000,0.001288,-0.001288,0.920635,0
8.180000,0.000000,0.021241,-0.021241,0.825397,0
8.182500,0.000000,0.008235,-0.008235,0.825397,0
8.185000,0.000000,0.014830,-0.014830,0.825397,0
8.187500,0.000000,0.026545,-0.026545,0.825397,0
8.190000,0.000000,0.000766,-0.000766,0.825397,0
8.192500,0.000000,0.005050,-0.005050,0.825397,0
8.195000,0.000000,0.011210,-0.011210,0.825397,0
8.197500,0.000000,0.008040,-0.008040,0.825397,0
8.200000,0.000000,0.001453,-0.001453,0.888889,0
8.202500,0.000000,-0.004386,0.004386,0.888889,0
8.205000,0.000000,-0.007475,0.007475,0.888889,0
8.207500,0.000000,-0.010210,0.010210,0.888889,0
8.210000,0.000000,-0.014715,0.014715,0.888889,0
8.212500,0.000000,-0.017643,0.017643,0.888889,0
8.215000,0.000000,-0.005385,0.005385,0.888889,0
8.217500,0.000000,-0.017164,0.017164,0.888889,0
8.220000,0.000000,-0.034950,0.034950,0.825397,0
8.222500,0.000000,-0.021148,0.021148,0.825397,0
8.225000,0.000000,-0.022457,0.022457,0.825397,0
8.227500,0.000000,-0.025771,0.025771,0.825397,0
8.230000,0.000000,-0.026081,0.026081,0.825397,0
8.232500,0.000000,-0.023041,0.023041,0.825397,0
8.235000,0.000000,-0.027736,0.027736,0.825397,0
8.237500,0.000000,-0.021566,0.021566,0.825397,0
8.240000,0.000000,-0.030551,0.030551,0.857143,0
8.242500,0.000000,-0.032614,0.032614,0.857143,0
8.245000,0.000000,-0.053837,0.053837,0.857143,0
8.247500,0.000000,-0.040343,0.040343,0.857143,0
8.250000,0.000000,-0.040831,0.040831,0.857143,0
8.252500,0.000000,-0.032797,0.032797,0.857143,0
8.255000,0.000000,-0.026964,0.026964,0.857143,0
8.257500,0.000000,-0.020579,0.020579,0.857143,0
8.260000,0.000000,-0.020021,0.020021,0.888889,0
8.262500,0.000000,-0.015619,0.015619,0.888889,0
8.265000,0.000000,-0.024518,0.024518,0.888889,0
8.267500,0.000000,-0.035200,0.035200,0.888889,0
8.270000,0.000000,-0.035100,0.035100,0.888889,0
8.272500,0.000000,-0.040664,0.040664,0.888889,0
8.275000,0.000000,-0.025450,0.025450,0.888889,0
8.277500,0.000000,-0.020987,0.020987,0.888889,0
8.280000,0.000000,-0.027360,0.027360,0.888889,0
8.282500,0.000000,-0.029175,0.029175,0.888889,0
8.285000,0.000000,-0.026964,0.026964,0.888889,0
8.287500,0.000000,-0.026794,0.026794,0.888889,0
8.290000,0.000000,-0.023292,0.023292,0.888889,0
8.292500,0.000000,-0.021894,0.021894,0.888889,0
8.295000,0.000000,-0.034887,0.034887,0.888889,0
8.297500,0.000000,-0.054959,0.054959,0.888889,0
8.300000,0.000000,-0.056758,0.056758,0.984127,0
8.302500,0.000000,-0.050078,0.050078,0.984127,0
8.305000,0.000000,-0.051924,0.051924,0.984127,0
8.307500,0.000000,-0.039212,0.039212,0.984127,0
8.310000,0.000000,-0.038510,0.038510,0.984127,0
8.312500,0.000000,-0.025024,0.025024,0.984127,0
8.315000,0.000000,-0.013775,0.013775,0.984127,0
8.317500,0.000000,-0.003749,0.003749,0.984127,0
8.320000,0.000000,-0.014682,0.014682,0.984127,0
8.322500,0.000000,-0.014144,0.014144,1.079365,0
8.325000,0.000000,-0.003367,0.003367,1.079365,0
8.327500,0.000000,-0.000953,0.000953,1.079365,0
8.330000,0.000000,0.003820,-0.003820,1.079365,0
8.332500,0.000000,-0.008207,0.008207,1.079365,0
8.335000,0.000000,0.008553,-0.008553,1.079365,0
8.337500,0.000000,0.001479,-0.001479,1.079365,0
8.340000,0.000000,-0.015406,0.015406,1.111111,0
8.342500,0.000000,-0.017969,0.017969,1.111111,0
8.345000,0.000000,-0.038290,0.038290,1.111111,0
8.347500,0.000000,-0.046508,0.046508,1.111111,0
8.350000,0.000000,-0.023379,0.023379,1.111111,0
8.352500,0.000000,-0.026003,0.026003,1.111111,0
8.355000,0.000000,-0.037564,0.037564,1.111111,0
8.357500,0.000000,-0.036323,0.036323,1.111111,0
8.360000,0.000000,-0.043444,0.043444,1.047619,0
8.362500,0.000000,-0.034326,0.034326,1.047619,0
8.365000,0.000000,-0.041438,0.041438,1.047619,0
8.367500,0.000000,-0.037777,0.037777,1.047619,0
8.370000,0.000000,-0.047145,0.047145,1.047619,0
8.372500,0.000000,-0.022079,0.022079,1.047619,0
8.375000,0.000000,-0.016846,0.016846,1.047619,0
8.377500,0.000000,-0.017688,0.017688,1.047619,0
8.380000,0.000000,-0.019597,0.019597,1.206349,0
8.382500,0.000000,-0.023570,0.023570,1.206349,0
8.385000,0.000000,-0.029137,0.029137,1.206349,0
8.387500,0.000000,-0.034803,0.034803,1.206349,0
8.390000,0.000000,-0.020204,0.020204,1.206349,0
8.392500,0.000000,-0.024205,0.024205,1.206349,0
8.395000,0.000000,-0.041062,0.041062,1.206349,0
8.397500,0.000000,-0.049592,0.049592,1.206349,0
8.400000,0.000000,-0.040640,0.040640,1.206349,0
8.402500,0.000000,-0.041772,0.041772,1.079365,0
8.405000,0.000000,-0.041790,0.041790,1.079365,0
8.407500,0.000000,-0.029901,0.029901,1.079365,0
8.410000,0.000000,-0.036132,0.036132,1.079365,0
8.412500,0.000000,-0.029318,0.029318,1.079365,0
8.415000,0.000000,-0.034565,0.034565,1.079365,0
8.417500,0.000000,-0.028316,0.028316,1.079365,0
8.420000,0.000000,-0.030866,0.030866,1.174603,0
8.422500,0.000000,-0.032085,0.032085,1.174603,0
8.425000,0.000000,-0.024267,0.024267,1.174603,0
8.427500,0.000000,-0.017259,0.017259,1.174603,0
8.430000,0.000000,-0.018202,0.018202,1.174603,0
8.432500,0.000000,-0.021731,0.021731,1.174603,0
8.435000,0.000000,-0.007498,0.007498,1.174603,0
8.437500,0.000000,-0.002260,0.002260,1.174603,0
8.440000,0.000000,-0.005545,0.005545,1.174603,0
8.442500,0.000000,-0.010988,0.010988,1.174603,0
8.445000,0.000000,-0.001903,0.001903,1.174603,0
8.447500,0.000000,-0.000861,0.000861,1.174603,0
8.450000,0.000000,-0.002243,0.002243,1.174603,0
8.452500,0.000000,-0.001193,0.001193,1.174603,0
8.455000,0.000000,0.001746,-0.001746,1.174603,0
8.457500,0.000000,0.001210,-0.001210,1.174603,0
8.460000,0.000000,0.011307,-0.011307,1.206349,0
8.462500,0.000000,0.021618,-0.021618,1.206349,0
8.465000,0.000000,0.025529,-0.025529,1.206349,0
8.467500,0.000000,0.036460,-0.036460,1.206349,0
8.470000,0.000000,0.035557,-0.035557,1.206349,0
8.472500,0.000000,0.040449,-0.040449,1.206349,0
8.475000,0.000000,0.047878,-0.047878,1.206349,0
8.477500,0.000000,0.055239,-0.055239,1.206349,0
8.480000,0.000000,0.062377,-0.062377,1.047619,0
8.482500,0.000000,0.066545,-0.066545,1.047619,0
8.485000,0.000000,0.083279,-0.083279,1.047619,0
8.487500,0.000000,0.075604,-0.075604,1.047619,0
8.490000,0.000000,0.071843,-0.071843,1.047619,0
8.492500,0.000000,0.067639,-0.067639,1.047619,0
8.495000,0.000000,0.062111,-0.062111,1.047619,0
8.497500,0.000000,0.041393,-0.041393,1.047619,0
8.500000,0.000000,0.054198,-0.054198,0.952381,0
8.502500,0.000000,0.041923,-0.041923,0.952381,0
8.505000,0.000000,0.042303,-0.042303,0.952381,0
8.507500,0.000000,0.026478,-0.026478,0.952381,0
8.510000,0.000000,0.031922,-0.031922,0.952381,0
8.512500,0.000000,0.022966,-0.022966,0.952381,0
8.515000,0.000000,0.010791,-0.010791,0.952381,0
8.517500,0.000000,0.012401,-0.012401,0.952381,0
8.520000,0.000000,0.005586,-0.005586,1.047619,0
8.522500,0.000000,0.000135,-0.000135,1.047619,0
8.525000,0.000000,0.001713,-0.001713,1.047619,0
8.527500,0.000000,0.009030,-0.009030,1.047619,0
8.530000,0.000000,0.001231,-0.001231,1.047619,0
8.532500,0.000000,-0.007930,0.007930,1.047619,0
8.535000,0.000000,-0.007483,0.007483,1.047619,0
8.537500,0.000000,-0.002301,0.002301,1.047619,0
8.540000,0.000000,0.011999,-0.011999,0.984127,0
8.542500,0.000000,0.001226,-0.001226,0.984127,0
8.545000,0.000000,-0.001895,0.001895,0.984127,0
8.547500,0.000000,0.009548,-0.009548,0.984127,0
8.550000,0.000000,0.028335,-0.028335,0.984127,0
8.552500,0.000000,0.017879,-0.017879,0.984127,0
8.555000,0.000000,0.010208,-0.010208,0.984127,0
8.557500,0.000000,0.013569,-0.013569,0.984127,0
8.560000,0.000000,0.007596,-0.007596,0.984127,0
8.562500,0.000000,0.000273,-0.000273,1.015873,0
8.565000,0.000000,0.002550,-0.002550,1.015873,0
8.567500,0.000000,0.016956,-0.016956,1.015873,0
8.570000,0.000000,0.004218,-0.004218,1.015873,0
8.572500,0.000000,0.018093,-0.018093,1.015873,0
8.575000,0.000000,0.012189,-0.012189,1.015873,0
8.577500,0.000000,0.015059,-0.015059,1.015873,0
8.580000,0.000000,0.029884,-0.029884,0.984127,0
8.582500,0.000000,0.032099,-0.032099,0.984127,0
8.585000,0.000000,0.028273,-0.028273,0.984127,0
8.587500,0.000000,0.034297,-0.034297,0.984127,0
8.590000,0.000000,0.031601,-0.031601,0.984127,0
8.592500,0.000000,0.035633,-0.035633,0.984127,0
8.595000,0.000000,0.032599,-0.032599,0.984127,0
8.597500,0.000000,0.039842,-0.039842,0.984127,0
8.600000,0.000000,0.026105,-0.026105,1.047619,0
8.602500,0.000000,0.016191,-0.016191,1.047619,0
8.605000,0.000000,0.002971,-0.002971,1.047619,0
8.607500,0.000000,0.002374,-0.002374,1.047619,0
8.610000,0.000000,-0.011567,0.011567,1.047619,0
8.612500,0.000000,-0.017515,0.017515,1.047619,0
8.615000,0.000000,-0.027072,0.027072,1.047619,0
8.617500,0.000000,-0.012843,0.012843,1.047619,0
8.620000,0.000000,-0.021485,0.021485,1.047619,0
8.622500,0.000000,-0.033550,0.033550,0.952381,0
8.625000,0.000000,-0.030048,0.030048,0.952381,0
8.627500,0.000000,-0.012470,0.012470,0.952381,0
8.630000,0.000000,-0.013224,0.013224,0.952381,0
8.632500,0.000000,-0.013194,0.013194,0.952381,0
8.635000,0.000000,-0.000110,0.000110,0.952381,0
8.637500,0.000000,0.008506,-0.008506,0.952381,0
8.640000,0.000000,0.012000,-0.012000,1.079365,0
8.642500,0.000000,0.006551,-0.006551,1.079365,0
8.645000,0.000000,0.010382,-0.010382,1.079365,0
8.647500,0.000000,-0.001906,0.001906,1.079365,0
8.650000,0.000000,-0.007360,0.007360,1.079365,0
8.652500,0.000000,0.005507,-0.005507,1.079365,0
8.655000,0.000000,0.016885,-0.016885,1.079365,0
8.657500,0.000000,0.020292,-0.020292,1.079365,0
8.660000,0.000000,0.003467,-0.003467,1.142857,0
8.662500,0.000000,-0.006849,0.006849,1.142857,0
8.665000,0.000000,-0.012429,0.012429,1.142857,0
8.667500,0.000000,-0.013555,0.013555,1.142857,0
8.670000,0.000000,-0.023843,0.023843,1.142857,0
8.672500,0.000000,-0.025303,0.025303,1.142857,0
8.675000,0.000000,-0.009500,0.009500,1.142857,0
8.677500,0.000000,-0.005807,0.005807,1.142857,0
8.680000,0.000000,-0.003771,0.003771,1.142857,0
8.682500,0.000000,-0.013645,0.013645,0.984127,0
8.685000,0.000000,-0.029280,0.029280,0.984127,0
8.687500,0.000000,-0.040383,0.040383,0.984127,0
8.690000,0.000000,-0.055525,0.055525,0.984127,0
8.692500,0.000000,-0.053084,0.053084,0.984127,0
8.695000,0.000000,-0.047719,0.047719,0.984127,0
8.697500,0.000000,-0.055625,0.055625,0.984127,0
8.700000,0.000000,-0.052486,0.052486,0.984127,0
8.702500,0.000000,-0.036661,0.036661,0.984127,0
8.705000,0.000000,-0.016617,0.016617,0.984127,0
8.707500,0.000000,-0.008673,0.008673,0.984127,0
8.710000,0.000000,-0.010094,0.010094,0.984127,0
8.712500,0.000000,-0.002678,0.002678,0.984127,0
8.715000,0.000000,0.010409,-0.010409,0.984127,0
8.717500,0.000000,-0.009199,0.009199,0.984127,0
8.720000,0.000000,0.005735,-0.005735,0.952381,0
8.722500,0.000000,0.000184,-0.000184,0.952381,0
8.725000,0.000000,-0.005091,0.005091,0.952381,0
8.727500,0.000000,-0.008423,0.008423,0.952381,0
8.730000,0.000000,-0.005019,0.005019,0.952381,0
8.732500,0.000000,-0.015761,0.015761,0.952381,0
8.735000,0.000000,-0.018062,0.018062,0.952381,0
8.737500,0.000000,-0.012365,0.012365,0.952381,0
8.740000,0.000000,-0.009847,0.009847,0.952381,0
8.742500,0.000000,-0.005826,0.005826,0.952381,0
8.745000,0.000000,-0.008805,0.008805,0.952381,0
8.747500,0.000000,-0.001776,0.001776,0.952381,0
8.750000,0.000000,0.008561,-0.008561,0.952381,0
8.752500,0.000000,0.017989,-0.017989,0.952381,0
8.755000,0.000000,0.021591,-0.021591,0.952381,0
8.757500,0.000000,0.030045,-0.030045,0.952381,0
8.760000,0.000000,0.038866,-0.038866,0.793651,0
8.762500,0.000000,0.067723,-0.067723,0.793651,0
8.765000,0.000000,0.079007,-0.079007,0.793651,0
8.767500,0.000000,0.075220,-0.075220,0.793651,0
8.770000,0.000000,0.062424,-0.062424,0.793651,0
8.772500,0.000000,0.057342,-0.057342,0.793651,0
8.775000,0.000000,0.051678,-0.051678,0.793651,0
8.777500,0.000000,0.055505,-0.055505,0.793651,0
8.780000,0.000000,0.045910,-0.045910,0.793651,0
8.782500,0.000000,0.057342,-0.057342,0.793651,0
8.785000,0.000000,0.040243,-0.040243,0.793651,0
8.787500,0.000000,0.021143,-0.021143,0.793651,0
8.790000,0.000000,0.018957,-0.018957,0.793651,0
8.792500,0.000000,0.009213,-0.009213,0.793651,0
8.795000,0.000000,-0.004652,0.004652,0.793651,0
8.797500,0.000000,-0.011339,0.011339,0.793651,0
8.800000,0.000000,-0.019120,0.019120,0.793651,0
8.802500,0.000000,-0.018365,0.018365,0.793651,0
8.805000,0.000000,-0.024373,0.024373,0.793651,0
8.807500,0.000000,-0.029300,0.029300,0.793651,0
8.810000,0.000000,-0.028366,0.028366,0.793651,0
8.812500,0.000000,-0.016629,0.016629,0.793651,0
8.815000,0.000000,-0.000457,0.000457,0.793651,0
8.817500,0.000000,0.001125,-0.001125,0.793651,0
8.820000,0.000000,0.003649,-0.003649,0.730159,0
8.822500,0.000000,0.001443,-0.001443,0.730159,0
8.825000,0.000000,0.006826,-0.006826,0.730159,0
8.827500,0.000000,0.010976,-0.010976,0.730159,0
8.830000,0.000000,0.025470,-0.025470,0.730159,0
8.832500,0.000000,0.003423,-0.003423,0.730159,0
8.835000,0.000000,0.000683,-0.000683,0.730159,0
8.837500,0.000000,0.004438,-0.004438,0.730159,0
8.840000,0.000000,0.004034,-0.004034,0.825397,0
8.842500,0.000000,-0.005507,0.005507,0.825397,0
8.845000,0.000000,-0.018373,0.018373,0.825397,0
8.847500,0.000000,-0.009687,0.009687,0.825397,0
8.850000,0.000000,-0.016993,0.016993,0.825397,0
8.852500,0.000000,-0.034124,0.034124,0.825397,0
8.855000,0.000000,-0.024402,0.024402,0.825397,0
8.857500,0.000000,-0.018993,0.018993,0.825397,0
8.860000,0.000000,-0.019556,0.019556,0.825397,0
8.862500,0.000000,-0.028174,0.028174,0.825397,0
8.865000,0.000000,-0.028420,0.028420,0.825397,0
8.867500,0.000000,-0.015208,0.015208,0.825397,0
8.870000,0.000000,-0.031073,0.031073,0.825397,0
8.872500,0.000000,-0.045926,0.045926,0.825397,0
8.875000,0.000000,-0.050818,0.050818,0.825397,0
8.877500,0.000000,-0.049458,0.049458,0.825397,0
8.880000,0.000000,-0.052908,0.052908,0.825397,0
8.882500,0.000000,-0.044399,0.044399,0.793651,0
8.885000,0.000000,-0.031496,0.031496,0.793651,0
8.887500,0.000000,-0.027527,0.027527,0.793651,0
8.890000,0.000000,-0.020738,0.020738,0.793651,0
8.892500,0.000000,-0.017199,0.017199,0.793651,0
8.895000,0.000000,-0.016530,0.016530,0.793651,0
8.897500,0.000000,-0.029526,0.029526,0.793651,0
8.900000,0.000000,-0.040029,0.040029,0.730159,0
8.902500,0.000000,-0.053750,0.053750,0.730159,0
8.905000,0.000000,-0.053510,0.053510,0.730159,0
8.907500,0.000000,-0.049033,0.049033,0.730159,0
8.910000,0.000000,-0.063433,0.063433,0.730159,0
8.912500,0.000000,-0.060400,0.060400,0.730159,0
8.915000,0.000000,-0.067982,0.067982,0.730159,0
8.917500,0.000000,-0.077431,0.077431,0.730159,0
8.920000,0.000000,-0.081344,0.081344,0.793651,0
8.922500,0.000000,-0.090229,0.090229,0.793651,0
8.925000,0.000000,-0.081042,0.081042,0.793651,0
8.927500,0.000000,-0.080132,0.080132,0.793651,0
8.930000,0.000000,-0.069113,0.069113,0.793651,0
8.932500,0.000000,-0.071434,0.071434,0.793651,0
8.935000,0.000000,-0.073290,0.073290,0.793651,0
8.937500,0.000000,-0.051547,0.051547,0.793651,0
8.940000,0.000000,-0.065664,0.065664,0.857143,0
8.942500,0.000000,-0.051201,0.051201,0.857143,0
8.945000,0.000000,-0.033555,0.033555,0.857143,0
8.947500,0.000000,-0.025065,0.025065,0.857143,0
8.950000,0.000000,-0.027516,0.027516,0.857143,0
8.952500,0.000000,-0.012718,0.012718,0.857143,0
8.955000,0.000000,-0.015475,0.015475,0.857143,0
8.957500,0.000000,-0.021918,0.021918,0.857143,0
8.960000,0.000000,-0.024776,0.024776,0.952381,0
8.962500,0.000000,-0.029201,0.029201,0.952381,0
8.965000,0.000000,-0.036917,0.036917,0.952381,0
8.967500,0.000000,-0.025796,0.025796,0.952381,0
8.970000,0.000000,-0.032090,0.032090,0.952381,0
8.972500,0.000000,-0.031434,0.031434,0.952381,0
8.975000,0.000000,-0.043739,0.043739,0.952381,0
8.977500,0.000000,-0.042187,0.042187,0.952381,0
8.980000,0.000000,-0.051598,0.051598,0.952381,0
8.982500,0.000000,-0.060985,0.060985,0.952381,0
8.985000,0.000000,-0.060212,0.060212,0.952381,0
8.987500,0.000000,-0.048649,0.048649,0.952381,0
8.990000,0.000000,-0.043129,0.043129,0.952381,0
8.992500,0.000000,-0.037122,0.037122,0.952381,0
8.995000,0.000000,-0.037239,0.037239,0.952381,0
8.997500,0.000000,-0.039274,0.039274,0.952381,0
9.000000,0.000000,-0.030710,0.030710,0.952381,0
9.002500,0.000000,-0.035349,0.035349,0.888889,0
9.005000,0.000000,-0.025935,0.025935,0.888889,0
9.007500,0.000000,-0.012826,0.012826,0.888889,0
9.010000,0.000000,-0.020789,0.020789,0.888889,0
9.012500,0.000000,-0.027038,0.027038,0.888889,0
9.015000,0.000000,-0.031611,0.031611,0.888889,0
9.017500,0.000000,-0.045193,0.045193,0.888889,0
9.020000,0.000000,-0.048436,0.048436,0.888889,0
9.022500,0.000000,-0.033990,0.033990,0.888889,0
9.025000,0.000000,-0.043304,0.043304,0.888889,0
9.027500,0.000000,-0.028790,0.028790,0.888889,0
9.030000,0.000000,-0.032188,0.032188,0.888889,0
9.032500,0.000000,-0.010201,0.010201,0.888889,0
9.035000,0.000000,-0.016645,0.016645,0.888889,0
9.037500,0.000000,-0.017551,0.017551,0.888889,0
9.040000,0.000000,-0.025091,0.025091,1.015873,0
9.042500,0.000000,-0.030475,0.030475,1.015873,0
9.045000,0.000000,-0.017740,0.017740,1.015873,0
9.047500,0.000000,-0.013016,0.013016,1.015873,0
9.050000,0.000000,-0.003465,0.003465,1.015873,0
9.052500,0.000000,-0.015141,0.015141,1.015873,0
9.055000,0.000000,-0.008837,0.008837,1.015873,0
9.057500,0.000000,-0.017320,0.017320,1.015873,0
9.060000,0.000000,-0.028271,0.028271,1.079365,0
9.062500,0.000000,-0.025459,0.025459,1.079365,0
9.065000,0.000000,-0.022802,0.022802,1.079365,0
9.067500,0.000000,-0.021721,0.021721,1.079365,0
9.070000,0.000000,-0.014922,0.014922,1.079365,0
9.072500,0.000000,-0.006938,0.006938,1.079365,0
9.075000,0.000000,0.006029,-0.006029,1.079365,0
9.077500,0.000000,-0.004510,0.004510,1.079365,0
9.080000,0.000000,0.009466,-0.009466,1.015873,0
9.082500,0.000000,0.026551,-0.026551,1.015873,0
9.085000,0.000000,0.022396,-0.022396,1.015873,0
9.087500,0.000000,0.006333,-0.006333,1.015873,0
9.090000,0.000000,-0.006635,0.006635,1.015873,0
9.092500,0.000000,-0.010711,0.010711,1.015873,0
9.095000,0.000000,0.008232,-0.008232,1.015873,0
9.097500,0.000000,0.008150,-0.008150,1.015873,0
9.100000,0.000000,0.001659,-0.001659,0.920635,0
9.102500,0.000000,-0.005298,0.005298,0.920635,0
9.105000,0.000000,-0.018426,0.018426,0.920635,0
9.107500,0.000000,-0.009066,0.009066,0.920635,0
9.110000,0.000000,-0.009701,0.009701,0.920635,0
9.112500,0.000000,0.011602,-0.011602,0.920635,0
9.115000,0.000000,0.017508,-0.017508,0.920635,0
9.117500,0.000000,0.025230,-0.025230,0.920635,0
9.120000,0.000000,0.022025,-0.022025,0.920635,0
9.122500,0.000000,0.010485,-0.010485,0.920635,0
9.125000,0.000000,0.001481,-0.001481,0.920635,0
9.127500,0.000000,-0.012147,0.012147,0.920635,0
9.130000,0.000000,-0.002746,0.002746,0.920635,0
9.132500,0.000000,-0.006470,0.006470,0.920635,0
9.135000,0.000000,0.003152,-0.003152,0.920635,0
9.137500,0.000000,0.004396,-0.004396,0.920635,0
9.140000,0.000000,0.001368,-0.001368,0.920635,0
9.142500,0.000000,-0.010212,0.010212,0.920635,0
9.145000,0.000000,-0.006920,0.006920,0.920635,0
9.147500,0.000000,-0.008858,0.008858,0.920635,0
9.150000,0.000000,0.000298,-0.000298,0.920635,0
9.152500,0.000000,-0.006749,0.006749,0.920635,0
9.155000,0.000000,-0.000482,0.000482,0.920635,0
9.157500,0.000000,0.015657,-0.015657,0.920635,0
9.160000,0.000000,0.017848,-0.017848,0.920635,0
9.162500,0.000000,0.024410,-0.024410,1.015873,0
9.165000,0.000000,0.028872,-0.028872,1.015873,0
9.167500,0.000000,0.045204,-0.045204,1.015873,0
9.170000,0.000000,0.047274,-0.047274,1.015873,0
9.172500,0.000000,0.052267,-0.052267,1.015873,0
9.175000,0.000000,0.050436,-0.050436,1.015873,0
9.177500,0.000000,0.041938,-0.041938,1.015873,0
9.180000,0.000000,0.029720,-0.029720,1.015873,0
9.182500,0.000000,0.041049,-0.041049,0.952381,0
9.185000,0.000000,0.030060,-0.030060,0.952381,0
9.187500,0.000000,0.036341,-0.036341,0.952381,0
9.190000,0.000000,0.039246,-0.039246,0.952381,0
9.192500,0.000000,0.046902,-0.046902,0.952381,0
9.195000,0.000000,0.040508,-0.040508,0.952381,0
9.197500,0.000000,0.031651,-0.031651,0.952381,0
9.200000,0.000000,0.034500,-0.034500,0.888889,0
9.202500,0.000000,0.030399,-0.030399,0.888889,0
9.205000,0.000000,0.016869,-0.016869,0.888889,0
9.207500,0.000000,0.036053,-0.036053,0.888889,0
9.210000,0.000000,0.026855,-0.026855,0.888889,0
9.212500,0.000000,0.015915,-0.015915,0.888889,0
9.215000,0.000000,0.012953,-0.012953,0.888889,0
9.217500,0.000000,0.025209,-0.025209,0.888889,0
9.220000,0.000000,0.003205,-0.003205,0.920635,0
9.222500,0.000000,0.014561,-0.014561,0.920635,0
9.225000,0.000000,0.005188,-0.005188,0.920635,0
9.227500,0.000000,0.007616,-0.007616,0.920635,0
9.230000,0.000000,0.000766,-0.000766,0.920635,0
9.232500,0.000000,0.020227,-0.020227,0.920635,0
9.235000,0.000000,0.020820,-0.020820,0.920635,0
9.237500,0.000000,0.013253,-0.013253,0.920635,0
9.240000,0.000000,0.010261,-0.010261,1.047619,0
9.242500,0.000000,0.010761,-0.010761,1.047619,0
9.245000,0.000000,0.012022,-0.012022,1.047619,0
9.247500,0.000000,0.015548,-0.015548,1.047619,0
9.250000,0.000000,0.015102,-0.015102,1.047619,0
9.252500,0.000000,0.002502,-0.002502,1.047619,0
9.255000,0.000000,-0.000584,0.000584,1.047619,0
9.257500,0.000000,0.004821,-0.004821,1.047619,0
9.260000,0.000000,-0.001276,0.001276,1.047619,0
9.262500,0.000000,0.004758,-0.004758,1.047619,0
9.265000,0.000000,0.004907,-0.004907,1.047619,0
9.267500,0.000000,0.002820,-0.002820,1.047619,0
9.270000,0.000000,0.013441,-0.013441,1.047619,0
9.272500,0.000000,-0.002539,0.002539,1.047619,0
9.275000,0.000000,-0.008537,0.008537,1.047619,0
9.277500,0.000000,0.002797,-0.002797,1.047619,0
9.280000,0.000000,0.019207,-0.019207,1.047619,0
9.282500,0.000000,0.038258,-0.038258,1.111111,0
9.285000,0.000000,0.037652,-0.037652,1.111111,0
9.287500,0.000000,0.040567,-0.040567,1.111111,0
9.290000,0.000000,0.046509,-0.046509,1.111111,0
9.292500,0.000000,0.056256,-0.056256,1.111111,0
9.295000,0.000000,0.057427,-0.057427,1.111111,0
9.297500,0.000000,0.063886,-0.063886,1.111111,0
9.300000,0.000000,0.066380,-0.066380,0.984127,0
9.302500,0.000000,0.069398,-0.069398,0.984127,0
9.305000,0.000000,0.058416,-0.058416,0.984127,0
9.307500,0.000000,0.053461,-0.053461,0.984127,0
9.310000,0.000000,0.046799,-0.046799,0.984127,0
9.312500,0.000000,0.033939,-0.033939,0.984127,0
9.315000,0.000000,0.017035,-0.017035,0.984127,0
9.317500,0.000000,0.012451,-0.012451,0.984127,0
9.320000,0.000000,0.009169,-0.009169,0.857143,0
9.322500,0.000000,0.009988,-0.009988,0.857143,0
9.325000,0.000000,0.015610,-0.015610,0.857143,0
9.327500,0.000000,0.017093,-0.017093,0.857143,0
9.330000,0.000000,0.013783,-0.013783,0.857143,0
9.332500,0.000000,0.003616,-0.003616,0.857143,0
9.335000,0.000000,0.012766,-0.012766,0.857143,0
9.337500,0.000000,0.011267,-0.011267,0.857143,0
9.340000,0.000000,0.006768,-0.006768,0.952381,0
9.342500,0.000000,0.004776,-0.004776,0.952381,0
9.345000,0.000000,-0.002393,0.002393,0.952381,0
9.347500,0.000000,-0.007408,0.007408,0.952381,0
9.350000,0.000000,-0.012576,0.012576,0.952381,0
9.352500,0.000000,-0.014950,0.014950,0.952381,0
9.355000,0.000000,-0.008209,0.008209,0.952381,0
9.357500,0.000000,-0.004056,0.004056,0.952381,0
9.360000,0.000000,0.012882,-0.012882,0.825397,0
9.362500,0.000000,0.025552,-0.025552,0.825397,0
9.365000,0.000000,0.045772,-0.045772,0.825397,0
9.367500,0.000000,0.050225,-0.050225,0.825397,0
9.370000,0.000000,0.054340,-0.054340,0.825397,0
9.372500,0.000000,0.047300,-0.047300,0.825397,0
9.375000,0.000000,0.054504,-0.054504,0.825397,0
9.377500,0.000000,0.045704,-0.045704,0.825397,0
9.380000,0.000000,0.027375,-0.027375,0.761905,0
9.382500,0.000000,0.043641,-0.043641,0.761905,0
9.385000,0.000000,0.028036,-0.028036,0.761905,0
9.387500,0.000000,0.031960,-0.031960,0.761905,0
9.390000,0.000000,0.021004,-0.021004,0.761905,0
9.392500,0.000000,0.032799,-0.032799,0.761905,0
9.395000,0.000000,0.045653,-0.045653,0.761905,0
9.397500,0.000000,0.049907,-0.049907,0.761905,0
9.400000,0.000000,0.062349,-0.062349,0.730159,0
9.402500,0.000000,0.060187,-0.060187,0.730159,0
9.405000,0.000000,0.083373,-0.083373,0.730159,0
9.407500,0.000000,0.088829,-0.088829,0.730159,0
9.410000,0.000000,0.075513,-0.075513,0.730159,0
9.412500,0.000000,0.073612,-0.073612,0.730159,0
9.415000,0.000000,0.069294,-0.069294,0.730159,0
9.417500,0.000000,0.064046,-0.064046,0.730159,0
9.420000,0.000000,0.042514,-0.042514,0.698413,0
9.422500,0.000000,0.045426,-0.045426,0.698413,0
9.425000,0.000000,0.027839,-0.027839,0.698413,0
9.427500,0.000000,-0.002123,0.002123,0.698413,0
9.430000,0.000000,-0.005979,0.005979,0.698413,0
9.432500,0.000000,-0.014382,0.014382,0.698413,0
9.435000,0.000000,-0.023663,0.023663,0.698413,0
9.437500,0.000000,-0.058024,0.058024,0.698413,0
9.440000,0.000000,-0.066562,0.066562,0.603175,0
9.442500,0.000000,-0.066094,0.066094,0.603175,0
9.445000,0.000000,-0.071466,0.071466,0.603175,0
9.447500,0.000000,-0.063759,0.063759,0.603175,0
9.450000,0.000000,-0.043830,0.043830,0.603175,0
9.452500,0.000000,-0.035682,0.035682,0.603175,0
9.455000,0.000000,-0.021572,0.021572,0.603175,0
9.457500,0.000000,-0.007050,0.007050,0.603175,0
9.460000,0.000000,-0.018786,0.018786,0.634921,0
9.462500,0.000000,-0.012927,0.012927,0.634921,0
9.465000,0.000000,-0.000773,0.000773,0.634921,0
9.467500,0.000000,-0.005850,0.005850,0.634921,0
9.470000,0.000000,-0.014878,0.014878,0.634921,0
9.472500,0.000000,-0.008136,0.008136,0.634921,0
9.475000,0.000000,-0.025111,0.025111,0.634921,0
9.477500,0.000000,-0.036855,0.036855,0.634921,0
9.480000,0.000000,-0.042342,0.042342,0.761905,0
9.482500,0.000000,-0.036491,0.036491,0.761905,0
9.485000,0.000000,-0.033132,0.033132,0.761905,0
9.487500,0.000000,-0.021667,0.021667,0.761905,0
9.490000,0.000000,-0.030299,0.030299,0.761905,0
9.492500,0.000000,-0.039224,0.039224,0.761905,0
9.495000,0.000000,-0.032631,0.032631,0.761905,0
9.497500,0.000000,-0.039726,0.039726,0.761905,0
9.500000,0.000000,-0.044613,0.044613,0.761905,0
9.502500,0.000000,-0.062199,0.062199,0.761905,0
9.505000,0.000000,-0.057191,0.057191,0.761905,0
9.507500,0.000000,-0.039465,0.039465,0.761905,0
9.510000,0.000000,-0.048792,0.048792,0.761905,0
9.512500,0.000000,-0.036644,0.036644,0.761905,0
9.515000,0.000000,-0.036060,0.036060,0.761905,0
9.517500,0.000000,-0.053173,0.053173,0.761905,0
9.520000,0.000000,-0.059985,0.059985,0.857143,0
9.522500,0.000000,-0.067205,0.067205,0.857143,0
9.525000,0.000000,-0.068189,0.068189,0.857143,0
9.527500,0.000000,-0.062160,0.062160,0.857143,0
9.530000,0.000000,-0.042673,0.042673,0.857143,0
9.532500,0.000000,-0.055063,0.055063,0.857143,0
9.535000,0.000000,-0.058043,0.058043,0.857143,0
9.537500,0.000000,-0.064895,0.064895,0.857143,0
9.540000,0.000000,-0.075486,0.075486,0.825397,0
9.542500,0.000000,-0.072151,0.072151,0.825397,0
9.545000,0.000000,-0.069855,0.069855,0.825397,0
9.547500,0.000000,-0.085803,0.085803,0.825397,0
9.550000,0.000000,-0.082901,0.082901,0.825397,0
9.552500,0.000000,-0.092369,0.092369,0.825397,0
9.555000,0.000000,-0.089315,0.089315,0.825397,0
9.557500,0.000000,-0.073701,0.073701,0.825397,0
9.560000,0.000000,-0.066690,0.066690,0.825397,0
9.562500,0.000000,-0.062774,0.062774,0.825397,0
9.565000,0.000000,-0.066106,0.066106,0.825397,0
9.567500,0.000000,-0.063320,0.063320,0.825397,0
9.570000,0.000000,-0.055603,0.055603,0.825397,0
9.572500,0.000000,-0.049130,0.049130,0.825397,0
9.575000,0.000000,-0.048562,0.048562,0.825397,0
9.577500,0.000000,-0.044805,0.044805,0.825397,0
9.580000,0.000000,-0.056712,0.056712,0.825397,0
9.582500,0.000000,-0.062158,0.062158,0.857143,0
9.585000,0.000000,-0.053272,0.053272,0.857143,0
9.587500,0.000000,-0.043325,0.043325,0.857143,0
9.590000,0.000000,-0.041052,0.041052,0.857143,0
9.592500,0.000000,-0.025175,0.025175,0.857143,0
9.595000,0.000000,-0.019368,0.019368,0.857143,0
9.597500,0.000000,-0.021069,0.021069,0.857143,0
9.600000,0.000000,-0.032132,0.032132,0.888889,0
9.602500,0.000000,-0.017325,0.017325,0.888889,0
9.605000,0.000000,-0.009380,0.009380,0.888889,0
9.607500,0.000000,0.008253,-0.008253,0.888889,0
9.610000,0.000000,0.028935,-0.028935,0.888889,0
9.612500,0.000000,0.015598,-0.015598,0.888889,0
9.615000,0.000000,0.002676,-0.002676,0.888889,0
9.617500,0.000000,-0.025185,0.025185,0.888889,0
9.620000,0.000000,-0.015490,0.015490,0.888889,0
9.622500,0.000000,-0.008630,0.008630,0.888889,0
9.625000,0.000000,-0.007412,0.007412,0.888889,0
9.627500,0.000000,-0.019133,0.019133,0.888889,0
9.630000,0.000000,-0.019411,0.019411,0.888889,0
9.632500,0.000000,-0.017009,0.017009,0.888889,0
9.635000,0.000000,-0.008834,0.008834,0.888889,0
9.637500,0.000000,-0.005892,0.005892,0.888889,0
9.640000,0.000000,0.001002,-0.001002,0.857143,0
9.642500,0.000000,-0.000284,0.000284,0.857143,0
9.645000,0.000000,0.011653,-0.011653,0.857143,0
9.647500,0.000000,0.017657,-0.017657,0.857143,0
9.650000,0.000000,0.005116,-0.005116,0.857143,0
9.652500,0.000000,0.018969,-0.018969,0.857143,0
9.655000,0.000000,0.030726,-0.030726,0.857143,0
9.657500,0.000000,0.034440,-0.034440,0.857143,0
9.660000,0.000000,0.036173,-0.036173,0.857143,0
9.662500,0.000000,0.051741,-0.051741,0.857143,0
9.665000,0.000000,0.033628,-0.033628,0.857143,0
9.667500,0.000000,0.045066,-0.045066,0.857143,0
9.670000,0.000000,0.038831,-0.038831,0.857143,0
9.672500,0.000000,0.048629,-0.048629,0.857143,0
9.675000,0.000000,0.048292,-0.048292,0.857143,0
9.677500,0.000000,0.034233,-0.034233,0.857143,0
9.680000,0.000000,0.028330,-0.028330,0.888889,0
9.682500,0.000000,0.037436,-0.037436,0.888889,0
9.685000,0.000000,0.034223,-0.034223,0.888889,0
9.687500,0.000000,0.027084,-0.027084,0.888889,0
9.690000,0.000000,0.020096,-0.020096,0.888889,0
9.692500,0.000000,0.025765,-0.025765,0.888889,0
9.695000,0.000000,0.042128,-0.042128,0.888889,0
9.697500,0.000000,0.019822,-0.019822,0.888889,0
9.700000,0.000000,0.045119,-0.045119,0.952381,0
9.702500,0.000000,0.045685,-0.045685,0.952381,0
9.705000,0.000000,0.049729,-0.049729,0.952381,0
9.707500,0.000000,0.044210,-0.044210,0.952381,0
9.710000,0.000000,0.042874,-0.042874,0.952381,0
9.712500,0.000000,0.043406,-0.043406,0.952381,0
9.715000,0.000000,0.032314,-0.032314,0.952381,0
9.717500,0.000000,0.023813,-0.023813,0.952381,0
9.720000,0.000000,0.034216,-0.034216,0.952381,0
9.722500,0.000000,0.018151,-0.018151,0.920635,0
9.725000,0.000000,0.021864,-0.021864,0.920635,0
9.727500,0.000000,0.017607,-0.017607,0.920635,0
9.730000,0.000000,0.007763,-0.007763,0.920635,0
9.732500,0.000000,0.026632,-0.026632,0.920635,0
9.735000,0.000000,0.016564,-0.016564,0.920635,0
9.737500,0.000000,0.005098,-0.005098,0.920635,0
9.740000,0.000000,0.003129,-0.003129,0.920635,0
9.742500,0.000000,-0.004203,0.004203,0.952381,0
9.745000,0.000000,-0.004017,0.004017,0.952381,0
9.747500,0.000000,-0.002431,0.002431,0.952381,0
9.750000,0.000000,-0.000141,0.000141,0.952381,0
9.752500,0.000000,-0.001308,0.001308,0.952381,0
9.755000,0.000000,-0.007916,0.007916,0.952381,0
9.757500,0.000000,-0.001583,0.001583,0.952381,0
9.760000,0.000000,-0.002566,0.002566,0.984127,0
9.762500,0.000000,-0.007064,0.007064,0.984127,0
9.765000,0.000000,0.006817,-0.006817,0.984127,0
9.767500,0.000000,0.005495,-0.005495,0.984127,0
9.770000,0.000000,0.015451,-0.015451,0.984127,0
9.772500,0.000000,0.026377,-0.026377,0.984127,0
9.775000,0.000000,0.037561,-0.037561,0.984127,0
9.777500,0.000000,0.042882,-0.042882,0.984127,0
9.780000,0.000000,0.041614,-0.041614,0.984127,0
9.782500,0.000000,0.039842,-0.039842,1.015873,0
9.785000,0.000000,0.036484,-0.036484,1.015873,0
9.787500,0.000000,0.015744,-0.015744,1.015873,0
9.790000,0.000000,0.021833,-0.021833,1.015873,0
9.792500,0.000000,0.023432,-0.023432,1.015873,0
9.795000,0.000000,0.030289,-0.030289,1.015873,0
9.797500,0.000000,0.028345,-0.028345,1.015873,0
9.800000,0.000000,0.033466,-0.033466,1.047619,0
9.802500,0.000000,0.020235,-0.020235,1.047619,0
9.805000,0.000000,0.009216,-0.009216,1.047619,0
9.807500,0.000000,-0.013207,0.013207,1.047619,0
9.810000,0.000000,-0.014037,0.014037,1.047619,0
9.812500,0.000000,-0.020573,0.020573,1.047619,0
9.815000,0.000000,-0.028110,0.028110,1.047619,0
9.817500,0.000000,-0.024297,0.024297,1.047619,0
9.820000,0.000000,-0.027526,0.027526,1.015873,0
9.822500,0.000000,-0.039998,0.039998,1.015873,0
9.825000,0.000000,-0.015239,0.015239,1.015873,0
9.827500,0.000000,-0.015135,0.015135,1.015873,0
9.830000,0.000000,-0.024738,0.024738,1.015873,0
9.832500,0.000000,-0.030227,0.030227,1.015873,0
9.835000,0.000000,-0.030947,0.030947,1.015873,0
9.837500,0.000000,-0.031665,0.031665,1.015873,0
9.840000,0.000000,-0.017882,0.017882,0.952381,0
9.842500,0.000000,-0.018107,0.018107,0.952381,0
9.845000,0.000000,0.000639,-0.000639,0.952381,0
9.847500,0.000000,-0.003614,0.003614,0.952381,0
9.850000,0.000000,0.000668,-0.000668,0.952381,0
9.852500,0.000000,0.010629,-0.010629,0.952381,0
9.855000,0.000000,0.021962,-0.021962,0.952381,0
9.857500,0.000000,0.034073,-0.034073,0.952381,0
9.860000,0.000000,0.030375,-0.030375,0.952381,0
9.862500,0.000000,0.029387,-0.029387,0.952381,0
9.865000,0.000000,0.004377,-0.004377,0.952381,0
9.867500,0.000000,0.002339,-0.002339,0.952381,0
9.870000,0.000000,0.012861,-0.012861,0.952381,0
9.872500,0.000000,0.021167,-0.021167,0.952381,0
9.875000,0.000000,0.019679,-0.019679,0.952381,0
9.877500,0.000000,0.035540,-0.035540,0.952381,0
9.880000,0.000000,0.030733,-0.030733,0.952381,0
9.882500,0.000000,0.022861,-0.022861,0.952381,0
9.885000,0.000000,0.017632,-0.017632,0.952381,0
9.887500,0.000000,0.006240,-0.006240,0.952381,0
9.890000,0.000000,0.012065,-0.012065,0.952381,0
9.892500,0.000000,0.014483,-0.014483,0.952381,0
9.895000,0.000000,0.019932,-0.019932,0.952381,0
9.897500,0.000000,0.015323,-0.015323,0.952381,0
9.900000,0.000000,0.014295,-0.014295,0.952381,0
9.902500,0.000000,-0.008491,0.008491,0.888889,0
9.905000,0.000000,-0.004369,0.004369,0.888889,0
9.907500,0.000000,-0.003220,0.003220,0.888889,0
9.910000,0.000000,-0.014325,0.014325,0.888889,0
9.912500,0.000000,-0.014929,0.014929,0.888889,0
9.915000,0.000000,-0.017067,0.017067,0.888889,0
9.917500,0.000000,0.001361,-0.001361,0.888889,0
9.920000,0.000000,-0.009767,0.009767,0.857143,0
9.922500,0.000000,-0.005992,0.005992,0.857143,0
9.925000,0.000000,-0.017135,0.017135,0.857143,0
9.927500,0.000000,-0.022361,0.022361,0.857143,0
9.930000,0.000000,-0.018762,0.018762,0.857143,0
9.932500,0.000000,-0.020334,0.020334,0.857143,0
9.935000,0.000000,-0.019732,0.019732,0.857143,0
9.937500,0.000000,-0.015662,0.015662,0.857143,0
9.940000,0.000000,-0.019955,0.019955,0.920635,0
9.942500,0.000000,-0.010794,0.010794,0.920635,0
9.945000,0.000000,-0.013420,0.013420,0.920635,0
9.947500,0.000000,-0.013953,0.013953,0.920635,0
9.950000,0.000000,-0.010027,0.010027,0.920635,0
9.952500,0.000000,-0.007521,0.007521,0.920635,0
9.955000,0.000000,-0.001047,0.001047,0.920635,0
9.957500,0.000000,0.002057,-0.002057,0.920635,0
9.960000,0.000000,0.006411,-0.006411,0.952381,0
9.962500,0.000000,0.003154,-0.003154,0.952381,0
9.965000,0.000000,-0.007024,0.007024,0.952381,0
9.967500,0.000000,-0.020297,0.020297,0.952381,0
9.970000,0.000000,-0.035484,0.035484,0.952381,0
9.972500,0.000000,-0.017743,0.017743,0.952381,0
9.975000,0.000000,-0.038168,0.038168,0.952381,0
9.977500,0.000000,-0.025710,0.025710,0.952381,0
9.980000,0.000000,-0.032525,0.032525,0.984127,0
9.982500,0.000000,-0.020625,0.020625,0.984127,0
9.985000,0.000000,-0.040381,0.040381,0.984127,0
9.987500,0.000000,-0.041375,0.041375,0.984127,0
9.990000,0.000000,-0.026687,0.026687,0.984127,0
9.992500,0.000000,-0.019286,0.019286,0.984127,0
9.995000,0.000000,-0.021853,0.021853,0.984127,0
9.997500,0.000000,-0.039278,0.039278,0.984127,0
10.000000,0.000000,-0.093176,0.093176,0.984127,0
10.002500,0.000000,-0.014470,0.014470,1.047619,1
10.005000,0.000000,0.011695,-0.011695,1.047619,1
10.007500,0.000000,0.060281,-0.060281,1.047619,1
10.010000,0.000000,0.125989,-0.125989,1.047619,1
10.012500,0.000000,0.122593,-0.122593,1.047619,1
10.015000,0.000000,0.175229,-0.175229,1.047619,1
10.017500,0.000000,0.175136,-0.175136,1.047619,1
10.020000,0.000000,0.182749,-0.182749,0.920635,1
10.022500,0.000000,0.126892,-0.126892,0.920635,1
10.025000,0.000000,0.007945,-0.007945,0.920635,1
10.027500,0.000000,-0.069642,0.069642,0.920635,1
10.030000,0.000000,-0.101897,0.101897,0.920635,1
10.032500,0.000000,-0.139281,0.139281,0.920635,1
10.035000,0.000000,-0.177957,0.177957,0.920635,1
10.037500,0.000000,-0.156535,0.156535,0.920635,1
10.040000,0.000000,-0.160653,0.160653,0.920635,1
10.042500,0.000000,-0.127148,0.127148,0.857143,1
10.045000,0.000000,-0.098483,0.098483,0.857143,1
10.047500,0.000000,0.010819,-0.010819,0.857143,1
10.050000,0.000000,0.090178,-0.090178,0.857143,1
10.052500,0.000000,0.122154,-0.122154,0.857143,1
10.055000,0.000000,0.095387,-0.095387,0.857143,1
10.057500,0.000000,0.168671,-0.168671,0.857143,1
10.060000,0.000000,0.131086,-0.131086,0.920635,1
10.062500,0.000000,0.106625,-0.106625,0.920635,1
10.065000,0.000000,0.162235,-0.162235,0.920635,1
10.067500,0.000000,0.135248,-0.135248,0.920635,1
10.070000,0.000000,0.139660,-0.139660,0.920635,1
10.072500,0.000000,0.055028,-0.055028,0.920635,1
10.075000,0.000000,0.056425,-0.056425,0.920635,1
10.077500,0.000000,0.032279,-0.032279,0.920635,1
10.080000,0.000000,0.047226,-0.047226,0.920635,1
10.082500,0.000000,0.148225,-0.148225,1.015873,1
10.085000,0.000000,0.172913,-0.172913,1.015873,1
10.087500,0.000000,0.221220,-0.221220,1.015873,1
10.090000,0.000000,0.235484,-0.235484,1.015873,1
10.092500,0.000000,0.317257,-0.317257,1.015873,1
10.095000,0.000000,0.325942,-0.325942,1.015873,1
10.097500,0.000000,0.379902,-0.379902,1.015873,1
10.100000,0.000000,0.289660,-0.289660,0.857143,1
10.102500,0.000000,0.280401,-0.280401,0.857143,1
10.105000,0.000000,0.194230,-0.194230,0.857143,1
10.107500,0.000000,0.160938,-0.160938,0.857143,1
10.110000,0.000000,0.089162,-0.089162,0.857143,1
10.112500,0.000000,0.000660,-0.000660,0.857143,1
10.115000,0.000000,-0.063650,0.063650,0.857143,1
10.117500,0.000000,-0.125966,0.125966,0.857143,1
10.120000,0.000000,-0.083150,0.083150,0.857143,1
10.122500,0.000000,-0.103840,0.103840,0.857143,1
10.125000,0.000000,-0.066711,0.066711,0.857143,1
10.127500,0.000000,0.011404,-0.011404,0.857143,1
10.130000,0.000000,0.150051,-0.150051,0.857143,1
10.132500,0.000000,0.204673,-0.204673,0.857143,1
10.135000,0.000000,0.232738,-0.232738,0.857143,1
10.137500,0.000000,0.262486,-0.262486,0.857143,1
10.140000,0.000000,0.152165,-0.152165,0.793651,1
10.142500,0.000000,0.062228,-0.062228,0.793651,1
10.145000,0.000000,-0.006666,0.006666,0.793651,1
10.147500,0.000000,-0.104196,0.104196,0.793651,1
10.150000,0.000000,-0.246211,0.246211,0.793651,1
10.152500,0.000000,-0.259441,0.259441,0.793651,1
10.155000,0.000000,-0.286199,0.286199,0.793651,1
10.157500,0.000000,-0.295722,0.295722,0.793651,1
10.160000,0.000000,-0.318930,0.318930,0.793651,1
10.162500,0.000000,-0.273867,0.273867,0.698413,1
10.165000,0.000000,-0.183389,0.183389,0.698413,1
10.167500,0.000000,-0.121658,0.121658,0.698413,1
10.170000,0.000000,-0.019650,0.019650,0.698413,1
10.172500,0.000000,0.007735,-0.007735,0.698413,1
10.175000,0.000000,0.064527,-0.064527,0.698413,1
10.177500,0.000000,0.149392,-0.149392,0.698413,1
10.180000,0.000000,0.207539,-0.207539,0.698413,1
10.182500,0.000000,0.240450,-0.240450,0.698413,1
10.185000,0.000000,0.195084,-0.195084,0.698413,1
10.187500,0.000000,0.122821,-0.122821,0.698413,1
10.190000,0.000000,0.023364,-0.023364,0.698413,1
10.192500,0.000000,-0.135920,0.135920,0.698413,1
10.195000,0.000000,-0.250072,0.250072,0.698413,1
10.197500,0.000000,-0.277040,0.277040,0.698413,1
10.200000,0.000000,-0.272244,0.272244,0.634921,1
10.202500,0.000000,-0.155318,0.155318,0.634921,1
10.205000,0.000000,-0.023786,0.023786,0.634921,1
10.207500,0.000000,0.010623,-0.010623,0.634921,1
10.210000,0.000000,0.130377,-0.130377,0.634921,1
10.212500,0.000000,0.169920,-0.169920,0.634921,1
10.215000,0.000000,0.253444,-0.253444,0.634921,1
10.217500,0.000000,0.315690,-0.315690,0.634921,1
10.220000,0.000000,0.377551,-0.377551,0.539683,1
10.222500,0.000000,0.299183,-0.299183,0.539683,1
10.225000,0.000000,0.287385,-0.287385,0.539683,1
10.227500,0.000000,0.086394,-0.086394,0.539683,1
10.230000,0.000000,0.075818,-0.075818,0.539683,1
10.232500,0.000000,-0.005525,0.005525,0.539683,1
10.235000,0.000000,-0.063932,0.063932,0.539683,1
10.237500,0.000000,-0.211214,0.211214,0.539683,1
10.240000,0.000000,-0.228322,0.228322,0.412698,1
10.242500,0.000000,-0.083138,0.083138,0.412698,1
10.245000,0.000000,-0.039089,0.039089,0.412698,1
10.247500,0.000000,0.102028,-0.102028,0.412698,1
10.250000,0.000000,0.195937,-0.195937,0.412698,1
10.252500,0.000000,0.346695,-0.346695,0.412698,1
10.255000,0.000000,0.410109,-0.410109,0.412698,1
10.257500,0.000000,0.364858,-0.364858,0.412698,1
10.260000,0.000000,0.352295,-0.352295,0.444444,1
10.262500,0.000000,0.402637,-0.402637,0.444444,1
10.265000,0.000000,0.353957,-0.353957,0.444444,1
10.267500,0.000000,0.250818,-0.250818,0.444444,1
10.270000,0.000000,0.291628,-0.291628,0.444444,1
10.272500,0.000000,0.269966,-0.269966,0.444444,1
10.275000,0.000000,0.247103,-0.247103,0.444444,1
10.277500,0.000000,0.222806,-0.222806,0.444444,1
10.280000,0.000000,0.255799,-0.255799,0.476190,1
10.282500,0.000000,0.320504,-0.320504,0.476190,1
10.285000,0.000000,0.239289,-0.239289,0.476190,1
10.287500,0.000000,0.327592,-0.327592,0.476190,1
10.290000,0.000000,0.386481,-0.386481,0.476190,1
10.292500,0.000000,0.417232,-0.417232,0.476190,1
10.295000,0.000000,0.446603,-0.446603,0.476190,1
10.297500,0.000000,0.369904,-0.369904,0.476190,1
10.300000,0.000000,0.256763,-0.256763,0.507937,1
10.302500,0.000000,0.285501,-0.285501,0.507937,1
10.305000,0.000000,0.244836,-0.244836,0.507937,1
10.307500,0.000000,0.030471,-0.030471,0.507937,1
10.310000,0.000000,-0.080511,0.080511,0.507937,1
10.312500,0.000000,-0.100898,0.100898,0.507937,1
10.315000,0.000000,-0.167752,0.167752,0.507937,1
10.317500,0.000000,-0.122205,0.122205,0.507937,1
10.320000,0.000000,-0.067452,0.067452,0.603175,1
10.322500,0.000000,-0.104677,0.104677,0.603175,1
10.325000,0.000000,-0.059304,0.059304,0.603175,1
10.327500,0.000000,-0.015180,0.015180,0.603175,1
10.330000,0.000000,-0.013421,0.013421,0.603175,1
10.332500,0.000000,-0.020258,0.020258,0.603175,1
10.335000,0.000000,-0.009913,0.009913,0.603175,1
10.337500,0.000000,-0.014535,0.014535,0.603175,1
10.340000,0.000000,-0.002030,0.002030,0.730159,1
10.342500,0.000000,0.019643,-0.019643,0.730159,1
10.345000,0.000000,-0.002017,0.002017,0.730159,1
10.347500,0.000000,-0.026213,0.026213,0.730159,1
10.350000,0.000000,-0.099207,0.099207,0.730159,1
10.352500,0.000000,-0.127198,0.127198,0.730159,1
10.355000,0.000000,-0.174246,0.174246,0.730159,1
10.357500,0.000000,-0.212660,0.212660,0.730159,1
10.360000,0.000000,-0.120677,0.120677,0.730159,1
10.362500,0.000000,-0.194848,0.194848,0.761905,1
10.365000,0.000000,-0.227043,0.227043,0.761905,1
10.367500,0.000000,-0.145652,0.145652,0.761905,1
10.370000,0.000000,-0.090287,0.090287,0.761905,1
10.372500,0.000000,-0.093244,0.093244,0.761905,1
10.375000,0.000000,-0.092739,0.092739,0.761905,1
10.377500,0.000000,-0.106962,0.106962,0.761905,1
10.380000,0.000000,-0.067662,0.067662,0.857143,1
10.382500,0.000000,-0.038279,0.038279,0.857143,1
10.385000,0.000000,-0.010874,0.010874,0.857143,1
10.387500,0.000000,-0.130265,0.130265,0.857143,1
10.390000,0.000000,-0.242033,0.242033,0.857143,1
10.392500,0.000000,-0.349419,0.349419,0.857143,1
10.395000,0.000000,-0.326930,0.326930,0.857143,1
10.397500,0.000000,-0.322412,0.322412,0.857143,1
10.400000,0.000000,-0.309777,0.309777,0.888889,1
10.402500,0.000000,-0.269002,0.269002,0.888889,1
10.405000,0.000000,-0.222106,0.222106,0.888889,1
10.407500,0.000000,-0.207877,0.207877,0.888889,1
10.410000,0.000000,-0.121354,0.121354,0.888889,1
10.412500,0.000000,-0.070856,0.070856,0.888889,1
10.415000,0.000000,-0.077167,0.077167,0.888889,1
10.417500,0.000000,-0.027857,0.027857,0.888889,1
10.420000,0.000000,-0.045023,0.045023,0.888889,1
10.422500,0.000000,-0.056972,0.056972,0.888889,1
10.425000,0.000000,-0.103076,0.103076,0.888889,1
10.427500,0.000000,-0.117661,0.117661,0.888889,1
10.430000,0.000000,-0.165107,0.165107,0.888889,1
10.432500,0.000000,-0.253863,0.253863,0.888889,1
10.435000,0.000000,-0.275245,0.275245,0.888889,1
10.437500,0.000000,-0.274896,0.274896,0.888889,1
10.440000,0.000000,-0.241382,0.241382,0.793651,1
10.442500,0.000000,-0.158494,0.158494,0.793651,1
10.445000,0.000000,-0.134995,0.134995,0.793651,1
10.447500,0.000000,-0.037062,0.037062,0.793651,1
10.450000,0.000000,-0.050503,0.050503,0.793651,1
10.452500,0.000000,0.007204,-0.007204,0.793651,1
10.455000,0.000000,0.041176,-0.041176,0.793651,1
10.457500,0.000000,0.133538,-0.133538,0.793651,1
10.460000,0.000000,0.121731,-0.121731,0.793651,1
10.462500,0.000000,0.120824,-0.120824,0.793651,1
10.465000,0.000000,-0.013039,0.013039,0.793651,1
10.467500,0.000000,-0.090519,0.090519,0.793651,1
10.470000,0.000000,-0.193655,0.193655,0.793651,1
10.472500,0.000000,-0.132376,0.132376,0.793651,1
10.475000,0.000000,-0.206158,0.206158,0.793651,1
10.477500,0.000000,-0.221258,0.221258,0.793651,1
10.480000,0.000000,-0.208850,0.208850,0.857143,1
10.482500,0.000000,-0.248396,0.248396,0.857143,1
10.485000,0.000000,-0.219828,0.219828,0.857143,1
10.487500,0.000000,-0.137618,0.137618,0.857143,1
10.490000,0.000000,-0.067183,0.067183,0.857143,1
10.492500,0.000000,-0.108966,0.108966,0.857143,1
10.495000,0.000000,-0.086420,0.086420,0.857143,1
10.497500,0.000000,-0.014594,0.014594,0.857143,1
10.500000,0.000000,0.011919,-0.011919,0.857143,1
10.502500,0.000000,0.042539,-0.042539,0.825397,1
10.505000,0.000000,-0.049792,0.049792,0.825397,1
10.507500,0.000000,-0.049354,0.049354,0.825397,1
10.510000,0.000000,-0.114555,0.114555,0.825397,1
10.512500,0.000000,-0.097765,0.097765,0.825397,1
10.515000,0.000000,-0.140237,0.140237,0.825397,1
10.517500,0.000000,-0.254219,0.254219,0.825397,1
10.520000,0.000000,-0.208623,0.208623,0.857143,1
10.522500,0.000000,-0.197747,0.197747,0.857143,1
10.525000,0.000000,-0.163850,0.163850,0.857143,1
10.527500,0.000000,-0.165213,0.165213,0.857143,1
10.530000,0.000000,-0.025014,0.025014,0.857143,1
10.532500,0.000000,0.010721,-0.010721,0.857143,1
10.535000,0.000000,0.125036,-0.125036,0.857143,1
10.537500,0.000000,0.125995,-0.125995,0.857143,1
10.540000,0.000000,0.079161,-0.079161,0.825397,1
10.542500,0.000000,0.112417,-0.112417,0.825397,1
10.545000,0.000000,0.059366,-0.059366,0.825397,1
10.547500,0.000000,-0.005591,0.005591,0.825397,1
10.550000,0.000000,-0.129372,0.129372,0.825397,1
10.552500,0.000000,-0.206261,0.206261,0.825397,1
10.555000,0.000000,-0.225811,0.225811,0.825397,1
10.557500,0.000000,-0.303019,0.303019,0.825397,1
10.560000,0.000000,-0.318448,0.318448,0.793651,1
10.562500,0.000000,-0.302038,0.302038,0.793651,1
10.565000,0.000000,-0.241394,0.241394,0.793651,1
10.567500,0.000000,-0.101473,0.101473,0.793651,1
10.570000,0.000000,-0.045410,0.045410,0.793651,1
10.572500,0.000000,-0.014803,0.014803,0.793651,1
10.575000,0.000000,0.162428,-0.162428,0.793651,1
10.577500,0.000000,0.162105,-0.162105,0.793651,1
10.580000,0.000000,0.146668,-0.146668,0.730159,1
10.582500,0.000000,0.096123,-0.096123,0.730159,1
10.585000,0.000000,0.028538,-0.028538,0.730159,1
10.587500,0.000000,-0.034062,0.034062,0.730159,1
10.590000,0.000000,-0.057524,0.057524,0.730159,1
10.592500,0.000000,-0.100509,0.100509,0.730159,1
10.595000,0.000000,-0.093136,0.093136,0.730159,1
10.597500,0.000000,-0.064897,0.064897,0.730159,1
10.600000,0.000000,-0.052735,0.052735,0.761905,1
10.602500,0.000000,-0.007126,0.007126,0.761905,1
10.605000,0.000000,0.093788,-0.093788,0.761905,1
10.607500,0.000000,0.099945,-0.099945,0.761905,1
10.610000,0.000000,0.283167,-0.283167,0.761905,1
10.612500,0.000000,0.311471,-0.311471,0.761905,1
10.615000,0.000000,0.331903,-0.331903,0.761905,1
10.617500,0.000000,0.288779,-0.288779,0.761905,1
10.620000,0.000000,0.222772,-0.222772,0.761905,1
10.622500,0.000000,0.236880,-0.236880,0.698413,1
10.625000,0.000000,0.293226,-0.293226,0.698413,1
10.627500,0.000000,0.187161,-0.187161,0.698413,1
10.630000,0.000000,0.126191,-0.126191,0.698413,1
10.632500,0.000000,0.066558,-0.066558,0.698413,1
10.635000,0.000000,0.064188,-0.064188,0.698413,1
10.637500,0.000000,0.146638,-0.146638,0.698413,1
10.640000,0.000000,0.224039,-0.224039,0.634921,1
10.642500,0.000000,0.231873,-0.231873,0.634921,1
10.645000,0.000000,0.305754,-0.305754,0.634921,1
10.647500,0.000000,0.398411,-0.398411,0.634921,1
10.650000,0.000000,0.458172,-0.458172,0.634921,1
10.652500,0.000000,0.452103,-0.452103,0.634921,1
10.655000,0.000000,0.445781,-0.445781,0.634921,1
10.657500,0.000000,0.518905,-0.518905,0.634921,1
10.660000,0.000000,0.575202,-0.575202,0.507937,1
10.662500,0.000000,0.502358,-0.502358,0.507937,1
10.665000,0.000000,0.433995,-0.433995,0.507937,1
10.667500,0.000000,0.408206,-0.408206,0.507937,1
10.670000,0.000000,0.198679,-0.198679,0.507937,1
10.672500,0.000000,0.083055,-0.083055,0.507937,1
10.675000,0.000000,0.141249,-0.141249,0.507937,1
10.677500,0.000000,0.120636,-0.120636,0.507937,1
10.680000,0.000000,0.043952,-0.043952,0.476190,1
10.682500,0.000000,0.083281,-0.083281,0.476190,1
10.685000,0.000000,0.205494,-0.205494,0.476190,1
10.687500,0.000000,0.119754,-0.119754,0.476190,1
10.690000,0.000000,0.212434,-0.212434,0.476190,1
10.692500,0.000000,0.260436,-0.260436,0.476190,1
10.695000,0.000000,0.210089,-0.210089,0.476190,1
10.697500,0.000000,0.238883,-0.238883,0.476190,1
10.700000,0.000000,0.222189,-0.222189,0.539683,1
10.702500,0.000000,0.182689,-0.182689,0.539683,1
10.705000,0.000000,0.101890,-0.101890,0.539683,1
10.707500,0.000000,-0.029385,0.029385,0.539683,1
10.710000,0.000000,-0.185207,0.185207,0.539683,1
10.712500,0.000000,-0.287324,0.287324,0.539683,1
10.715000,0.000000,-0.283908,0.283908,0.539683,1
10.717500,0.000000,-0.289785,0.289785,0.539683,1
10.720000,0.000000,-0.281983,0.281983,0.507937,1
10.722500,0.000000,-0.299150,0.299150,0.507937,1
10.725000,0.000000,-0.251164,0.251164,0.507937,1
10.727500,0.000000,-0.124098,0.124098,0.507937,1
10.730000,0.000000,-0.009463,0.009463,0.507937,1
10.732500,0.000000,0.038236,-0.038236,0.507937,1
10.735000,0.000000,-0.055132,0.055132,0.507937,1
10.737500,0.000000,-0.060521,0.060521,0.507937,1
10.740000,0.000000,-0.085537,0.085537,0.507937,1
10.742500,0.000000,-0.164389,0.164389,0.507937,1
10.745000,0.000000,-0.238014,0.238014,0.507937,1
10.747500,0.000000,-0.256263,0.256263,0.507937,1
10.750000,0.000000,-0.328269,0.328269,0.507937,1
10.752500,0.000000,-0.333070,0.333070,0.507937,1
10.755000,0.000000,-0.461742,0.461742,0.507937,1
10.757500,0.000000,-0.491150,0.491150,0.507937,1
10.760000,0.000000,-0.581164,0.581164,0.507937,1
10.762500,0.000000,-0.549889,0.549889,0.476190,1
10.765000,0.000000,-0.529518,0.529518,0.476190,1
10.767500,0.000000,-0.354074,0.354074,0.476190,1
10.770000,0.000000,-0.231477,0.231477,0.476190,1
10.772500,0.000000,-0.084882,0.084882,0.476190,1
10.775000,0.000000,-0.047745,0.047745,0.476190,1
10.777500,0.000000,-0.073892,0.073892,0.476190,1
10.780000,0.000000,-0.124532,0.124532,0.571429,1
10.782500,0.000000,-0.134082,0.134082,0.571429,1
10.785000,0.000000,-0.087862,0.087862,0.571429,1
10.787500,0.000000,-0.130507,0.130507,0.571429,1
10.790000,0.000000,-0.217750,0.217750,0.571429,1
10.792500,0.000000,-0.286929,0.286929,0.571429,1
10.795000,0.000000,-0.329772,0.329772,0.571429,1
10.797500,0.000000,-0.240661,0.240661,0.571429,1
10.800000,0.000000,-0.167702,0.167702,0.571429,1
10.802500,0.000000,-0.119795,0.119795,0.571429,1
10.805000,0.000000,-0.057453,0.057453,0.571429,1
10.807500,0.000000,0.028649,-0.028649,0.571429,1
10.810000,0.000000,0.127561,-0.127561,0.571429,1
10.812500,0.000000,0.169702,-0.169702,0.571429,1
10.815000,0.000000,0.171589,-0.171589,0.571429,1
10.817500,0.000000,0.247997,-0.247997,0.571429,1
10.820000,0.000000,0.239916,-0.239916,0.571429,1
10.822500,0.000000,0.252465,-0.252465,0.571429,1
10.825000,0.000000,0.277159,-0.277159,0.571429,1
10.827500,0.000000,0.225254,-0.225254,0.571429,1
10.830000,0.000000,0.160970,-0.160970,0.571429,1
10.832500,0.000000,0.255226,-0.255226,0.571429,1
10.835000,0.000000,0.203633,-0.203633,0.571429,1
10.837500,0.000000,0.109450,-0.109450,0.571429,1
10.840000,0.000000,0.090416,-0.090416,0.571429,1
10.842500,0.000000,0.198173,-0.198173,0.571429,1
10.845000,0.000000,0.175094,-0.175094,0.571429,1
10.847500,0.000000,0.197972,-0.197972,0.571429,1
10.850000,0.000000,0.324617,-0.324617,0.571429,1
10.852500,0.000000,0.367482,-0.367482,0.571429,1
10.855000,0.000000,0.401022,-0.401022,0.571429,1
10.857500,0.000000,0.471920,-0.471920,0.571429,1
10.860000,0.000000,0.407093,-0.407093,0.476190,1
10.862500,0.000000,0.266063,-0.266063,0.476190,1
10.865000,0.000000,0.108666,-0.108666,0.476190,1
10.867500,0.000000,0.059927,-0.059927,0.476190,1
10.870000,0.000000,-0.012575,0.012575,0.476190,1
10.872500,0.000000,-0.132614,0.132614,0.476190,1
10.875000,0.000000,-0.256724,0.256724,0.476190,1
10.877500,0.000000,-0.294479,0.294479,0.476190,1
10.880000,0.000000,-0.219323,0.219323,0.507937,1
10.882500,0.000000,-0.227233,0.227233,0.507937,1
10.885000,0.000000,-0.199020,0.199020,0.507937,1
10.887500,0.000000,-0.184482,0.184482,0.507937,1
10.890000,0.000000,-0.117866,0.117866,0.507937,1
10.892500,0.000000,-0.020138,0.020138,0.507937,1
10.895000,0.000000,0.156765,-0.156765,0.507937,1
10.897500,0.000000,0.193386,-0.193386,0.507937,1
10.900000,0.000000,0.183145,-0.183145,0.539683,1
10.902500,0.000000,0.193499,-0.193499,0.539683,1
10.905000,0.000000,0.169735,-0.169735,0.539683,1
10.907500,0.000000,0.061503,-0.061503,0.539683,1
10.910000,0.000000,0.107152,-0.107152,0.539683,1
10.912500,0.000000,0.031019,-0.031019,0.539683,1
10.915000,0.000000,-0.011537,0.011537,0.539683,1
10.917500,0.000000,-0.010544,0.010544,0.539683,1
10.920000,0.000000,0.008630,-0.008630,0.539683,1
10.922500,0.000000,0.095625,-0.095625,0.730159,1
10.925000,0.000000,0.110215,-0.110215,0.730159,1
10.927500,0.000000,0.196648,-0.196648,0.730159,1
10.930000,0.000000,0.258981,-0.258981,0.730159,1
10.932500,0.000000,0.350833,-0.350833,0.730159,1
10.935000,0.000000,0.374408,-0.374408,0.730159,1
10.937500,0.000000,0.371140,-0.371140,0.730159,1
10.940000,0.000000,0.395645,-0.395645,0.603175,1
10.942500,0.000000,0.371483,-0.371483,0.603175,1
10.945000,0.000000,0.262752,-0.262752,0.603175,1
10.947500,0.000000,0.255091,-0.255091,0.603175,1
10.950000,0.000000,0.210074,-0.210074,0.603175,1
10.952500,0.000000,0.130202,-0.130202,0.603175,1
10.955000,0.000000,0.048700,-0.048700,0.603175,1
10.957500,0.000000,0.037651,-0.037651,0.603175,1
10.960000,0.000000,0.070770,-0.070770,0.603175,1
10.962500,0.000000,0.013136,-0.013136,0.603175,1
10.965000,0.000000,0.084545,-0.084545,0.603175,1
10.967500,0.000000,0.183817,-0.183817,0.603175,1
10.970000,0.000000,0.127980,-0.127980,0.603175,1
10.972500,0.000000,0.201807,-0.201807,0.603175,1
10.975000,0.000000,0.282942,-0.282942,0.603175,1
10.977500,0.000000,0.331148,-0.331148,0.603175,1
10.980000,0.000000,0.355557,-0.355557,0.761905,1
10.982500,0.000000,0.307133,-0.307133,0.761905,1
10.985000,0.000000,0.208973,-0.208973,0.761905,1
10.987500,0.000000,0.066656,-0.066656,0.761905,1
10.990000,0.000000,0.050428,-0.050428,0.761905,1
10.992500,0.000000,0.022189,-0.022189,0.761905,1
10.995000,0.000000,0.028971,-0.028971,0.761905,1
10.997500,0.000000,-0.028388,0.028388,0.761905,1
11.000000,0.000000,0.008484,-0.008484,0.761905,1
11.002500,0.000000,-0.034975,0.034975,0.761905,1
11.005000,0.000000,-0.027978,0.027978,0.761905,1
11.007500,0.000000,0.037701,-0.037701,0.761905,1
11.010000,0.000000,0.130726,-0.130726,0.761905,1
11.012500,0.000000,0.262334,-0.262334,0.761905,1
11.015000,0.000000,0.288534,-0.288534,0.761905,1
11.017500,0.000000,0.264366,-0.264366,0.761905,1
11.020000,0.000000,0.213766,-0.213766,0.761905,1
11.022500,0.000000,0.150375,-0.150375,0.761905,1
11.025000,0.000000,0.201675,-0.201675,0.761905,1
11.027500,0.000000,0.169755,-0.169755,0.761905,1
11.030000,0.000000,0.150276,-0.150276,0.761905,1
11.032500,0.000000,0.073854,-0.073854,0.761905,1
11.035000,0.000000,0.025021,-0.025021,0.761905,1
11.037500,0.000000,0.031535,-0.031535,0.761905,1
11.040000,0.000000,0.008628,-0.008628,0.825397,1
11.042500,0.000000,0.019238,-0.019238,0.825397,1
11.045000,0.000000,0.032847,-0.032847,0.825397,1
11.047500,0.000000,0.069447,-0.069447,0.825397,1
11.050000,0.000000,0.131538,-0.131538,0.825397,1
11.052500,0.000000,0.148789,-0.148789,0.825397,1
11.055000,0.000000,0.200896,-0.200896,0.825397,1
11.057500,0.000000,0.231137,-0.231137,0.825397,1
11.060000,0.000000,0.215426,-0.215426,0.793651,1
11.062500,0.000000,0.145626,-0.145626,0.793651,1
11.065000,0.000000,0.099785,-0.099785,0.793651,1
11.067500,0.000000,0.013269,-0.013269,0.793651,1
11.070000,0.000000,-0.050081,0.050081,0.793651,1
11.072500,0.000000,-0.058047,0.058047,0.793651,1
11.075000,0.000000,-0.159949,0.159949,0.793651,1
11.077500,0.000000,-0.079488,0.079488,0.793651,1
11.080000,0.000000,-0.080240,0.080240,0.793651,1
11.082500,0.000000,-0.028280,0.028280,0.698413,1
11.085000,0.000000,-0.014571,0.014571,0.698413,1
11.087500,0.000000,0.111209,-0.111209,0.698413,1
11.090000,0.000000,0.172931,-0.172931,0.698413,1
11.092500,0.000000,0.213137,-0.213137,0.698413,1
11.095000,0.000000,0.227036,-0.227036,0.698413,1
11.097500,0.000000,0.232717,-0.232717,0.698413,1
11.100000,0.000000,0.244633,-0.244633,0.761905,1
11.102500,0.000000,0.219201,-0.219201,0.761905,1
11.105000,0.000000,0.163039,-0.163039,0.761905,1
11.107500,0.000000,0.062719,-0.062719,0.761905,1
11.110000,0.000000,-0.042092,0.042092,0.761905,1
11.112500,0.000000,-0.123882,0.123882,0.761905,1
11.115000,0.000000,-0.145171,0.145171,0.761905,1
11.117500,0.000000,-0.134633,0.134633,0.761905,1
11.120000,0.000000,-0.089365,0.089365,0.698413,1
11.122500,0.000000,-0.058842,0.058842,0.698413,1
11.125000,0.000000,0.013166,-0.013166,0.698413,1
11.127500,0.000000,0.070093,-0.070093,0.698413,1
11.130000,0.000000,0.051081,-0.051081,0.698413,1
11.132500,0.000000,0.104085,-0.104085,0.698413,1
11.135000,0.000000,0.131742,-0.131742,0.698413,1
11.137500,0.000000,0.102122,-0.102122,0.698413,1
11.140000,0.000000,0.068831,-0.068831,0.666667,1
11.142500,0.000000,0.045221,-0.045221,0.666667,1
11.145000,0.000000,-0.066919,0.066919,0.666667,1
11.147500,0.000000,-0.168722,0.168722,0.666667,1
11.150000,0.000000,-0.155676,0.155676,0.666667,1
11.152500,0.000000,-0.299749,0.299749,0.666667,1
11.155000,0.000000,-0.349648,0.349648,0.666667,1
11.157500,0.000000,-0.424548,0.424548,0.666667,1
11.160000,0.000000,-0.447667,0.447667,0.666667,1
11.162500,0.000000,-0.410988,0.410988,0.603175,1
11.165000,0.000000,-0.394220,0.394220,0.603175,1
11.167500,0.000000,-0.275226,0.275226,0.603175,1
11.170000,0.000000,-0.112715,0.112715,0.603175,1
11.172500,0.000000,0.009180,-0.009180,0.603175,1
11.175000,0.000000,0.119240,-0.119240,0.603175,1
11.177500,0.000000,0.069062,-0.069062,0.603175,1
11.180000,0.000000,0.053234,-0.053234,0.603175,1
11.182500,0.000000,0.046935,-0.046935,0.571429,1
11.185000,0.000000,0.037813,-0.037813,0.571429,1
11.187500,0.000000,0.061377,-0.061377,0.571429,1
11.190000,0.000000,0.039654,-0.039654,0.571429,1
11.192500,0.000000,0.015241,-0.015241,0.571429,1
11.195000,0.000000,0.105402,-0.105402,0.571429,1
11.197500,0.000000,0.076624,-0.076624,0.571429,1
11.200000,0.000000,0.057655,-0.057655,0.571429,1
11.202500,0.000000,0.095024,-0.095024,0.571429,1
11.205000,0.000000,0.096001,-0.096001,0.571429,1
11.207500,0.000000,0.167720,-0.167720,0.571429,1
11.210000,0.000000,0.144089,-0.144089,0.571429,1
11.212500,0.000000,0.181023,-0.181023,0.571429,1
11.215000,0.000000,0.222350,-0.222350,0.571429,1
11.217500,0.000000,0.295079,-0.295079,0.571429,1
11.220000,0.000000,0.344227,-0.344227,0.571429,1
11.222500,0.000000,0.253273,-0.253273,0.603175,1
11.225000,0.000000,0.299958,-0.299958,0.603175,1
11.227500,0.000000,0.228608,-0.228608,0.603175,1
11.230000,0.000000,0.159027,-0.159027,0.603175,1
11.232500,0.000000,0.000794,-0.000794,0.603175,1
11.235000,0.000000,-0.083677,0.083677,0.603175,1
11.237500,0.000000,-0.054073,0.054073,0.603175,1
11.240000,0.000000,-0.043225,0.043225,0.603175,1
11.242500,0.000000,-0.010610,0.010610,0.666667,1
11.245000,0.000000,0.048828,-0.048828,0.666667,1
11.247500,0.000000,0.040564,-0.040564,0.666667,1
11.250000,0.000000,0.102958,-0.102958,0.666667,1
11.252500,0.000000,0.231173,-0.231173,0.666667,1
11.255000,0.000000,0.324720,-0.324720,0.666667,1
11.257500,0.000000,0.333805,-0.333805,0.666667,1
11.260000,0.000000,0.396157,-0.396157,0.698413,1
11.262500,0.000000,0.298144,-0.298144,0.698413,1
11.265000,0.000000,0.195019,-0.195019,0.698413,1
11.267500,0.000000,0.214879,-0.214879,0.698413,1
11.270000,0.000000,0.167940,-0.167940,0.698413,1
11.272500,0.000000,0.086323,-0.086323,0.698413,1
11.275000,0.000000,0.033054,-0.033054,0.698413,1
11.277500,0.000000,-0.032511,0.032511,0.698413,1
11.280000,0.000000,-0.018690,0.018690,0.730159,1
11.282500,0.000000,0.016098,-0.016098,0.730159,1
11.285000,0.000000,0.062895,-0.062895,0.730159,1
11.287500,0.000000,0.067656,-0.067656,0.730159,1
11.290000,0.000000,0.143726,-0.143726,0.730159,1
11.292500,0.000000,0.175297,-0.175297,0.730159,1
11.295000,0.000000,0.170147,-0.170147,0.730159,1
11.297500,0.000000,0.249354,-0.249354,0.730159,1
11.300000,0.000000,0.350568,-0.350568,0.666667,1
11.302500,0.000000,0.409088,-0.409088,0.666667,1
11.305000,0.000000,0.376689,-0.376689,0.666667,1
11.307500,0.000000,0.283560,-0.283560,0.666667,1
11.310000,0.000000,0.198262,-0.198262,0.666667,1
11.312500,0.000000,0.145592,-0.145592,0.666667,1
11.315000,0.000000,0.068583,-0.068583,0.666667,1
11.317500,0.000000,0.105425,-0.105425,0.666667,1
11.320000,0.000000,-0.001153,0.001153,0.666667,1
11.322500,0.000000,0.011280,-0.011280,0.666667,1
11.325000,0.000000,0.101756,-0.101756,0.666667,1
11.327500,0.000000,0.121399,-0.121399,0.666667,1
11.330000,0.000000,0.176265,-0.176265,0.666667,1
11.332500,0.000000,0.265754,-0.265754,0.666667,1
11.335000,0.000000,0.383165,-0.383165,0.666667,1
11.337500,0.000000,0.331605,-0.331605,0.666667,1
11.340000,0.000000,0.254009,-0.254009,0.698413,1
11.342500,0.000000,0.173216,-0.173216,0.698413,1
11.345000,0.000000,0.044155,-0.044155,0.698413,1
11.347500,0.000000,-0.092023,0.092023,0.698413,1
11.350000,0.000000,-0.204873,0.204873,0.698413,1
11.352500,0.000000,-0.201381,0.201381,0.698413,1
11.355000,0.000000,-0.258319,0.258319,0.698413,1
11.357500,0.000000,-0.274256,0.274256,0.698413,1
11.360000,0.000000,-0.318111,0.318111,0.571429,1
11.362500,0.000000,-0.237944,0.237944,0.571429,1
11.365000,0.000000,-0.064468,0.064468,0.571429,1
11.367500,0.000000,-0.038118,0.038118,0.571429,1
11.370000,0.000000,0.140698,-0.140698,0.571429,1
11.372500,0.000000,0.229106,-0.229106,0.571429,1
11.375000,0.000000,0.277021,-0.277021,0.571429,1
11.377500,0.000000,0.318661,-0.318661,0.571429,1
11.380000,0.000000,0.328779,-0.328779,0.507937,1
11.382500,0.000000,0.394693,-0.394693,0.507937,1
11.385000,0.000000,0.348808,-0.348808,0.507937,1
11.387500,0.000000,0.287960,-0.287960,0.507937,1
11.390000,0.000000,0.165995,-0.165995,0.507937,1
11.392500,0.000000,0.131185,-0.131185,0.507937,1
11.395000,0.000000,0.009740,-0.009740,0.507937,1
11.397500,0.000000,-0.016170,0.016170,0.507937,1
11.400000,0.000000,0.184064,-0.184064,0.412698,1
11.402500,0.000000,0.040790,-0.040790,0.412698,1
11.405000,0.000000,0.122434,-0.122434,0.412698,1
11.407500,0.000000,0.222671,-0.222671,0.412698,1
11.410000,0.000000,0.291243,-0.291243,0.412698,1
11.412500,0.000000,0.350539,-0.350539,0.412698,1
11.415000,0.000000,0.405981,-0.405981,0.412698,1
11.417500,0.000000,0.406120,-0.406120,0.412698,1
11.420000,0.000000,0.402122,-0.402122,0.444444,1
11.422500,0.000000,0.321806,-0.321806,0.444444,1
11.425000,0.000000,0.370299,-0.370299,0.444444,1
11.427500,0.000000,0.259492,-0.259492,0.444444,1
11.430000,0.000000,0.197045,-0.197045,0.444444,1
11.432500,0.000000,0.068831,-0.068831,0.444444,1
11.435000,0.000000,0.061840,-0.061840,0.444444,1
11.437500,0.000000,0.070815,-0.070815,0.444444,1
11.440000,0.000000,0.093086,-0.093086,0.444444,1
11.442500,0.000000,0.059834,-0.059834,0.444444,1
11.445000,0.000000,0.072186,-0.072186,0.444444,1
11.447500,0.000000,0.248975,-0.248975,0.444444,1
11.450000,0.000000,0.277472,-0.277472,0.444444,1
11.452500,0.000000,0.382504,-0.382504,0.444444,1
11.455000,0.000000,0.369612,-0.369612,0.444444,1
11.457500,0.000000,0.446741,-0.446741,0.444444,1
11.460000,0.000000,0.386777,-0.386777,0.444444,1
11.462500,0.000000,0.291165,-0.291165,0.507937,1
11.465000,0.000000,0.187649,-0.187649,0.507937,1
11.467500,0.000000,0.079753,-0.079753,0.507937,1
11.470000,0.000000,0.021879,-0.021879,0.507937,1
11.472500,0.000000,-0.046317,0.046317,0.507937,1
11.475000,0.000000,-0.158876,0.158876,0.507937,1
11.477500,0.000000,-0.183864,0.183864,0.507937,1
11.480000,0.000000,-0.245620,0.245620,0.444444,1
11.482500,0.000000,-0.163026,0.163026,0.444444,1
11.485000,0.000000,-0.045178,0.045178,0.444444,1
11.487500,0.000000,0.034439,-0.034439,0.444444,1
11.490000,0.000000,0.134899,-0.134899,0.444444,1
11.492500,0.000000,0.313790,-0.313790,0.444444,1
11.495000,0.000000,0.351196,-0.351196,0.444444,1
11.497500,0.000000,0.311980,-0.311980,0.444444,1
11.500000,0.000000,0.333542,-0.333542,0.444444,1
11.502500,0.000000,0.218839,-0.218839,0.444444,1
11.505000,0.000000,0.136916,-0.136916,0.444444,1
11.507500,0.000000,0.016881,-0.016881,0.444444,1
11.510000,0.000000,-0.110574,0.110574,0.444444,1
11.512500,0.000000,-0.199057,0.199057,0.444444,1
11.515000,0.000000,-0.196627,0.196627,0.444444,1
11.517500,0.000000,-0.154581,0.154581,0.444444,1
11.520000,0.000000,-0.101606,0.101606,0.539683,1
11.522500,0.000000,-0.052781,0.052781,0.539683,1
11.525000,0.000000,-0.012492,0.012492,0.539683,1
11.527500,0.000000,-0.066606,0.066606,0.539683,1
11.530000,0.000000,0.028734,-0.028734,0.539683,1
11.532500,0.000000,-0.023232,0.023232,0.539683,1
11.535000,0.000000,-0.070858,0.070858,0.539683,1
11.537500,0.000000,-0.048223,0.048223,0.539683,1
11.540000,0.000000,-0.032440,0.032440,0.539683,1
11.542500,0.000000,-0.077369,0.077369,0.634921,1
11.545000,0.000000,-0.049816,0.049816,0.634921,1
11.547500,0.000000,-0.087842,0.087842,0.634921,1
11.550000,0.000000,-0.163561,0.163561,0.634921,1
11.552500,0.000000,-0.154270,0.154270,0.634921,1
11.555000,0.000000,-0.122042,0.122042,0.634921,1
11.557500,0.000000,-0.119272,0.119272,0.634921,1
11.560000,0.000000,-0.148904,0.148904,0.730159,1
11.562500,0.000000,-0.144745,0.144745,0.730159,1
11.565000,0.000000,-0.159743,0.159743,0.730159,1
11.567500,0.000000,-0.099358,0.099358,0.730159,1
11.570000,0.000000,-0.080186,0.080186,0.730159,1
11.572500,0.000000,-0.034273,0.034273,0.730159,1
11.575000,0.000000,0.023087,-0.023087,0.730159,1
11.577500,0.000000,-0.042381,0.042381,0.730159,1
11.580000,0.000000,-0.098018,0.098018,0.730159,1
11.582500,0.000000,-0.142354,0.142354,0.730159,1
11.585000,0.000000,-0.185656,0.185656,0.730159,1
11.587500,0.000000,-0.261888,0.261888,0.730159,1
11.590000,0.000000,-0.330625,0.330625,0.730159,1
11.592500,0.000000,-0.412450,0.412450,0.730159,1
11.595000,0.000000,-0.512016,0.512016,0.730159,1
11.597500,0.000000,-0.545055,0.545055,0.730159,1
11.600000,0.000000,-0.535674,0.535674,0.603175,1
11.602500,0.000000,-0.502567,0.502567,0.603175,1
11.605000,0.000000,-0.423099,0.423099,0.603175,1
11.607500,0.000000,-0.313710,0.313710,0.603175,1
11.610000,0.000000,-0.188772,0.188772,0.603175,1
11.612500,0.000000,-0.145392,0.145392,0.603175,1
11.615000,0.000000,-0.170783,0.170783,0.603175,1
11.617500,0.000000,-0.067177,0.067177,0.603175,1
11.620000,0.000000,-0.044018,0.044018,0.603175,1
11.622500,0.000000,-0.122244,0.122244,0.603175,1
11.625000,0.000000,-0.156153,0.156153,0.603175,1
11.627500,0.000000,-0.162978,0.162978,0.603175,1
11.630000,0.000000,-0.140096,0.140096,0.603175,1
11.632500,0.000000,-0.190932,0.190932,0.603175,1
11.635000,0.000000,-0.180600,0.180600,0.603175,1
11.637500,0.000000,-0.266647,0.266647,0.603175,1
11.640000,0.000000,-0.260006,0.260006,0.761905,1
11.642500,0.000000,-0.242940,0.242940,0.761905,1
11.645000,0.000000,-0.176333,0.176333,0.761905,1
11.647500,0.000000,-0.041862,0.041862,0.761905,1
11.650000,0.000000,0.033338,-0.033338,0.761905,1
11.652500,0.000000,0.048735,-0.048735,0.761905,1
11.655000,0.000000,0.035399,-0.035399,0.761905,1
11.657500,0.000000,0.132541,-0.132541,0.761905,1
11.660000,0.000000,0.151482,-0.151482,0.761905,1
11.662500,0.000000,0.142424,-0.142424,0.761905,1
11.665000,0.000000,0.076887,-0.076887,0.761905,1
11.667500,0.000000,0.027153,-0.027153,0.761905,1
11.670000,0.000000,-0.083265,0.083265,0.761905,1
11.672500,0.000000,-0.122617,0.122617,0.761905,1
11.675000,0.000000,-0.218335,0.218335,0.761905,1
11.677500,0.000000,-0.252608,0.252608,0.761905,1
11.680000,0.000000,-0.274767,0.274767,0.730159,1
11.682500,0.000000,-0.395222,0.395222,0.730159,1
11.685000,0.000000,-0.350643,0.350643,0.730159,1
11.687500,0.000000,-0.319287,0.319287,0.730159,1
11.690000,0.000000,-0.250877,0.250877,0.730159,1
11.692500,0.000000,-0.179745,0.179745,0.730159,1
11.695000,0.000000,-0.041066,0.041066,0.730159,1
11.697500,0.000000,0.000866,-0.000866,0.730159,1
11.700000,0.000000,0.018849,-0.018849,0.634921,1
11.702500,0.000000,0.015684,-0.015684,0.634921,1
11.705000,0.000000,0.008226,-0.008226,0.634921,1
11.707500,0.000000,-0.037573,0.037573,0.634921,1
11.710000,0.000000,-0.096428,0.096428,0.634921,1
11.712500,0.000000,-0.124404,0.124404,0.634921,1
11.715000,0.000000,-0.301145,0.301145,0.634921,1
11.717500,0.000000,-0.208151,0.208151,0.634921,1
11.720000,0.000000,-0.116620,0.116620,0.634921,1
11.722500,0.000000,-0.066098,0.066098,0.539683,1
11.725000,0.000000,-0.087954,0.087954,0.539683,1
11.727500,0.000000,0.064953,-0.064953,0.539683,1
11.730000,0.000000,0.104700,-0.104700,0.539683,1
11.732500,0.000000,0.208229,-0.208229,0.539683,1
11.735000,0.000000,0.183146,-0.183146,0.539683,1
11.737500,0.000000,0.336264,-0.336264,0.539683,1
11.740000,0.000000,0.247617,-0.247617,0.603175,1
11.742500,0.000000,0.213481,-0.213481,0.603175,1
11.745000,0.000000,0.040967,-0.040967,0.603175,1
11.747500,0.000000,-0.031559,0.031559,0.603175,1
11.750000,0.000000,-0.127240,0.127240,0.603175,1
11.752500,0.000000,-0.131419,0.131419,0.603175,1
11.755000,0.000000,-0.201519,0.201519,0.603175,1
11.757500,0.000000,-0.162607,0.162607,0.603175,1
11.760000,0.000000,-0.206578,0.206578,0.666667,1
11.762500,0.000000,-0.186925,0.186925,0.666667,1
11.765000,0.000000,-0.144627,0.144627,0.666667,1
11.767500,0.000000,-0.051861,0.051861,0.666667,1
11.770000,0.000000,0.036938,-0.036938,0.666667,1
11.772500,0.000000,0.134875,-0.134875,0.666667,1
11.775000,0.000000,0.192265,-0.192265,0.666667,1
11.777500,0.000000,0.244602,-0.244602,0.666667,1
11.780000,0.000000,0.191975,-0.191975,0.666667,1
11.782500,0.000000,0.177203,-0.177203,0.634921,1
11.785000,0.000000,0.201958,-0.201958,0.634921,1
11.787500,0.000000,0.041553,-0.041553,0.634921,1
11.790000,0.000000,-0.007374,0.007374,0.634921,1
11.792500,0.000000,-0.039385,0.039385,0.634921,1
11.795000,0.000000,-0.014322,0.014322,0.634921,1
11.797500,0.000000,-0.004330,0.004330,0.634921,1
11.800000,0.000000,0.001198,-0.001198,0.603175,1
11.802500,0.000000,0.053006,-0.053006,0.603175,1
11.805000,0.000000,0.065133,-0.065133,0.603175,1
11.807500,0.000000,0.111585,-0.111585,0.603175,1
11.810000,0.000000,0.111565,-0.111565,0.603175,1
11.812500,0.000000,0.255746,-0.255746,0.603175,1
11.815000,0.000000,0.323089,-0.323089,0.603175,1
11.817500,0.000000,0.291109,-0.291109,0.603175,1
11.820000,0.000000,0.294578,-0.294578,0.603175,1
11.822500,0.000000,0.318326,-0.318326,0.539683,1
11.825000,0.000000,0.304923,-0.304923,0.539683,1
11.827500,0.000000,0.164116,-0.164116,0.539683,1
11.830000,0.000000,-0.102999,0.102999,0.539683,1
11.832500,0.000000,-0.150852,0.150852,0.539683,1
11.835000,0.000000,-0.252155,0.252155,0.539683,1
11.837500,0.000000,-0.237434,0.237434,0.539683,1
11.840000,0.000000,-0.179656,0.179656,0.603175,1
11.842500,0.000000,-0.087498,0.087498,0.603175,1
11.845000,0.000000,0.057785,-0.057785,0.603175,1
11.847500,0.000000,0.187406,-0.187406,0.603175,1
11.850000,0.000000,0.344559,-0.344559,0.603175,1
11.852500,0.000000,0.471248,-0.471248,0.603175,1
11.855000,0.000000,0.581977,-0.581977,0.603175,1
11.857500,0.000000,0.586590,-0.586590,0.603175,1
11.860000,0.000000,0.493998,-0.493998,0.571429,1
11.862500,0.000000,0.580391,-0.580391,0.571429,1
11.865000,0.000000,0.507333,-0.507333,0.571429,1
11.867500,0.000000,0.483684,-0.483684,0.571429,1
11.870000,0.000000,0.358853,-0.358853,0.571429,1
11.872500,0.000000,0.326603,-0.326603,0.571429,1
11.875000,0.000000,0.127969,-0.127969,0.571429,1
11.877500,0.000000,0.071695,-0.071695,0.571429,1
11.880000,0.000000,0.063998,-0.063998,0.603175,1
11.882500,0.000000,0.113526,-0.113526,0.603175,1
11.885000,0.000000,0.216533,-0.216533,0.603175,1
11.887500,0.000000,0.219603,-0.219603,0.603175,1
11.890000,0.000000,0.319008,-0.319008,0.603175,1
11.892500,0.000000,0.438641,-0.438641,0.603175,1
11.895000,0.000000,0.596128,-0.596128,0.603175,1
11.897500,0.000000,0.639022,-0.639022,0.603175,1
11.900000,0.000000,0.581716,-0.581716,0.476190,1
11.902500,0.000000,0.442811,-0.442811,0.476190,1
11.905000,0.000000,0.474837,-0.474837,0.476190,1
11.907500,0.000000,0.419004,-0.419004,0.476190,1
11.910000,0.000000,0.312688,-0.312688,0.476190,1
11.912500,0.000000,0.120487,-0.120487,0.476190,1
11.915000,0.000000,-0.002087,0.002087,0.476190,1
11.917500,0.000000,0.003458,-0.003458,0.476190,1
11.920000,0.000000,0.022627,-0.022627,0.539683,1
11.922500,0.000000,-0.054926,0.054926,0.539683,1
11.925000,0.000000,0.036318,-0.036318,0.539683,1
11.927500,0.000000,0.020616,-0.020616,0.539683,1
11.930000,0.000000,0.171029,-0.171029,0.539683,1
11.932500,0.000000,0.247205,-0.247205,0.539683,1
11.935000,0.000000,0.266977,-0.266977,0.539683,1
11.937500,0.000000,0.340369,-0.340369,0.539683,1
11.940000,0.000000,0.346000,-0.346000,0.603175,1
11.942500,0.000000,0.373000,-0.373000,0.603175,1
11.945000,0.000000,0.313545,-0.313545,0.603175,1
11.947500,0.000000,0.243523,-0.243523,0.603175,1
11.950000,0.000000,0.148940,-0.148940,0.603175,1
11.952500,0.000000,0.090733,-0.090733,0.603175,1
11.955000,0.000000,0.122918,-0.122918,0.603175,1
11.957500,0.000000,0.065364,-0.065364,0.603175,1
11.960000,0.000000,0.096051,-0.096051,0.603175,1
11.962500,0.000000,0.075247,-0.075247,0.603175,1
11.965000,0.000000,0.017926,-0.017926,0.603175,1
11.967500,0.000000,0.094893,-0.094893,0.603175,1
11.970000,0.000000,0.183075,-0.183075,0.603175,1
11.972500,0.000000,0.237936,-0.237936,0.603175,1
11.975000,0.000000,0.203742,-0.203742,0.603175,1
11.977500,0.000000,0.239895,-0.239895,0.603175,1
11.980000,0.000000,0.244308,-0.244308,0.698413,1
11.982500,0.000000,0.170781,-0.170781,0.698413,1
11.985000,0.000000,0.056731,-0.056731,0.698413,1
11.987500,0.000000,-0.017303,0.017303,0.698413,1
11.990000,0.000000,-0.052126,0.052126,0.698413,1
11.992500,0.000000,-0.091937,0.091937,0.698413,1
11.995000,0.000000,-0.176982,0.176982,0.698413,1
11.997500,0.000000,-0.190098,0.190098,0.698413,1
12.000000,0.000000,-0.140020,0.140020,0.666667,1
12.002500,0.000000,-0.166164,0.166164,0.666667,1
12.005000,0.000000,-0.108108,0.108108,0.666667,1
12.007500,0.000000,0.025961,-0.025961,0.666667,1
12.010000,0.000000,0.031923,-0.031923,0.666667,1
12.012500,0.000000,0.152348,-0.152348,0.666667,1
12.015000,0.000000,0.276464,-0.276464,0.666667,1
12.017500,0.000000,0.282574,-0.282574,0.666667,1
12.020000,0.000000,0.257683,-0.257683,0.730159,1
12.022500,0.000000,0.271932,-0.271932,0.730159,1
12.025000,0.000000,0.208309,-0.208309,0.730159,1
12.027500,0.000000,0.032069,-0.032069,0.730159,1
12.030000,0.000000,-0.039220,0.039220,0.730159,1
12.032500,0.000000,-0.076845,0.076845,0.730159,1
12.035000,0.000000,-0.086436,0.086436,0.730159,1
12.037500,0.000000,-0.150060,0.150060,0.730159,1
12.040000,0.000000,-0.157730,0.157730,0.730159,1
12.042500,0.000000,-0.083951,0.083951,0.761905,1
12.045000,0.000000,-0.038571,0.038571,0.761905,1
12.047500,0.000000,-0.047446,0.047446,0.761905,1
12.050000,0.000000,0.075148,-0.075148,0.761905,1
12.052500,0.000000,0.122710,-0.122710,0.761905,1
12.055000,0.000000,0.214646,-0.214646,0.761905,1
12.057500,0.000000,0.168406,-0.168406,0.761905,1
12.060000,0.000000,0.158085,-0.158085,0.825397,1
12.062500,0.000000,0.151903,-0.151903,0.825397,1
12.065000,0.000000,0.100156,-0.100156,0.825397,1
12.067500,0.000000,-0.011140,0.011140,0.825397,1
12.070000,0.000000,-0.176556,0.176556,0.825397,1
12.072500,0.000000,-0.161616,0.161616,0.825397,1
12.075000,0.000000,-0.189588,0.189588,0.825397,1
12.077500,0.000000,-0.156177,0.156177,0.825397,1
12.080000,0.000000,-0.110361,0.110361,0.825397,1
12.082500,0.000000,-0.056618,0.056618,0.825397,1
12.085000,0.000000,-0.024787,0.024787,0.825397,1
12.087500,0.000000,0.055713,-0.055713,0.825397,1
12.090000,0.000000,0.180543,-0.180543,0.825397,1
12.092500,0.000000,0.236754,-0.236754,0.825397,1
12.095000,0.000000,0.358757,-0.358757,0.825397,1
12.097500,0.000000,0.304598,-0.304598,0.825397,1
12.100000,0.000000,0.214013,-0.214013,0.730159,1
12.102500,0.000000,0.228675,-0.228675,0.730159,1
12.105000,0.000000,0.130612,-0.130612,0.730159,1
12.107500,0.000000,0.162465,-0.162465,0.730159,1
12.110000,0.000000,0.153002,-0.153002,0.730159,1
12.112500,0.000000,0.161518,-0.161518,0.730159,1
12.115000,0.000000,0.150212,-0.150212,0.730159,1
12.117500,0.000000,0.073115,-0.073115,0.730159,1
12.120000,0.000000,-0.005085,0.005085,0.793651,1
12.122500,0.000000,0.088261,-0.088261,0.793651,1
12.125000,0.000000,0.062519,-0.062519,0.793651,1
12.127500,0.000000,0.193068,-0.193068,0.793651,1
12.130000,0.000000,0.282439,-0.282439,0.793651,1
12.132500,0.000000,0.329779,-0.329779,0.793651,1
12.135000,0.000000,0.385353,-0.385353,0.793651,1
12.137500,0.000000,0.419123,-0.419123,0.793651,1
12.140000,0.000000,0.395342,-0.395342,0.761905,1
12.142500,0.000000,0.424172,-0.424172,0.761905,1
12.145000,0.000000,0.428530,-0.428530,0.761905,1
12.147500,0.000000,0.359294,-0.359294,0.761905,1
12.150000,0.000000,0.251318,-0.251318,0.761905,1
12.152500,0.000000,0.242833,-0.242833,0.761905,1
12.155000,0.000000,0.090877,-0.090877,0.761905,1
12.157500,0.000000,0.083193,-0.083193,0.761905,1
12.160000,0.000000,0.114446,-0.114446,0.793651,1
12.162500,0.000000,0.097533,-0.097533,0.793651,1
12.165000,0.000000,0.185129,-0.185129,0.793651,1
12.167500,0.000000,0.238019,-0.238019,0.793651,1
12.170000,0.000000,0.270266,-0.270266,0.793651,1
12.172500,0.000000,0.366059,-0.366059,0.793651,1
12.175000,0.000000,0.350172,-0.350172,0.793651,1
12.177500,0.000000,0.403821,-0.403821,0.793651,1
12.180000,0.000000,0.299128,-0.299128,0.793651,1
12.182500,0.000000,0.278946,-0.278946,0.857143,1
12.185000,0.000000,0.228975,-0.228975,0.857143,1
12.187500,0.000000,0.141768,-0.141768,0.857143,1
12.190000,0.000000,0.092813,-0.092813,0.857143,1
12.192500,0.000000,0.029499,-0.029499,0.857143,1
12.195000,0.000000,0.030978,-0.030978,0.857143,1
12.197500,0.000000,0.030849,-0.030849,0.857143,1
12.200000,0.000000,0.049743,-0.049743,0.857143,1
12.202500,0.000000,0.084785,-0.084785,0.857143,1
12.205000,0.000000,0.105365,-0.105365,0.857143,1
12.207500,0.000000,0.146340,-0.146340,0.857143,1
12.210000,0.000000,0.215097,-0.215097,0.857143,1
12.212500,0.000000,0.258421,-0.258421,0.857143,1
12.215000,0.000000,0.343690,-0.343690,0.857143,1
12.217500,0.000000,0.361022,-0.361022,0.857143,1
12.220000,0.000000,0.367157,-0.367157,0.730159,1
12.222500,0.000000,0.255534,-0.255534,0.730159,1
12.225000,0.000000,0.243545,-0.243545,0.730159,1
12.227500,0.000000,0.139853,-0.139853,0.730159,1
12.230000,0.000000,0.011571,-0.011571,0.730159,1
12.232500,0.000000,0.028163,-0.028163,0.730159,1
12.235000,0.000000,0.012069,-0.012069,0.730159,1
12.237500,0.000000,0.033361,-0.033361,0.730159,1
12.240000,0.000000,0.054020,-0.054020,0.761905,1
12.242500,0.000000,0.073653,-0.073653,0.761905,1
12.245000,0.000000,0.105645,-0.105645,0.761905,1
12.247500,0.000000,0.201839,-0.201839,0.761905,1
12.250000,0.000000,0.316758,-0.316758,0.761905,1
12.252500,0.000000,0.365219,-0.365219,0.761905,1
12.255000,0.000000,0.499591,-0.499591,0.761905,1
12.257500,0.000000,0.499143,-0.499143,0.761905,1
12.260000,0.000000,0.412744,-0.412744,0.730159,1
12.262500,0.000000,0.286615,-0.286615,0.730159,1
12.265000,0.000000,0.144124,-0.144124,0.730159,1
12.267500,0.000000,0.054422,-0.054422,0.730159,1
12.270000,0.000000,-0.028397,0.028397,0.730159,1
12.272500,0.000000,-0.058045,0.058045,0.730159,1
12.275000,0.000000,-0.106474,0.106474,0.730159,1
12.277500,0.000000,-0.087984,0.087984,0.730159,1
12.280000,0.000000,-0.081835,0.081835,0.603175,1
12.282500,0.000000,-0.046901,0.046901,0.603175,1
12.285000,0.000000,-0.021078,0.021078,0.603175,1
12.287500,0.000000,0.133537,-0.133537,0.603175,1
12.290000,0.000000,0.121673,-0.121673,0.603175,1
12.292500,0.000000,0.206540,-0.206540,0.603175,1
12.295000,0.000000,0.243859,-0.243859,0.603175,1
12.297500,0.000000,0.307451,-0.307451,0.603175,1
12.300000,0.000000,0.293089,-0.293089,0.539683,1
12.302500,0.000000,0.248812,-0.248812,0.539683,1
12.305000,0.000000,0.163046,-0.163046,0.539683,1
12.307500,0.000000,0.161357,-0.161357,0.539683,1
12.310000,0.000000,0.071708,-0.071708,0.539683,1
12.312500,0.000000,0.107497,-0.107497,0.539683,1
12.315000,0.000000,0.060751,-0.060751,0.539683,1
12.317500,0.000000,0.028189,-0.028189,0.539683,1
12.320000,0.000000,0.019488,-0.019488,0.603175,1
12.322500,0.000000,0.076936,-0.076936,0.603175,1
12.325000,0.000000,0.095726,-0.095726,0.603175,1
12.327500,0.000000,0.168533,-0.168533,0.603175,1
12.330000,0.000000,0.237035,-0.237035,0.603175,1
12.332500,0.000000,0.313977,-0.313977,0.603175,1
12.335000,0.000000,0.373235,-0.373235,0.603175,1
12.337500,0.000000,0.408909,-0.408909,0.603175,1
12.340000,0.000000,0.396564,-0.396564,0.476190,1
12.342500,0.000000,0.443696,-0.443696,0.476190,1
12.345000,0.000000,0.387891,-0.387891,0.476190,1
12.347500,0.000000,0.451667,-0.451667,0.476190,1
12.350000,0.000000,0.347547,-0.347547,0.476190,1
12.352500,0.000000,0.311054,-0.311054,0.476190,1
12.355000,0.000000,0.191988,-0.191988,0.476190,1
12.357500,0.000000,0.236069,-0.236069,0.476190,1
12.360000,0.000000,0.183241,-0.183241,0.476190,1
12.362500,0.000000,0.228478,-0.228478,0.571429,1
12.365000,0.000000,0.258469,-0.258469,0.571429,1
12.367500,0.000000,0.340951,-0.340951,0.571429,1
12.370000,0.000000,0.390147,-0.390147,0.571429,1
12.372500,0.000000,0.402825,-0.402825,0.571429,1
12.375000,0.000000,0.426151,-0.426151,0.571429,1
12.377500,0.000000,0.519956,-0.519956,0.571429,1
12.380000,0.000000,0.525207,-0.525207,0.571429,1
12.382500,0.000000,0.418708,-0.418708,0.634921,1
12.385000,0.000000,0.408960,-0.408960,0.634921,1
12.387500,0.000000,0.287688,-0.287688,0.634921,1
12.390000,0.000000,0.244911,-0.244911,0.634921,1
12.392500,0.000000,0.199428,-0.199428,0.634921,1
12.395000,0.000000,0.173594,-0.173594,0.634921,1
12.397500,0.000000,0.232311,-0.232311,0.634921,1
12.400000,0.000000,0.183160,-0.183160,0.634921,1
12.402500,0.000000,0.233898,-0.233898,0.634921,1
12.405000,0.000000,0.338050,-0.338050,0.634921,1
12.407500,0.000000,0.359191,-0.359191,0.634921,1
12.410000,0.000000,0.379887,-0.379887,0.634921,1
12.412500,0.000000,0.417443,-0.417443,0.634921,1
12.415000,0.000000,0.469032,-0.469032,0.634921,1
12.417500,0.000000,0.408762,-0.408762,0.634921,1
12.420000,0.000000,0.421948,-0.421948,0.634921,1
12.422500,0.000000,0.317520,-0.317520,0.698413,1
12.425000,0.000000,0.320729,-0.320729,0.698413,1
12.427500,0.000000,0.273007,-0.273007,0.698413,1
12.430000,0.000000,0.287372,-0.287372,0.698413,1
12.432500,0.000000,0.247752,-0.247752,0.698413,1
12.435000,0.000000,0.177826,-0.177826,0.698413,1
12.437500,0.000000,0.108388,-0.108388,0.698413,1
12.440000,0.000000,0.114852,-0.114852,0.857143,1
12.442500,0.000000,0.132105,-0.132105,0.857143,1
12.445000,0.000000,0.216726,-0.216726,0.857143,1
12.447500,0.000000,0.225872,-0.225872,0.857143,1
12.450000,0.000000,0.360040,-0.360040,0.857143,1
12.452500,0.000000,0.455910,-0.455910,0.857143,1
12.455000,0.000000,0.475552,-0.475552,0.857143,1
12.457500,0.000000,0.558956,-0.558956,0.857143,1
12.460000,0.000000,0.506253,-0.506253,0.793651,1
12.462500,0.000000,0.475153,-0.475153,0.793651,1
12.465000,0.000000,0.357732,-0.357732,0.793651,1
12.467500,0.000000,0.370663,-0.370663,0.793651,1
12.470000,0.000000,0.220628,-0.220628,0.793651,1
12.472500,0.000000,0.089327,-0.089327,0.793651,1
12.475000,0.000000,0.012393,-0.012393,0.793651,1
12.477500,0.000000,0.047450,-0.047450,0.793651,1
12.480000,0.000000,0.089334,-0.089334,0.793651,1
12.482500,0.000000,0.116655,-0.116655,0.793651,1
12.485000,0.000000,0.204944,-0.204944,0.793651,1
12.487500,0.000000,0.252708,-0.252708,0.793651,1
12.490000,0.000000,0.328491,-0.328491,0.793651,1
12.492500,0.000000,0.453236,-0.453236,0.793651,1
12.495000,0.000000,0.473067,-0.473067,0.793651,1
12.497500,0.000000,0.447402,-0.447402,0.793651,1
12.500000,0.000000,0.454471,-0.454471,0.793651,1
12.502500,0.000000,0.448854,-0.448854,0.793651,1
12.505000,0.000000,0.393363,-0.393363,0.793651,1
12.507500,0.000000,0.366615,-0.366615,0.793651,1
12.510000,0.000000,0.280295,-0.280295,0.793651,1
12.512500,0.000000,0.216839,-0.216839,0.793651,1
12.515000,0.000000,0.180935,-0.180935,0.793651,1
12.517500,0.000000,0.163323,-0.163323,0.793651,1
12.520000,0.000000,0.232456,-0.232456,0.793651,1
12.522500,0.000000,0.270885,-0.270885,0.698413,1
12.525000,0.000000,0.296782,-0.296782,0.698413,1
12.527500,0.000000,0.379928,-0.379928,0.698413,1
12.530000,0.000000,0.489882,-0.489882,0.698413,1
12.532500,0.000000,0.578175,-0.578175,0.698413,1
12.535000,0.000000,0.644705,-0.644705,0.698413,1
12.537500,0.000000,0.573115,-0.573115,0.698413,1
12.540000,0.000000,0.431984,-0.431984,0.730159,1
12.542500,0.000000,0.452846,-0.452846,0.730159,1
12.545000,0.000000,0.409974,-0.409974,0.730159,1
12.547500,0.000000,0.331312,-0.331312,0.730159,1
12.550000,0.000000,0.284949,-0.284949,0.730159,1
12.552500,0.000000,0.305311,-0.305311,0.730159,1
12.555000,0.000000,0.314905,-0.314905,0.730159,1
12.557500,0.000000,0.324530,-0.324530,0.730159,1
12.560000,0.000000,0.266071,-0.266071,0.666667,1
12.562500,0.000000,0.244990,-0.244990,0.666667,1
12.565000,0.000000,0.163779,-0.163779,0.666667,1
12.567500,0.000000,0.258522,-0.258522,0.666667,1
12.570000,0.000000,0.379758,-0.379758,0.666667,1
12.572500,0.000000,0.494940,-0.494940,0.666667,1
12.575000,0.000000,0.563313,-0.563313,0.666667,1
12.577500,0.000000,0.562736,-0.562736,0.666667,1
12.580000,0.000000,0.511234,-0.511234,0.634921,1
12.582500,0.000000,0.419027,-0.419027,0.634921,1
12.585000,0.000000,0.341365,-0.341365,0.634921,1
12.587500,0.000000,0.207349,-0.207349,0.634921,1
12.590000,0.000000,0.217676,-0.217676,0.634921,1
12.592500,0.000000,0.071791,-0.071791,0.634921,1
12.595000,0.000000,0.006046,-0.006046,0.634921,1
12.597500,0.000000,-0.124444,0.124444,0.634921,1
12.600000,0.000000,-0.101385,0.101385,0.539683,1
12.602500,0.000000,-0.065025,0.065025,0.539683,1
12.605000,0.000000,-0.024236,0.024236,0.539683,1
12.607500,0.000000,-0.001234,0.001234,0.539683,1
12.610000,0.000000,0.081727,-0.081727,0.539683,1
12.612500,0.000000,0.122742,-0.122742,0.539683,1
12.615000,0.000000,0.167745,-0.167745,0.539683,1
12.617500,0.000000,0.305124,-0.305124,0.539683,1
12.620000,0.000000,0.302618,-0.302618,0.539683,1
12.622500,0.000000,0.289883,-0.289883,0.539683,1
12.625000,0.000000,0.194562,-0.194562,0.539683,1
12.627500,0.000000,0.067710,-0.067710,0.539683,1
12.630000,0.000000,-0.016579,0.016579,0.539683,1
12.632500,0.000000,0.051866,-0.051866,0.539683,1
12.635000,0.000000,-0.022907,0.022907,0.539683,1
12.637500,0.000000,-0.032123,0.032123,0.539683,1
12.640000,0.000000,-0.077423,0.077423,0.539683,1
12.642500,0.000000,-0.198601,0.198601,0.539683,1
12.645000,0.000000,-0.178961,0.178961,0.539683,1
12.647500,0.000000,0.034333,-0.034333,0.539683,1
12.650000,0.000000,0.145198,-0.145198,0.539683,1
12.652500,0.000000,0.303835,-0.303835,0.539683,1
12.655000,0.000000,0.328196,-0.328196,0.539683,1
12.657500,0.000000,0.214293,-0.214293,0.539683,1
12.660000,0.000000,0.144270,-0.144270,0.539683,1
12.662500,0.000000,0.130605,-0.130605,0.539683,1
12.665000,0.000000,0.083207,-0.083207,0.539683,1
12.667500,0.000000,0.006978,-0.006978,0.539683,1
12.670000,0.000000,-0.100943,0.100943,0.539683,1
12.672500,0.000000,-0.117288,0.117288,0.539683,1
12.675000,0.000000,-0.195700,0.195700,0.539683,1
12.677500,0.000000,-0.200949,0.200949,0.539683,1
12.680000,0.000000,-0.182318,0.182318,0.539683,1
12.682500,0.000000,-0.165674,0.165674,0.539683,1
12.685000,0.000000,-0.151293,0.151293,0.476190,1
12.687500,0.000000,-0.091426,0.091426,0.476190,1
12.690000,0.000000,0.111260,-0.111260,0.476190,1
12.692500,0.000000,0.252226,-0.252226,0.476190,1
12.695000,0.000000,0.362798,-0.362798,0.476190,1
12.697500,0.000000,0.332772,-0.332772,0.476190,1
12.700000,0.000000,0.232954,-0.232954,0.476190,1
12.702500,0.000000,0.255030,-0.255030,0.507937,1
12.705000,0.000000,0.239461,-0.239461,0.507937,1
12.707500,0.000000,0.163863,-0.163863,0.507937,1
12.710000,0.000000,0.056566,-0.056566,0.507937,1
12.712500,0.000000,-0.102042,0.102042,0.507937,1
12.715000,0.000000,-0.105452,0.105452,0.507937,1
12.717500,0.000000,-0.064872,0.064872,0.507937,1
12.720000,0.000000,-0.102460,0.102460,0.476190,1
12.722500,0.000000,-0.111282,0.111282,0.476190,1
12.725000,0.000000,0.025822,-0.025822,0.476190,1
12.727500,0.000000,0.063955,-0.063955,0.476190,1
12.730000,0.000000,0.249330,-0.249330,0.476190,1
12.732500,0.000000,0.309367,-0.309367,0.476190,1
12.735000,0.000000,0.332536,-0.332536,0.476190,1
12.737500,0.000000,0.353122,-0.353122,0.476190,1
12.740000,0.000000,0.315867,-0.315867,0.476190,1
12.742500,0.000000,0.337017,-0.337017,0.476190,1
12.745000,0.000000,0.316425,-0.316425,0.476190,1
12.747500,0.000000,0.290618,-0.290618,0.476190,1
12.750000,0.000000,0.206937,-0.206937,0.476190,1
12.752500,0.000000,0.095708,-0.095708,0.476190,1
12.755000,0.000000,0.033028,-0.033028,0.476190,1
12.757500,0.000000,-0.024577,0.024577,0.476190,1
12.760000,0.000000,0.061693,-0.061693,0.476190,1
12.762500,0.000000,0.148834,-0.148834,0.476190,1
12.765000,0.000000,0.195476,-0.195476,0.476190,1
12.767500,0.000000,0.209513,-0.209513,0.476190,1
12.770000,0.000000,0.372346,-0.372346,0.476190,1
12.772500,0.000000,0.440767,-0.440767,0.476190,1
12.775000,0.000000,0.473121,-0.473121,0.476190,1
12.777500,0.000000,0.574885,-0.574885,0.476190,1
12.780000,0.000000,0.524466,-0.524466,0.507937,1
12.782500,0.000000,0.456629,-0.456629,0.507937,1
12.785000,0.000000,0.370879,-0.370879,0.507937,1
12.787500,0.000000,0.211401,-0.211401,0.507937,1
12.790000,0.000000,0.142334,-0.142334,0.507937,1
12.792500,0.000000,0.022119,-0.022119,0.507937,1
12.795000,0.000000,-0.065879,0.065879,0.507937,1
12.797500,0.000000,-0.132460,0.132460,0.507937,1
12.800000,0.000000,-0.162943,0.162943,0.444444,1
12.802500,0.000000,-0.174180,0.174180,0.444444,1
12.805000,0.000000,-0.090058,0.090058,0.444444,1
12.807500,0.000000,-0.015704,0.015704,0.444444,1
12.810000,0.000000,0.074253,-0.074253,0.444444,1
12.812500,0.000000,0.294016,-0.294016,0.444444,1
12.815000,0.000000,0.332705,-0.332705,0.444444,1
12.817500,0.000000,0.387959,-0.387959,0.444444,1
12.820000,0.000000,0.416459,-0.416459,0.412698,1
12.822500,0.000000,0.359073,-0.359073,0.412698,1
12.825000,0.000000,0.296712,-0.296712,0.412698,1
12.827500,0.000000,0.201874,-0.201874,0.412698,1
12.830000,0.000000,0.116263,-0.116263,0.412698,1
12.832500,0.000000,-0.008235,0.008235,0.412698,1
12.835000,0.000000,-0.101799,0.101799,0.412698,1
12.837500,0.000000,-0.130162,0.130162,0.412698,1
12.840000,0.000000,-0.247790,0.247790,0.412698,1
12.842500,0.000000,-0.109629,0.109629,0.412698,1
12.845000,0.000000,0.092221,-0.092221,0.412698,1
12.847500,0.000000,0.180064,-0.180064,0.412698,1
12.850000,0.000000,0.301361,-0.301361,0.412698,1
12.852500,0.000000,0.436269,-0.436269,0.412698,1
12.855000,0.000000,0.397039,-0.397039,0.412698,1
12.857500,0.000000,0.470604,-0.470604,0.412698,1
12.860000,0.000000,0.428641,-0.428641,0.476190,1
12.862500,0.000000,0.508865,-0.508865,0.476190,1
12.865000,0.000000,0.422731,-0.422731,0.476190,1
12.867500,0.000000,0.383821,-0.383821,0.476190,1
12.870000,0.000000,0.279527,-0.279527,0.476190,1
12.872500,0.000000,0.318367,-0.318367,0.476190,1
12.875000,0.000000,0.220693,-0.220693,0.476190,1
12.877500,0.000000,0.247048,-0.247048,0.476190,1
12.880000,0.000000,0.270118,-0.270118,0.539683,1
12.882500,0.000000,0.308839,-0.308839,0.539683,1
12.885000,0.000000,0.360966,-0.360966,0.539683,1
12.887500,0.000000,0.380880,-0.380880,0.539683,1
12.890000,0.000000,0.305881,-0.305881,0.539683,1
12.892500,0.000000,0.418979,-0.418979,0.539683,1
12.895000,0.000000,0.430248,-0.430248,0.539683,1
12.897500,0.000000,0.504257,-0.504257,0.539683,1
12.900000,0.000000,0.504000,-0.504000,0.539683,1
12.902500,0.000000,0.520022,-0.520022,0.539683,1
12.905000,0.000000,0.489991,-0.489991,0.539683,1
12.907500,0.000000,0.270904,-0.270904,0.539683,1
12.910000,0.000000,0.218064,-0.218064,0.539683,1
12.912500,0.000000,0.121637,-0.121637,0.539683,1
12.915000,0.000000,0.125867,-0.125867,0.539683,1
12.917500,0.000000,0.123775,-0.123775,0.539683,1
12.920000,0.000000,0.151469,-0.151469,0.539683,1
12.922500,0.000000,0.160615,-0.160615,0.507937,1
12.925000,0.000000,0.159136,-0.159136,0.507937,1
12.927500,0.000000,0.202113,-0.202113,0.507937,1
12.930000,0.000000,0.172278,-0.172278,0.507937,1
12.932500,0.000000,0.205816,-0.205816,0.507937,1
12.935000,0.000000,0.171425,-0.171425,0.507937,1
12.937500,0.000000,0.114032,-0.114032,0.507937,1
12.940000,0.000000,0.116053,-0.116053,0.507937,1
12.942500,0.000000,0.111483,-0.111483,0.571429,1
12.945000,0.000000,0.054403,-0.054403,0.571429,1
12.947500,0.000000,-0.040648,0.040648,0.571429,1
12.950000,0.000000,-0.161247,0.161247,0.571429,1
12.952500,0.000000,-0.239497,0.239497,0.571429,1
12.955000,0.000000,-0.325372,0.325372,0.571429,1
12.957500,0.000000,-0.344844,0.344844,0.571429,1
12.960000,0.000000,-0.405947,0.405947,0.634921,1
12.962500,0.000000,-0.332441,0.332441,0.634921,1
12.965000,0.000000,-0.300192,0.300192,0.634921,1
12.967500,0.000000,-0.208321,0.208321,0.634921,1
12.970000,0.000000,-0.089146,0.089146,0.634921,1
12.972500,0.000000,-0.006233,0.006233,0.634921,1
12.975000,0.000000,0.082158,-0.082158,0.634921,1
12.977500,0.000000,0.004306,-0.004306,0.634921,1
12.980000,0.000000,-0.019167,0.019167,0.666667,1
12.982500,0.000000,0.008181,-0.008181,0.666667,1
12.985000,0.000000,-0.015507,0.015507,0.666667,1
12.987500,0.000000,0.010959,-0.010959,0.666667,1
12.990000,0.000000,0.024523,-0.024523,0.666667,1
12.992500,0.000000,-0.024822,0.024822,0.666667,1
12.995000,0.000000,-0.084457,0.084457,0.666667,1
12.997500,0.000000,-0.154201,0.154201,0.666667,1
13.000000,0.000000,-0.172010,0.172010,0.666667,1
13.002500,0.000000,-0.160948,0.160948,0.761905,1
13.005000,0.000000,-0.138199,0.138199,0.761905,1
13.007500,0.000000,-0.116850,0.116850,0.761905,1
13.010000,0.000000,-0.033034,0.033034,0.761905,1
13.012500,0.000000,0.101211,-0.101211,0.761905,1
13.015000,0.000000,0.184144,-0.184144,0.761905,1
13.017500,0.000000,0.188105,-0.188105,0.761905,1
13.020000,0.000000,0.232398,-0.232398,0.666667,1
13.022500,0.000000,0.214359,-0.214359,0.666667,1
13.025000,0.000000,0.154435,-0.154435,0.666667,1
13.027500,0.000000,0.078107,-0.078107,0.666667,1
13.030000,0.000000,-0.005774,0.005774,0.666667,1
13.032500,0.000000,-0.038501,0.038501,0.666667,1
13.035000,0.000000,-0.080352,0.080352,0.666667,1
13.037500,0.000000,-0.141271,0.141271,0.666667,1
13.040000,0.000000,-0.175271,0.175271,0.666667,1
13.042500,0.000000,-0.117234,0.117234,0.539683,1
13.045000,0.000000,-0.027482,0.027482,0.539683,1
13.047500,0.000000,0.032295,-0.032295,0.539683,1
13.050000,0.000000,0.047517,-0.047517,0.539683,1
13.052500,0.000000,0.194875,-0.194875,0.539683,1
13.055000,0.000000,0.305322,-0.305322,0.539683,1
13.057500,0.000000,0.209173,-0.209173,0.539683,1
13.060000,0.000000,0.277829,-0.277829,0.539683,1
13.062500,0.000000,0.223496,-0.223496,0.539683,1
13.065000,0.000000,0.168128,-0.168128,0.539683,1
13.067500,0.000000,0.151752,-0.151752,0.539683,1
13.070000,0.000000,0.159200,-0.159200,0.539683,1
13.072500,0.000000,0.135603,-0.135603,0.539683,1
13.075000,0.000000,0.087268,-0.087268,0.539683,1
13.077500,0.000000,-0.024341,0.024341,0.539683,1
13.080000,0.000000,-0.127583,0.127583,0.603175,1
13.082500,0.000000,-0.049904,0.049904,0.603175,1
13.085000,0.000000,0.072577,-0.072577,0.603175,1
13.087500,0.000000,0.095303,-0.095303,0.603175,1
13.090000,0.000000,0.150915,-0.150915,0.603175,1
13.092500,0.000000,0.184127,-0.184127,0.603175,1
13.095000,0.000000,0.198917,-0.198917,0.603175,1
13.097500,0.000000,0.275312,-0.275312,0.603175,1
13.100000,0.000000,0.276724,-0.276724,0.507937,1
13.102500,0.000000,0.219418,-0.219418,0.507937,1
13.105000,0.000000,0.308165,-0.308165,0.507937,1
13.107500,0.000000,0.134055,-0.134055,0.507937,1
13.110000,0.000000,0.077703,-0.077703,0.507937,1
13.112500,0.000000,-0.063167,0.063167,0.507937,1
13.115000,0.000000,-0.128001,0.128001,0.507937,1
13.117500,0.000000,-0.145550,0.145550,0.507937,1
13.120000,0.000000,-0.095640,0.095640,0.571429,1
13.122500,0.000000,-0.077306,0.077306,0.571429,1
13.125000,0.000000,-0.040997,0.040997,0.571429,1
13.127500,0.000000,0.014839,-0.014839,0.571429,1
13.130000,0.000000,0.031967,-0.031967,0.571429,1
13.132500,0.000000,0.133430,-0.133430,0.571429,1
13.135000,0.000000,0.196331,-0.196331,0.571429,1
13.137500,0.000000,0.240747,-0.240747,0.571429,1
13.140000,0.000000,0.227416,-0.227416,0.539683,1
13.142500,0.000000,0.177714,-0.177714,0.539683,1
13.145000,0.000000,0.180485,-0.180485,0.539683,1
13.147500,0.000000,0.157624,-0.157624,0.539683,1
13.150000,0.000000,0.151483,-0.151483,0.539683,1
13.152500,0.000000,0.093865,-0.093865,0.539683,1
13.155000,0.000000,0.109699,-0.109699,0.539683,1
13.157500,0.000000,0.052505,-0.052505,0.539683,1
13.160000,0.000000,0.041006,-0.041006,0.634921,1
13.162500,0.000000,0.123845,-0.123845,0.634921,1
13.165000,0.000000,0.209368,-0.209368,0.634921,1
13.167500,0.000000,0.251801,-0.251801,0.634921,1
13.170000,0.000000,0.261115,-0.261115,0.634921,1
13.172500,0.000000,0.306274,-0.306274,0.634921,1
13.175000,0.000000,0.311137,-0.311137,0.634921,1
13.177500,0.000000,0.412332,-0.412332,0.634921,1
13.180000,0.000000,0.435564,-0.435564,0.634921,1
13.182500,0.000000,0.355287,-0.355287,0.634921,1
13.185000,0.000000,0.240914,-0.240914,0.634921,1
13.187500,0.000000,0.128359,-0.128359,0.634921,1
13.190000,0.000000,0.025170,-0.025170,0.634921,1
13.192500,0.000000,-0.049511,0.049511,0.634921,1
13.195000,0.000000,-0.042008,0.042008,0.634921,1
13.197500,0.000000,-0.116261,0.116261,0.634921,1
13.200000,0.000000,0.003055,-0.003055,0.634921,1
13.202500,0.000000,-0.015742,0.015742,0.698413,1
13.205000,0.000000,-0.034315,0.034315,0.698413,1
13.207500,0.000000,0.107107,-0.107107,0.698413,1
13.210000,0.000000,0.232109,-0.232109,0.698413,1
13.212500,0.000000,0.277371,-0.277371,0.698413,1
13.215000,0.000000,0.333406,-0.333406,0.698413,1
13.217500,0.000000,0.367160,-0.367160,0.698413,1
13.220000,0.000000,0.361319,-0.361319,0.698413,1
13.222500,0.000000,0.261609,-0.261609,0.698413,1
13.225000,0.000000,0.086551,-0.086551,0.698413,1
13.227500,0.000000,-0.019285,0.019285,0.698413,1
13.230000,0.000000,0.000632,-0.000632,0.698413,1
13.232500,0.000000,0.026961,-0.026961,0.698413,1
13.235000,0.000000,-0.034636,0.034636,0.698413,1
13.237500,0.000000,-0.105659,0.105659,0.698413,1
13.240000,0.000000,-0.088642,0.088642,0.698413,1
13.242500,0.000000,-0.038278,0.038278,0.698413,1
13.245000,0.000000,0.040431,-0.040431,0.698413,1
13.247500,0.000000,-0.020034,0.020034,0.698413,1
13.250000,0.000000,0.202214,-0.202214,0.698413,1
13.252500,0.000000,0.313593,-0.313593,0.698413,1
13.255000,0.000000,0.341774,-0.341774,0.698413,1
13.257500,0.000000,0.321414,-0.321414,0.698413,1
13.260000,0.000000,0.354561,-0.354561,0.793651,1
13.262500,0.000000,0.341575,-0.341575,0.793651,1
13.265000,0.000000,0.291040,-0.291040,0.793651,1
13.267500,0.000000,0.244529,-0.244529,0.793651,1
13.270000,0.000000,0.169261,-0.169261,0.793651,1
13.272500,0.000000,0.123757,-0.123757,0.793651,1
13.275000,0.000000,0.107666,-0.107666,0.793651,1
13.277500,0.000000,0.095423,-0.095423,0.793651,1
13.280000,0.000000,0.106172,-0.106172,0.730159,1
13.282500,0.000000,0.195617,-0.195617,0.730159,1
13.285000,0.000000,0.160226,-0.160226,0.730159,1
13.287500,0.000000,0.179256,-0.179256,0.730159,1
13.290000,0.000000,0.242511,-0.242511,0.730159,1
13.292500,0.000000,0.262020,-0.262020,0.730159,1
13.295000,0.000000,0.282180,-0.282180,0.730159,1
13.297500,0.000000,0.360648,-0.360648,0.730159,1
13.300000,0.000000,0.342529,-0.342529,0.793651,1
13.302500,0.000000,0.225077,-0.225077,0.793651,1
13.305000,0.000000,0.153777,-0.153777,0.793651,1
13.307500,0.000000,0.092501,-0.092501,0.793651,1
13.310000,0.000000,0.027363,-0.027363,0.793651,1
13.312500,0.000000,-0.007527,0.007527,0.793651,1
13.315000,0.000000,-0.031146,0.031146,0.793651,1
13.317500,0.000000,-0.061064,0.061064,0.793651,1
13.320000,0.000000,-0.124293,0.124293,0.634921,1
13.322500,0.000000,-0.114010,0.114010,0.634921,1
13.325000,0.000000,-0.089079,0.089079,0.634921,1
13.327500,0.000000,-0.030283,0.030283,0.634921,1
13.330000,0.000000,0.084560,-0.084560,0.634921,1
13.332500,0.000000,0.173368,-0.173368,0.634921,1
13.335000,0.000000,0.264576,-0.264576,0.634921,1
13.337500,0.000000,0.262975,-0.262975,0.634921,1
13.340000,0.000000,0.333423,-0.333423,0.634921,1
13.342500,0.000000,0.327892,-0.327892,0.634921,1
13.345000,0.000000,0.268568,-0.268568,0.634921,1
13.347500,0.000000,0.221360,-0.221360,0.634921,1
13.350000,0.000000,0.102883,-0.102883,0.634921,1
13.352500,0.000000,-0.080689,0.080689,0.634921,1
13.355000,0.000000,-0.162087,0.162087,0.634921,1
13.357500,0.000000,-0.145263,0.145263,0.634921,1
13.360000,0.000000,-0.134818,0.134818,0.571429,1
13.362500,0.000000,-0.106425,0.106425,0.571429,1
13.365000,0.000000,-0.093560,0.093560,0.571429,1
13.367500,0.000000,-0.126412,0.126412,0.571429,1
13.370000,0.000000,0.037952,-0.037952,0.571429,1
13.372500,0.000000,0.097900,-0.097900,0.571429,1
13.375000,0.000000,0.125843,-0.125843,0.571429,1
13.377500,0.000000,0.113646,-0.113646,0.571429,1
13.380000,0.000000,0.175898,-0.175898,0.603175,1
13.382500,0.000000,0.187327,-0.187327,0.603175,1
13.385000,0.000000,0.076207,-0.076207,0.603175,1
13.387500,0.000000,0.065848,-0.065848,0.603175,1
13.390000,0.000000,-0.019004,0.019004,0.603175,1
13.392500,0.000000,-0.119522,0.119522,0.603175,1
13.395000,0.000000,-0.183324,0.183324,0.603175,1
13.397500,0.000000,-0.246337,0.246337,0.603175,1
13.400000,0.000000,-0.312531,0.312531,0.539683,1
13.402500,0.000000,-0.224078,0.224078,0.539683,1
13.405000,0.000000,-0.170354,0.170354,0.539683,1
13.407500,0.000000,-0.053629,0.053629,0.539683,1
13.410000,0.000000,0.045381,-0.045381,0.539683,1
13.412500,0.000000,0.148856,-0.148856,0.539683,1
13.415000,0.000000,0.083683,-0.083683,0.539683,1
13.417500,0.000000,0.061956,-0.061956,0.539683,1
13.420000,0.000000,0.094688,-0.094688,0.476190,1
13.422500,0.000000,-0.021872,0.021872,0.476190,1
13.425000,0.000000,-0.059511,0.059511,0.476190,1
13.427500,0.000000,-0.222108,0.222108,0.476190,1
13.430000,0.000000,-0.297727,0.297727,0.476190,1
13.432500,0.000000,-0.266539,0.266539,0.476190,1
13.435000,0.000000,-0.268771,0.268771,0.476190,1
13.437500,0.000000,-0.401356,0.401356,0.476190,1
13.440000,0.000000,-0.339900,0.339900,0.539683,1
13.442500,0.000000,-0.198456,0.198456,0.539683,1
13.445000,0.000000,0.015579,-0.015579,0.539683,1
13.447500,0.000000,0.111893,-0.111893,0.539683,1
13.450000,0.000000,0.110296,-0.110296,0.539683,1
13.452500,0.000000,0.200872,-0.200872,0.539683,1
13.455000,0.000000,0.334578,-0.334578,0.539683,1
13.457500,0.000000,0.340984,-0.340984,0.539683,1
13.460000,0.000000,0.389334,-0.389334,0.476190,1
13.462500,0.000000,0.289842,-0.289842,0.476190,1
13.465000,0.000000,0.239984,-0.239984,0.476190,1
13.467500,0.000000,0.003202,-0.003202,0.476190,1
13.470000,0.000000,-0.137725,0.137725,0.476190,1
13.472500,0.000000,-0.209905,0.209905,0.476190,1
13.475000,0.000000,-0.281898,0.281898,0.476190,1
13.477500,0.000000,-0.379019,0.379019,0.476190,1
13.480000,0.000000,-0.392004,0.392004,0.507937,1
13.482500,0.000000,-0.327636,0.327636,0.507937,1
13.485000,0.000000,-0.263402,0.263402,0.507937,1
13.487500,0.000000,-0.176255,0.176255,0.507937,1
13.490000,0.000000,-0.048870,0.048870,0.507937,1
13.492500,0.000000,0.007121,-0.007121,0.507937,1
13.495000,0.000000,0.139220,-0.139220,0.507937,1
13.497500,0.000000,0.108549,-0.108549,0.507937,1
13.500000,0.000000,0.207492,-0.207492,0.539683,1
13.502500,0.000000,0.230258,-0.230258,0.539683,1
13.505000,0.000000,0.148780,-0.148780,0.539683,1
13.507500,0.000000,0.057373,-0.057373,0.539683,1
13.510000,0.000000,-0.009792,0.009792,0.539683,1
13.512500,0.000000,-0.047568,0.047568,0.539683,1
13.515000,0.000000,-0.040651,0.040651,0.539683,1
13.517500,0.000000,-0.140765,0.140765,0.539683,1
13.520000,0.000000,-0.111722,0.111722,0.539683,1
13.522500,0.000000,-0.185677,0.185677,0.603175,1
13.525000,0.000000,-0.138329,0.138329,0.603175,1
13.527500,0.000000,0.004078,-0.004078,0.603175,1
13.530000,0.000000,0.003764,-0.003764,0.603175,1
13.532500,0.000000,-0.011053,0.011053,0.603175,1
13.535000,0.000000,0.050773,-0.050773,0.603175,1
13.537500,0.000000,0.146290,-0.146290,0.603175,1
13.540000,0.000000,0.157521,-0.157521,0.603175,1
13.542500,0.000000,0.033222,-0.033222,0.634921,1
13.545000,0.000000,-0.098830,0.098830,0.634921,1
13.547500,0.000000,-0.154589,0.154589,0.634921,1
13.550000,0.000000,-0.276597,0.276597,0.634921,1
13.552500,0.000000,-0.324591,0.324591,0.634921,1
13.555000,0.000000,-0.352969,0.352969,0.634921,1
13.557500,0.000000,-0.391666,0.391666,0.634921,1
13.560000,0.000000,-0.287828,0.287828,0.634921,1
13.562500,0.000000,-0.221399,0.221399,0.634921,1
13.565000,0.000000,-0.103334,0.103334,0.634921,1
13.567500,0.000000,0.011564,-0.011564,0.634921,1
13.570000,0.000000,0.074412,-0.074412,0.634921,1
13.572500,0.000000,0.127516,-0.127516,0.634921,1
13.575000,0.000000,0.158249,-0.158249,0.634921,1
13.577500,0.000000,0.214069,-0.214069,0.634921,1
13.580000,0.000000,0.170044,-0.170044,0.571429,1
13.582500,0.000000,0.228339,-0.228339,0.571429,1
13.585000,0.000000,0.123983,-0.123983,0.571429,1
13.587500,0.000000,0.059539,-0.059539,0.571429,1
13.590000,0.000000,-0.032388,0.032388,0.571429,1
13.592500,0.000000,-0.126859,0.126859,0.571429,1
13.595000,0.000000,-0.058206,0.058206,0.571429,1
13.597500,0.000000,-0.109230,0.109230,0.571429,1
13.600000,0.000000,-0.121040,0.121040,0.603175,1
13.602500,0.000000,-0.122980,0.122980,0.603175,1
13.605000,0.000000,-0.064355,0.064355,0.603175,1
13.607500,0.000000,0.000682,-0.000682,0.603175,1
13.610000,0.000000,0.016002,-0.016002,0.603175,1
13.612500,0.000000,0.061327,-0.061327,0.603175,1
13.615000,0.000000,0.142880,-0.142880,0.603175,1
13.617500,0.000000,0.219298,-0.219298,0.603175,1
13.620000,0.000000,0.212753,-0.212753,0.634921,1
13.622500,0.000000,0.181107,-0.181107,0.634921,1
13.625000,0.000000,0.106495,-0.106495,0.634921,1
13.627500,0.000000,0.011932,-0.011932,0.634921,1
13.630000,0.000000,-0.105781,0.105781,0.634921,1
13.632500,0.000000,-0.246106,0.246106,0.634921,1
13.635000,0.000000,-0.323119,0.323119,0.634921,1
13.637500,0.000000,-0.293289,0.293289,0.634921,1
13.640000,0.000000,-0.303811,0.303811,0.666667,1
13.642500,0.000000,-0.283886,0.283886,0.666667,1
13.645000,0.000000,-0.243207,0.243207,0.666667,1
13.647500,0.000000,-0.110303,0.110303,0.666667,1
13.650000,0.000000,-0.082734,0.082734,0.666667,1
13.652500,0.000000,-0.002296,0.002296,0.666667,1
13.655000,0.000000,0.043490,-0.043490,0.666667,1
13.657500,0.000000,0.071911,-0.071911,0.666667,1
13.660000,0.000000,0.081830,-0.081830,0.634921,1
13.662500,0.000000,0.054054,-0.054054,0.634921,1
13.665000,0.000000,0.041487,-0.041487,0.634921,1
13.667500,0.000000,-0.028478,0.028478,0.634921,1
13.670000,0.000000,-0.010526,0.010526,0.634921,1
13.672500,0.000000,-0.074821,0.074821,0.634921,1
13.675000,0.000000,-0.210645,0.210645,0.634921,1
13.677500,0.000000,-0.198036,0.198036,0.634921,1
13.680000,0.000000,-0.170770,0.170770,0.634921,1
13.682500,0.000000,-0.135186,0.135186,0.634921,1
13.685000,0.000000,-0.092352,0.092352,0.634921,1
13.687500,0.000000,-0.130406,0.130406,0.634921,1
13.690000,0.000000,-0.152970,0.152970,0.634921,1
13.692500,0.000000,0.003913,-0.003913,0.634921,1
13.695000,0.000000,0.025006,-0.025006,0.634921,1
13.697500,0.000000,0.101293,-0.101293,0.634921,1
13.700000,0.000000,0.007712,-0.007712,0.571429,1
13.702500,0.000000,-0.081051,0.081051,0.571429,1
13.705000,0.000000,-0.095716,0.095716,0.571429,1
13.707500,0.000000,-0.170012,0.170012,0.571429,1
13.710000,0.000000,-0.211798,0.211798,0.571429,1
13.712500,0.000000,-0.276310,0.276310,0.571429,1
13.715000,0.000000,-0.331986,0.331986,0.571429,1
13.717500,0.000000,-0.386134,0.386134,0.571429,1
13.720000,0.000000,-0.438993,0.438993,0.539683,1
13.722500,0.000000,-0.310055,0.310055,0.539683,1
13.725000,0.000000,-0.151188,0.151188,0.539683,1
13.727500,0.000000,-0.129885,0.129885,0.539683,1
13.730000,0.000000,-0.107099,0.107099,0.539683,1
13.732500,0.000000,-0.048605,0.048605,0.539683,1
13.735000,0.000000,0.028948,-0.028948,0.539683,1
13.737500,0.000000,0.048024,-0.048024,0.539683,1
13.740000,0.000000,0.074176,-0.074176,0.539683,1
13.742500,0.000000,0.038129,-0.038129,0.539683,1
13.745000,0.000000,-0.025771,0.025771,0.539683,1
13.747500,0.000000,0.037086,-0.037086,0.539683,1
13.750000,0.000000,-0.072605,0.072605,0.539683,1
13.752500,0.000000,-0.051165,0.051165,0.539683,1
13.755000,0.000000,-0.024279,0.024279,0.539683,1
13.757500,0.000000,-0.025387,0.025387,0.539683,1
13.760000,0.000000,-0.126537,0.126537,0.571429,1
13.762500,0.000000,-0.091434,0.091434,0.571429,1
13.765000,0.000000,-0.062240,0.062240,0.571429,1
13.767500,0.000000,0.010565,-0.010565,0.571429,1
13.770000,0.000000,0.028836,-0.028836,0.571429,1
13.772500,0.000000,0.137445,-0.137445,0.571429,1
13.775000,0.000000,0.237882,-0.237882,0.571429,1
13.777500,0.000000,0.320013,-0.320013,0.571429,1
13.780000,0.000000,0.287612,-0.287612,0.571429,1
13.782500,0.000000,0.191510,-0.191510,0.571429,1
13.785000,0.000000,0.149744,-0.149744,0.571429,1
13.787500,0.000000,0.168063,-0.168063,0.571429,1
13.790000,0.000000,0.090012,-0.090012,0.571429,1
13.792500,0.000000,0.041049,-0.041049,0.571429,1
13.795000,0.000000,-0.026389,0.026389,0.571429,1
13.797500,0.000000,-0.081146,0.081146,0.571429,1
13.800000,0.000000,-0.042944,0.042944,0.571429,1
13.802500,0.000000,-0.018090,0.018090,0.571429,1
13.805000,0.000000,0.057546,-0.057546,0.571429,1
13.807500,0.000000,0.152267,-0.152267,0.571429,1
13.810000,0.000000,0.240630,-0.240630,0.571429,1
13.812500,0.000000,0.331155,-0.331155,0.571429,1
13.815000,0.000000,0.326497,-0.326497,0.571429,1
13.817500,0.000000,0.294232,-0.294232,0.571429,1
13.820000,0.000000,0.281416,-0.281416,0.603175,1
13.822500,0.000000,0.242559,-0.242559,0.603175,1
13.825000,0.000000,0.155676,-0.155676,0.603175,1
13.827500,0.000000,0.095285,-0.095285,0.603175,1
13.830000,0.000000,0.065791,-0.065791,0.603175,1
13.832500,0.000000,0.057264,-0.057264,0.603175,1
13.835000,0.000000,0.076433,-0.076433,0.603175,1
13.837500,0.000000,-0.022161,0.022161,0.603175,1
13.840000,0.000000,-0.081443,0.081443,0.603175,1
13.842500,0.000000,-0.063932,0.063932,0.539683,1
13.845000,0.000000,-0.000336,0.000336,0.539683,1
13.847500,0.000000,0.059895,-0.059895,0.539683,1
13.850000,0.000000,0.105981,-0.105981,0.539683,1
13.852500,0.000000,0.158039,-0.158039,0.539683,1
13.855000,0.000000,0.234907,-0.234907,0.539683,1
13.857500,0.000000,0.181501,-0.181501,0.539683,1
13.860000,0.000000,0.311432,-0.311432,0.507937,1
13.862500,0.000000,0.268144,-0.268144,0.507937,1
13.865000,0.000000,0.260057,-0.260057,0.507937,1
13.867500,0.000000,0.139721,-0.139721,0.507937,1
13.870000,0.000000,0.085307,-0.085307,0.507937,1
13.872500,0.000000,0.012049,-0.012049,0.507937,1
13.875000,0.000000,0.003295,-0.003295,0.507937,1
13.877500,0.000000,-0.039442,0.039442,0.507937,1
13.880000,0.000000,0.051337,-0.051337,0.507937,1
13.882500,0.000000,0.004154,-0.004154,0.634921,1
13.885000,0.000000,0.097646,-0.097646,0.634921,1
13.887500,0.000000,0.163087,-0.163087,0.634921,1
13.890000,0.000000,0.176682,-0.176682,0.634921,1
13.892500,0.000000,0.329131,-0.329131,0.634921,1
13.895000,0.000000,0.456860,-0.456860,0.634921,1
13.897500,0.000000,0.365943,-0.365943,0.634921,1
13.900000,0.000000,0.362362,-0.362362,0.730159,1
13.902500,0.000000,0.358327,-0.358327,0.730159,1
13.905000,0.000000,0.322410,-0.322410,0.730159,1
13.907500,0.000000,0.321564,-0.321564,0.730159,1
13.910000,0.000000,0.306620,-0.306620,0.730159,1
13.912500,0.000000,0.250033,-0.250033,0.730159,1
13.915000,0.000000,0.299752,-0.299752,0.730159,1
13.917500,0.000000,0.308089,-0.308089,0.730159,1
13.920000,0.000000,0.282147,-0.282147,0.730159,1
13.922500,0.000000,0.272510,-0.272510,0.730159,1
13.925000,0.000000,0.366654,-0.366654,0.730159,1
13.927500,0.000000,0.378370,-0.378370,0.730159,1
13.930000,0.000000,0.412419,-0.412419,0.730159,1
13.932500,0.000000,0.448349,-0.448349,0.730159,1
13.935000,0.000000,0.496607,-0.496607,0.730159,1
13.937500,0.000000,0.496448,-0.496448,0.730159,1
13.940000,0.000000,0.418568,-0.418568,0.730159,1
13.942500,0.000000,0.433771,-0.433771,0.730159,1
13.945000,0.000000,0.353540,-0.353540,0.730159,1
13.947500,0.000000,0.375308,-0.375308,0.730159,1
13.950000,0.000000,0.310571,-0.310571,0.730159,1
13.952500,0.000000,0.298363,-0.298363,0.730159,1
13.955000,0.000000,0.270975,-0.270975,0.730159,1
13.957500,0.000000,0.298504,-0.298504,0.730159,1
13.960000,0.000000,0.313815,-0.313815,0.825397,1
13.962500,0.000000,0.337552,-0.337552,0.825397,1
13.965000,0.000000,0.417281,-0.417281,0.825397,1
13.967500,0.000000,0.568233,-0.568233,0.825397,1
13.970000,0.000000,0.600402,-0.600402,0.825397,1
13.972500,0.000000,0.673298,-0.673298,0.825397,1
13.975000,0.000000,0.695917,-0.695917,0.825397,1
13.977500,0.000000,0.720201,-0.720201,0.825397,1
13.980000,0.000000,0.699007,-0.699007,0.793651,1
13.982500,0.000000,0.553882,-0.553882,0.793651,1
13.985000,0.000000,0.481427,-0.481427,0.793651,1
13.987500,0.000000,0.451916,-0.451916,0.793651,1
13.990000,0.000000,0.337859,-0.337859,0.793651,1
13.992500,0.000000,0.309320,-0.309320,0.793651,1
13.995000,0.000000,0.261962,-0.261962,0.793651,1
13.997500,0.000000,0.219921,-0.219921,0.793651,1
14.000000,0.000000,0.255545,-0.255545,0.761905,1
14.002500,0.000000,0.304987,-0.304987,0.761905,1
14.005000,0.000000,0.362175,-0.362175,0.761905,1
14.007500,0.000000,0.460238,-0.460238,0.761905,1
14.010000,0.000000,0.521537,-0.521537,0.761905,1
14.012500,0.000000,0.488000,-0.488000,0.761905,1
14.015000,0.000000,0.501131,-0.501131,0.761905,1
14.017500,0.000000,0.424406,-0.424406,0.761905,1
14.020000,0.000000,0.441350,-0.441350,0.761905,1
14.022500,0.000000,0.443316,-0.443316,0.793651,1
14.025000,0.000000,0.426274,-0.426274,0.793651,1
14.027500,0.000000,0.374935,-0.374935,0.793651,1
14.030000,0.000000,0.342263,-0.342263,0.793651,1
14.032500,0.000000,0.198619,-0.198619,0.793651,1
14.035000,0.000000,0.141211,-0.141211,0.793651,1
14.037500,0.000000,0.046568,-0.046568,0.793651,1
14.040000,0.000000,0.027215,-0.027215,0.730159,1
14.042500,0.000000,0.132803,-0.132803,0.730159,1
14.045000,0.000000,0.231378,-0.231378,0.730159,1
14.047500,0.000000,0.320253,-0.320253,0.730159,1
14.050000,0.000000,0.369720,-0.369720,0.730159,1
14.052500,0.000000,0.372250,-0.372250,0.730159,1
14.055000,0.000000,0.417557,-0.417557,0.730159,1
14.057500,0.000000,0.484017,-0.484017,0.730159,1
14.060000,0.000000,0.487326,-0.487326,0.730159,1
14.062500,0.000000,0.351442,-0.351442,0.634921,1
14.065000,0.000000,0.288866,-0.288866,0.634921,1
14.067500,0.000000,0.102427,-0.102427,0.634921,1
14.070000,0.000000,0.065430,-0.065430,0.634921,1
14.072500,0.000000,-0.045030,0.045030,0.634921,1
14.075000,0.000000,-0.162899,0.162899,0.634921,1
14.077500,0.000000,-0.141891,0.141891,0.634921,1
14.080000,0.000000,-0.101622,0.101622,0.539683,1
14.082500,0.000000,-0.050435,0.050435,0.539683,1
14.085000,0.000000,0.143491,-0.143491,0.539683,1
14.087500,0.000000,0.253290,-0.253290,0.539683,1
14.090000,0.000000,0.288278,-0.288278,0.539683,1
14.092500,0.000000,0.383866,-0.383866,0.539683,1
14.095000,0.000000,0.409801,-0.409801,0.539683,1
14.097500,0.000000,0.498333,-0.498333,0.539683,1
14.100000,0.000000,0.493753,-0.493753,0.476190,1
14.102500,0.000000,0.461288,-0.461288,0.476190,1
14.105000,0.000000,0.286559,-0.286559,0.476190,1
14.107500,0.000000,0.195836,-0.195836,0.476190,1
14.110000,0.000000,0.095679,-0.095679,0.476190,1
14.112500,0.000000,-0.052719,0.052719,0.476190,1
14.115000,0.000000,-0.125583,0.125583,0.476190,1
14.117500,0.000000,-0.126602,0.126602,0.476190,1
14.120000,0.000000,-0.121413,0.121413,0.476190,1
14.122500,0.000000,-0.181765,0.181765,0.349206,1
14.125000,0.000000,-0.116985,0.116985,0.349206,1
14.127500,0.000000,-0.048148,0.048148,0.349206,1
14.130000,0.000000,0.073021,-0.073021,0.349206,1
14.132500,0.000000,0.170850,-0.170850,0.349206,1
14.135000,0.000000,0.204628,-0.204628,0.349206,1
14.137500,0.000000,0.200751,-0.200751,0.349206,1
14.140000,0.000000,0.195781,-0.195781,0.380952,1
14.142500,0.000000,0.214538,-0.214538,0.380952,1
14.145000,0.000000,0.156990,-0.156990,0.380952,1
14.147500,0.000000,0.157351,-0.157351,0.380952,1
14.150000,0.000000,0.131685,-0.131685,0.380952,1
14.152500,0.000000,0.138011,-0.138011,0.380952,1
14.155000,0.000000,0.155634,-0.155634,0.380952,1
14.157500,0.000000,0.214753,-0.214753,0.380952,1
14.160000,0.000000,0.139784,-0.139784,0.444444,1
14.162500,0.000000,0.202555,-0.202555,0.444444,1
14.165000,0.000000,0.322370,-0.322370,0.444444,1
14.167500,0.000000,0.465747,-0.465747,0.444444,1
14.170000,0.000000,0.483964,-0.483964,0.444444,1
14.172500,0.000000,0.578179,-0.578179,0.444444,1
14.175000,0.000000,0.616958,-0.616958,0.444444,1
14.177500,0.000000,0.730735,-0.730735,0.444444,1
14.180000,0.000000,0.605605,-0.605605,0.380952,1
14.182500,0.000000,0.491753,-0.491753,0.380952,1
14.185000,0.000000,0.285627,-0.285627,0.380952,1
14.187500,0.000000,0.196882,-0.196882,0.380952,1
14.190000,0.000000,0.242978,-0.242978,0.380952,1
14.192500,0.000000,0.144424,-0.144424,0.380952,1
14.195000,0.000000,0.079780,-0.079780,0.380952,1
14.197500,0.000000,0.076727,-0.076727,0.380952,1
14.200000,0.000000,0.065759,-0.065759,0.380952,1
14.202500,0.000000,0.112233,-0.112233,0.476190,1
14.205000,0.000000,0.183498,-0.183498,0.476190,1
14.207500,0.000000,0.201567,-0.201567,0.476190,1
14.210000,0.000000,0.266095,-0.266095,0.476190,1
14.212500,0.000000,0.368454,-0.368454,0.476190,1
14.215000,0.000000,0.460581,-0.460581,0.476190,1
14.217500,0.000000,0.544495,-0.544495,0.476190,1
14.220000,0.000000,0.541877,-0.541877,0.507937,1
14.222500,0.000000,0.511705,-0.511705,0.507937,1
14.225000,0.000000,0.479102,-0.479102,0.507937,1
14.227500,0.000000,0.359200,-0.359200,0.507937,1
14.230000,0.000000,0.235409,-0.235409,0.507937,1
14.232500,0.000000,0.149257,-0.149257,0.507937,1
14.235000,0.000000,0.020485,-0.020485,0.507937,1
14.237500,0.000000,0.012412,-0.012412,0.507937,1
14.240000,0.000000,0.072002,-0.072002,0.476190,1
14.242500,0.000000,0.059406,-0.059406,0.476190,1
14.245000,0.000000,0.139296,-0.139296,0.476190,1
14.247500,0.000000,0.172512,-0.172512,0.476190,1
14.250000,0.000000,0.188334,-0.188334,0.476190,1
14.252500,0.000000,0.373753,-0.373753,0.476190,1
14.255000,0.000000,0.358442,-0.358442,0.476190,1
14.257500,0.000000,0.301460,-0.301460,0.476190,1
14.260000,0.000000,0.301534,-0.301534,0.603175,1
14.262500,0.000000,0.278312,-0.278312,0.603175,1
14.265000,0.000000,0.252835,-0.252835,0.603175,1
14.267500,0.000000,0.277806,-0.277806,0.603175,1
14.270000,0.000000,0.161568,-0.161568,0.603175,1
14.272500,0.000000,0.063730,-0.063730,0.603175,1
14.275000,0.000000,0.091453,-0.091453,0.603175,1
14.277500,0.000000,0.107917,-0.107917,0.603175,1
14.280000,0.000000,0.138493,-0.138493,0.730159,1
14.282500,0.000000,0.132244,-0.132244,0.730159,1
14.285000,0.000000,0.219599,-0.219599,0.730159,1
14.287500,0.000000,0.304259,-0.304259,0.730159,1
14.290000,0.000000,0.364845,-0.364845,0.730159,1
14.292500,0.000000,0.385212,-0.385212,0.730159,1
14.295000,0.000000,0.422092,-0.422092,0.730159,1
14.297500,0.000000,0.506182,-0.506182,0.730159,1
14.300000,0.000000,0.443589,-0.443589,0.761905,1
14.302500,0.000000,0.371811,-0.371811,0.761905,1
14.305000,0.000000,0.289317,-0.289317,0.761905,1
14.307500,0.000000,0.205004,-0.205004,0.761905,1
14.310000,0.000000,0.135567,-0.135567,0.761905,1
14.312500,0.000000,0.115905,-0.115905,0.761905,1
14.315000,0.000000,0.088295,-0.088295,0.761905,1
14.317500,0.000000,0.064045,-0.064045,0.761905,1
14.320000,0.000000,0.076166,-0.076166,0.634921,1
14.322500,0.000000,0.134213,-0.134213,0.634921,1
14.325000,0.000000,0.093706,-0.093706,0.634921,1
14.327500,0.000000,0.214136,-0.214136,0.634921,1
14.330000,0.000000,0.236841,-0.236841,0.634921,1
14.332500,0.000000,0.272990,-0.272990,0.634921,1
14.335000,0.000000,0.332559,-0.332559,0.634921,1
14.337500,0.000000,0.344521,-0.344521,0.634921,1
14.340000,0.000000,0.356626,-0.356626,0.666667,1
14.342500,0.000000,0.324194,-0.324194,0.666667,1
14.345000,0.000000,0.248562,-0.248562,0.666667,1
14.347500,0.000000,0.250876,-0.250876,0.666667,1
14.350000,0.000000,0.206829,-0.206829,0.666667,1
14.352500,0.000000,0.149440,-0.149440,0.666667,1
14.355000,0.000000,0.128826,-0.128826,0.666667,1
14.357500,0.000000,0.062063,-0.062063,0.666667,1
14.360000,0.000000,0.172884,-0.172884,0.634921,1
14.362500,0.000000,0.138145,-0.138145,0.634921,1
14.365000,0.000000,0.190847,-0.190847,0.634921,1
14.367500,0.000000,0.236742,-0.236742,0.634921,1
14.370000,0.000000,0.284525,-0.284525,0.634921,1
14.372500,0.000000,0.318228,-0.318228,0.634921,1
14.375000,0.000000,0.318397,-0.318397,0.634921,1
14.377500,0.000000,0.396153,-0.396153,0.634921,1
14.380000,0.000000,0.319459,-0.319459,0.634921,1
14.382500,0.000000,0.329775,-0.329775,0.698413,1
14.385000,0.000000,0.301854,-0.301854,0.698413,1
14.387500,0.000000,0.210893,-0.210893,0.698413,1
14.390000,0.000000,0.161479,-0.161479,0.698413,1
14.392500,0.000000,0.085666,-0.085666,0.698413,1
14.395000,0.000000,-0.018309,0.018309,0.698413,1
14.397500,0.000000,-0.096287,0.096287,0.698413,1
14.400000,0.000000,-0.062674,0.062674,0.730159,1
14.402500,0.000000,-0.007293,0.007293,0.730159,1
14.405000,0.000000,0.050931,-0.050931,0.730159,1
14.407500,0.000000,0.092058,-0.092058,0.730159,1
14.410000,0.000000,0.146381,-0.146381,0.730159,1
14.412500,0.000000,0.187600,-0.187600,0.730159,1
14.415000,0.000000,0.146209,-0.146209,0.730159,1
14.417500,0.000000,0.169732,-0.169732,0.730159,1
14.420000,0.000000,0.189460,-0.189460,0.698413,1
14.422500,0.000000,0.159671,-0.159671,0.698413,1
14.425000,0.000000,0.191854,-0.191854,0.698413,1
14.427500,0.000000,0.071840,-0.071840,0.698413,1
14.430000,0.000000,-0.032462,0.032462,0.698413,1
14.432500,0.000000,-0.088917,0.088917,0.698413,1
14.435000,0.000000,-0.122942,0.122942,0.698413,1
14.437500,0.000000,-0.238547,0.238547,0.698413,1
14.440000,0.000000,-0.199172,0.199172,0.666667,1
14.442500,0.000000,-0.151740,0.151740,0.666667,1
14.445000,0.000000,-0.203282,0.203282,0.666667,1
14.447500,0.000000,-0.135439,0.135439,0.666667,1
14.450000,0.000000,-0.099791,0.099791,0.666667,1
14.452500,0.000000,-0.052884,0.052884,0.666667,1
14.455000,0.000000,-0.068140,0.068140,0.666667,1
14.457500,0.000000,-0.017165,0.017165,0.666667,1
14.460000,0.000000,0.066049,-0.066049,0.730159,1
14.462500,0.000000,0.050874,-0.050874,0.730159,1
14.465000,0.000000,-0.099563,0.099563,0.730159,1
14.467500,0.000000,-0.144389,0.144389,0.730159,1
14.470000,0.000000,-0.215550,0.215550,0.730159,1
14.472500,0.000000,-0.322210,0.322210,0.730159,1
14.475000,0.000000,-0.342031,0.342031,0.730159,1
14.477500,0.000000,-0.314509,0.314509,0.730159,1
14.480000,0.000000,-0.335687,0.335687,0.730159,1
14.482500,0.000000,-0.375336,0.375336,0.761905,1
14.485000,0.000000,-0.409611,0.409611,0.761905,1
14.487500,0.000000,-0.366788,0.366788,0.761905,1
14.490000,0.000000,-0.296793,0.296793,0.761905,1
14.492500,0.000000,-0.250584,0.250584,0.761905,1
14.495000,0.000000,-0.227733,0.227733,0.761905,1
14.497500,0.000000,-0.168880,0.168880,0.761905,1
14.500000,0.000000,-0.141862,0.141862,0.761905,1
14.502500,0.000000,-0.153074,0.153074,0.761905,1
14.505000,0.000000,-0.156576,0.156576,0.761905,1
14.507500,0.000000,-0.242846,0.242846,0.761905,1
14.510000,0.000000,-0.351820,0.351820,0.761905,1
14.512500,0.000000,-0.425575,0.425575,0.761905,1
14.515000,0.000000,-0.485863,0.485863,0.761905,1
14.517500,0.000000,-0.591029,0.591029,0.761905,1
14.520000,0.000000,-0.597718,0.597718,0.666667,1
14.522500,0.000000,-0.489647,0.489647,0.666667,1
14.525000,0.000000,-0.377798,0.377798,0.666667,1
14.527500,0.000000,-0.268747,0.268747,0.666667,1
14.530000,0.000000,-0.178779,0.178779,0.666667,1
14.532500,0.000000,-0.029753,0.029753,0.666667,1
14.535000,0.000000,-0.031772,0.031772,0.666667,1
14.537500,0.000000,-0.052432,0.052432,0.666667,1
14.540000,0.000000,0.009750,-0.009750,0.634921,1
14.542500,0.000000,-0.018030,0.018030,0.634921,1
14.545000,0.000000,-0.106286,0.106286,0.634921,1
14.547500,0.000000,-0.142347,0.142347,0.634921,1
14.550000,0.000000,-0.235095,0.235095,0.634921,1
14.552500,0.000000,-0.339551,0.339551,0.634921,1
14.555000,0.000000,-0.425197,0.425197,0.634921,1
14.557500,0.000000,-0.420937,0.420937,0.634921,1
14.560000,0.000000,-0.393362,0.393362,0.603175,1
14.562500,0.000000,-0.265838,0.265838,0.603175,1
14.565000,0.000000,-0.216973,0.216973,0.603175,1
14.567500,0.000000,-0.154411,0.154411,0.603175,1
14.570000,0.000000,0.005963,-0.005963,0.603175,1
14.572500,0.000000,0.129498,-0.129498,0.603175,1
14.575000,0.000000,0.186242,-0.186242,0.603175,1
14.577500,0.000000,0.124339,-0.124339,0.603175,1
14.580000,0.000000,0.076064,-0.076064,0.603175,1
14.582500,0.000000,-0.012255,0.012255,0.603175,1
14.585000,0.000000,-0.063309,0.063309,0.603175,1
14.587500,0.000000,-0.157806,0.157806,0.603175,1
14.590000,0.000000,-0.141799,0.141799,0.603175,1
14.592500,0.000000,-0.289673,0.289673,0.603175,1
14.595000,0.000000,-0.393701,0.393701,0.603175,1
14.597500,0.000000,-0.394666,0.394666,0.603175,1
14.600000,0.000000,-0.348155,0.348155,0.539683,1
14.602500,0.000000,-0.452263,0.452263,0.539683,1
14.605000,0.000000,-0.476206,0.476206,0.539683,1
14.607500,0.000000,-0.397022,0.397022,0.539683,1
14.610000,0.000000,-0.222526,0.222526,0.539683,1
14.612500,0.000000,-0.031449,0.031449,0.539683,1
14.615000,0.000000,0.003095,-0.003095,0.539683,1
14.617500,0.000000,0.023975,-0.023975,0.539683,1
14.620000,0.000000,-0.026715,0.026715,0.507937,1
14.622500,0.000000,-0.020159,0.020159,0.507937,1
14.625000,0.000000,0.011802,-0.011802,0.507937,1
14.627500,0.000000,0.008347,-0.008347,0.507937,1
14.630000,0.000000,-0.076390,0.076390,0.507937,1
14.632500,0.000000,-0.198289,0.198289,0.507937,1
14.635000,0.000000,-0.247792,0.247792,0.507937,1
14.637500,0.000000,-0.188956,0.188956,0.507937,1
14.640000,0.000000,-0.203657,0.203657,0.539683,1
14.642500,0.000000,-0.265886,0.265886,0.539683,1
14.645000,0.000000,-0.220312,0.220312,0.539683,1
14.647500,0.000000,-0.155201,0.155201,0.539683,1
14.650000,0.000000,-0.171557,0.171557,0.539683,1
14.652500,0.000000,-0.080271,0.080271,0.539683,1
14.655000,0.000000,0.005651,-0.005651,0.539683,1
14.657500,0.000000,0.137417,-0.137417,0.539683,1
14.660000,0.000000,0.058853,-0.058853,0.539683,1
14.662500,0.000000,0.065953,-0.065953,0.634921,1
14.665000,0.000000,0.062100,-0.062100,0.634921,1
14.667500,0.000000,0.021812,-0.021812,0.634921,1
14.670000,0.000000,-0.096788,0.096788,0.634921,1
14.672500,0.000000,-0.209302,0.209302,0.634921,1
14.675000,0.000000,-0.246302,0.246302,0.634921,1
14.677500,0.000000,-0.259915,0.259915,0.634921,1
14.680000,0.000000,-0.277014,0.277014,0.698413,1
14.682500,0.000000,-0.184180,0.184180,0.698413,1
14.685000,0.000000,-0.150635,0.150635,0.698413,1
14.687500,0.000000,-0.172838,0.172838,0.698413,1
14.690000,0.000000,-0.111951,0.111951,0.698413,1
14.692500,0.000000,-0.025034,0.025034,0.698413,1
14.695000,0.000000,0.038533,-0.038533,0.698413,1
14.697500,0.000000,0.078324,-0.078324,0.698413,1
14.700000,0.000000,0.146032,-0.146032,0.698413,1
14.702500,0.000000,0.062985,-0.062985,0.698413,1
14.705000,0.000000,-0.006519,0.006519,0.698413,1
14.707500,0.000000,0.005019,-0.005019,0.698413,1
14.710000,0.000000,-0.156031,0.156031,0.698413,1
14.712500,0.000000,-0.215632,0.215632,0.698413,1
14.715000,0.000000,-0.197408,0.197408,0.698413,1
14.717500,0.000000,-0.158512,0.158512,0.698413,1
14.720000,0.000000,-0.124116,0.124116,0.761905,1
14.722500,0.000000,-0.065332,0.065332,0.761905,1
14.725000,0.000000,-0.065100,0.065100,0.761905,1
14.727500,0.000000,0.057698,-0.057698,0.761905,1
14.730000,0.000000,0.065533,-0.065533,0.761905,1
14.732500,0.000000,0.070965,-0.070965,0.761905,1
14.735000,0.000000,0.131789,-0.131789,0.761905,1
14.737500,0.000000,0.129737,-0.129737,0.761905,1
14.740000,0.000000,0.134810,-0.134810,0.793651,1
14.742500,0.000000,0.125699,-0.125699,0.793651,1
14.745000,0.000000,0.156317,-0.156317,0.793651,1
14.747500,0.000000,0.112501,-0.112501,0.793651,1
14.750000,0.000000,0.018118,-0.018118,0.793651,1
14.752500,0.000000,-0.010683,0.010683,0.793651,1
14.755000,0.000000,-0.092606,0.092606,0.793651,1
14.757500,0.000000,-0.072916,0.072916,0.793651,1
14.760000,0.000000,-0.067675,0.067675,0.793651,1
14.762500,0.000000,-0.024434,0.024434,0.825397,1
14.765000,0.000000,-0.057887,0.057887,0.825397,1
14.767500,0.000000,-0.097578,0.097578,0.825397,1
14.770000,0.000000,-0.098380,0.098380,0.825397,1
14.772500,0.000000,0.039478,-0.039478,0.825397,1
14.775000,0.000000,0.031686,-0.031686,0.825397,1
14.777500,0.000000,0.087172,-0.087172,0.825397,1
14.780000,0.000000,0.056914,-0.056914,0.857143,1
14.782500,0.000000,0.021486,-0.021486,0.857143,1
14.785000,0.000000,-0.024347,0.024347,0.857143,1
14.787500,0.000000,-0.008983,0.008983,0.857143,1
14.790000,0.000000,-0.044757,0.044757,0.857143,1
14.792500,0.000000,-0.083505,0.083505,0.857143,1
14.795000,0.000000,-0.067983,0.067983,0.857143,1
14.797500,0.000000,-0.117220,0.117220,0.857143,1
14.800000,0.000000,-0.066804,0.066804,0.857143,1
14.802500,0.000000,-0.003490,0.003490,0.888889,1
14.805000,0.000000,0.077138,-0.077138,0.888889,1
14.807500,0.000000,0.123988,-0.123988,0.888889,1
14.810000,0.000000,0.162048,-0.162048,0.888889,1
14.812500,0.000000,0.175865,-0.175865,0.888889,1
14.815000,0.000000,0.178807,-0.178807,0.888889,1
14.817500,0.000000,0.157184,-0.157184,0.888889,1
14.820000,0.000000,0.168944,-0.168944,0.825397,1
14.822500,0.000000,0.128075,-0.128075,0.825397,1
14.825000,0.000000,0.097782,-0.097782,0.825397,1
14.827500,0.000000,0.056994,-0.056994,0.825397,1
14.830000,0.000000,-0.058483,0.058483,0.825397,1
14.832500,0.000000,-0.166614,0.166614,0.825397,1
14.835000,0.000000,-0.217607,0.217607,0.825397,1
14.837500,0.000000,-0.270955,0.270955,0.825397,1
14.840000,0.000000,-0.302560,0.302560,0.825397,1
14.842500,0.000000,-0.190133,0.190133,0.825397,1
14.845000,0.000000,-0.208429,0.208429,0.825397,1
14.847500,0.000000,-0.048988,0.048988,0.825397,1
14.850000,0.000000,0.030683,-0.030683,0.825397,1
14.852500,0.000000,0.134791,-0.134791,0.825397,1
14.855000,0.000000,0.216055,-0.216055,0.825397,1
14.857500,0.000000,0.262129,-0.262129,0.825397,1
14.860000,0.000000,0.329782,-0.329782,0.825397,1
14.862500,0.000000,0.244712,-0.244712,0.825397,1
14.865000,0.000000,0.183812,-0.183812,0.825397,1
14.867500,0.000000,0.078947,-0.078947,0.825397,1
14.870000,0.000000,-0.066061,0.066061,0.825397,1
14.872500,0.000000,-0.154039,0.154039,0.825397,1
14.875000,0.000000,-0.109096,0.109096,0.825397,1
14.877500,0.000000,-0.138286,0.138286,0.825397,1
14.880000,0.000000,-0.039724,0.039724,0.793651,1
14.882500,0.000000,0.085867,-0.085867,0.793651,1
14.885000,0.000000,0.271772,-0.271772,0.793651,1
14.887500,0.000000,0.414322,-0.414322,0.793651,1
14.890000,0.000000,0.578406,-0.578406,0.793651,1
14.892500,0.000000,0.636019,-0.636019,0.793651,1
14.895000,0.000000,0.672674,-0.672674,0.793651,1
14.897500,0.000000,0.689628,-0.689628,0.793651,1
14.900000,0.000000,0.665892,-0.665892,0.761905,1
14.902500,0.000000,0.623986,-0.623986,0.761905,1
14.905000,0.000000,0.590560,-0.590560,0.761905,1
14.907500,0.000000,0.484492,-0.484492,0.761905,1
14.910000,0.000000,0.332905,-0.332905,0.761905,1
14.912500,0.000000,0.275997,-0.275997,0.761905,1
14.915000,0.000000,0.184935,-0.184935,0.761905,1
14.917500,0.000000,0.124175,-0.124175,0.761905,1
14.920000,0.000000,0.111755,-0.111755,0.666667,1
14.922500,0.000000,0.116581,-0.116581,0.666667,1
14.925000,0.000000,0.224766,-0.224766,0.666667,1
14.927500,0.000000,0.276877,-0.276877,0.666667,1
14.930000,0.000000,0.402755,-0.402755,0.666667,1
14.932500,0.000000,0.467482,-0.467482,0.666667,1
14.935000,0.000000,0.498001,-0.498001,0.666667,1
14.937500,0.000000,0.516186,-0.516186,0.666667,1
14.940000,0.000000,0.413278,-0.413278,0.539683,1
14.942500,0.000000,0.382799,-0.382799,0.539683,1
14.945000,0.000000,0.357091,-0.357091,0.539683,1
14.947500,0.000000,0.322714,-0.322714,0.539683,1
14.950000,0.000000,0.142896,-0.142896,0.539683,1
14.952500,0.000000,-0.031626,0.031626,0.539683,1
14.955000,0.000000,-0.121362,0.121362,0.539683,1
14.957500,0.000000,-0.066623,0.066623,0.539683,1
14.960000,0.000000,-0.050918,0.050918,0.539683,1
14.962500,0.000000,-0.064347,0.064347,0.444444,1
14.965000,0.000000,-0.091741,0.091741,0.444444,1
14.967500,0.000000,-0.045994,0.045994,0.444444,1
14.970000,0.000000,-0.000166,0.000166,0.444444,1
14.972500,0.000000,0.146374,-0.146374,0.444444,1
14.975000,0.000000,0.270146,-0.270146,0.444444,1
14.977500,0.000000,0.225109,-0.225109,0.444444,1
14.980000,0.000000,0.261083,-0.261083,0.476190,1
14.982500,0.000000,0.256555,-0.256555,0.476190,1
14.985000,0.000000,0.114620,-0.114620,0.476190,1
14.987500,0.000000,0.026455,-0.026455,0.476190,1
14.990000,0.000000,-0.038784,0.038784,0.476190,1
14.992500,0.000000,-0.105260,0.105260,0.476190,1
14.995000,0.000000,-0.261899,0.261899,0.476190,1
14.997500,0.000000,-0.275227,0.275227,0.476190,1
15.000000,0.000000,-0.228542,0.228542,0.507937,1
15.002500,0.000000,-0.100298,0.100298,0.507937,1
15.005000,0.000000,-0.077702,0.077702,0.507937,1
15.007500,0.000000,-0.031847,0.031847,0.507937,1
15.010000,0.000000,0.037149,-0.037149,0.507937,1
15.012500,0.000000,0.125457,-0.125457,0.507937,1
15.015000,0.000000,0.182118,-0.182118,0.507937,1
15.017500,0.000000,0.239253,-0.239253,0.507937,1
15.020000,0.000000,0.158407,-0.158407,0.444444,1
15.022500,0.000000,0.142463,-0.142463,0.444444,1
15.025000,0.000000,0.028283,-0.028283,0.444444,1
15.027500,0.000000,-0.062461,0.062461,0.444444,1
15.030000,0.000000,-0.041665,0.041665,0.444444,1
15.032500,0.000000,-0.205794,0.205794,0.444444,1
15.035000,0.000000,-0.275169,0.275169,0.444444,1
15.037500,0.000000,-0.374107,0.374107,0.444444,1
15.040000,0.000000,-0.347180,0.347180,0.412698,1
15.042500,0.000000,-0.229399,0.229399,0.412698,1
15.045000,0.000000,-0.144265,0.144265,0.412698,1
15.047500,0.000000,-0.062004,0.062004,0.412698,1
15.050000,0.000000,0.114809,-0.114809,0.412698,1
15.052500,0.000000,0.213221,-0.213221,0.412698,1
15.055000,0.000000,0.318465,-0.318465,0.412698,1
15.057500,0.000000,0.383329,-0.383329,0.412698,1
15.060000,0.000000,0.196892,-0.196892,0.444444,1
15.062500,0.000000,0.152038,-0.152038,0.444444,1
15.065000,0.000000,0.022541,-0.022541,0.444444,1
15.067500,0.000000,-0.104970,0.104970,0.444444,1
15.070000,0.000000,-0.096993,0.096993,0.444444,1
15.072500,0.000000,-0.192579,0.192579,0.444444,1
15.075000,0.000000,-0.131603,0.131603,0.444444,1
15.077500,0.000000,-0.241610,0.241610,0.444444,1
15.080000,0.000000,-0.285839,0.285839,0.571429,1
15.082500,0.000000,-0.212341,0.212341,0.571429,1
15.085000,0.000000,-0.172589,0.172589,0.571429,1
15.087500,0.000000,-0.086723,0.086723,0.571429,1
15.090000,0.000000,-0.018894,0.018894,0.571429,1
15.092500,0.000000,0.040006,-0.040006,0.571429,1
15.095000,0.000000,0.073567,-0.073567,0.571429,1
15.097500,0.000000,0.107345,-0.107345,0.571429,1
15.100000,0.000000,0.137418,-0.137418,0.539683,1
15.102500,0.000000,0.189424,-0.189424,0.539683,1
15.105000,0.000000,0.118061,-0.118061,0.539683,1
15.107500,0.000000,0.022626,-0.022626,0.539683,1
15.110000,0.000000,-0.082044,0.082044,0.539683,1
15.112500,0.000000,-0.070165,0.070165,0.539683,1
15.115000,0.000000,-0.084151,0.084151,0.539683,1
15.117500,0.000000,-0.212373,0.212373,0.539683,1
15.120000,0.000000,-0.300641,0.300641,0.603175,1
15.122500,0.000000,-0.304413,0.304413,0.603175,1
15.125000,0.000000,-0.232643,0.232643,0.603175,1
15.127500,0.000000,-0.160986,0.160986,0.603175,1
15.130000,0.000000,-0.058800,0.058800,0.603175,1
15.132500,0.000000,0.000054,-0.000054,0.603175,1
15.135000,0.000000,0.120737,-0.120737,0.603175,1
15.137500,0.000000,0.182726,-0.182726,0.603175,1
15.140000,0.000000,0.179720,-0.179720,0.507937,1
15.142500,0.000000,0.207417,-0.207417,0.507937,1
15.145000,0.000000,0.045521,-0.045521,0.507937,1
15.147500,0.000000,-0.036743,0.036743,0.507937,1
15.150000,0.000000,-0.108851,0.108851,0.507937,1
15.152500,0.000000,-0.144960,0.144960,0.507937,1
15.155000,0.000000,-0.295015,0.295015,0.507937,1
15.157500,0.000000,-0.329016,0.329016,0.507937,1
15.160000,0.000000,-0.290860,0.290860,0.476190,1
15.162500,0.000000,-0.217346,0.217346,0.476190,1
15.165000,0.000000,-0.077269,0.077269,0.476190,1
15.167500,0.000000,0.049437,-0.049437,0.476190,1
15.170000,0.000000,0.127922,-0.127922,0.476190,1
15.172500,0.000000,0.240216,-0.240216,0.476190,1
15.175000,0.000000,0.277468,-0.277468,0.476190,1
15.177500,0.000000,0.306542,-0.306542,0.476190,1
15.180000,0.000000,0.340650,-0.340650,0.476190,1
15.182500,0.000000,0.291917,-0.291917,0.476190,1
15.185000,0.000000,0.242262,-0.242262,0.476190,1
15.187500,0.000000,0.211932,-0.211932,0.476190,1
15.190000,0.000000,0.161982,-0.161982,0.476190,1
15.192500,0.000000,0.150995,-0.150995,0.476190,1
15.195000,0.000000,0.222450,-0.222450,0.476190,1
15.197500,0.000000,0.222709,-0.222709,0.476190,1
15.200000,0.000000,0.184579,-0.184579,0.444444,1
15.202500,0.000000,0.241249,-0.241249,0.444444,1
15.205000,0.000000,0.320771,-0.320771,0.444444,1
15.207500,0.000000,0.424219,-0.424219,0.444444,1
15.210000,0.000000,0.583244,-0.583244,0.444444,1
15.212500,0.000000,0.535205,-0.535205,0.444444,1
15.215000,0.000000,0.664798,-0.664798,0.444444,1
15.217500,0.000000,0.781195,-0.781195,0.444444,1
15.220000,0.000000,0.782143,-0.782143,0.444444,1
15.222500,0.000000,0.756176,-0.756176,0.539683,1
15.225000,0.000000,0.663902,-0.663902,0.539683,1
15.227500,0.000000,0.571596,-0.571596,0.539683,1
15.230000,0.000000,0.512933,-0.512933,0.539683,1
15.232500,0.000000,0.458516,-0.458516,0.539683,1
15.235000,0.000000,0.426704,-0.426704,0.539683,1
15.237500,0.000000,0.415271,-0.415271,0.539683,1
15.240000,0.000000,0.450718,-0.450718,0.476190,1
15.242500,0.000000,0.509794,-0.509794,0.476190,1
15.245000,0.000000,0.487292,-0.487292,0.476190,1
15.247500,0.000000,0.592097,-0.592097,0.476190,1
15.250000,0.000000,0.758647,-0.758647,0.476190,1
15.252500,0.000000,0.801993,-0.801993,0.476190,1
15.255000,0.000000,0.914562,-0.914562,0.476190,1
15.257500,0.000000,0.855026,-0.855026,0.476190,1
15.260000,0.000000,0.818126,-0.818126,0.476190,1
15.262500,0.000000,0.725548,-0.725548,0.539683,1
15.265000,0.000000,0.718490,-0.718490,0.539683,1
15.267500,0.000000,0.709279,-0.709279,0.539683,1
15.270000,0.000000,0.602401,-0.602401,0.539683,1
15.272500,0.000000,0.572545,-0.572545,0.539683,1
15.275000,0.000000,0.585645,-0.585645,0.539683,1
15.277500,0.000000,0.532860,-0.532860,0.539683,1
15.280000,0.000000,0.520242,-0.520242,0.571429,1
15.282500,0.000000,0.566730,-0.566730,0.571429,1
15.285000,0.000000,0.554220,-0.554220,0.571429,1
15.287500,0.000000,0.607076,-0.607076,0.571429,1
15.290000,0.000000,0.768846,-0.768846,0.571429,1
15.292500,0.000000,0.782478,-0.782478,0.571429,1
15.295000,0.000000,0.850075,-0.850075,0.571429,1
15.297500,0.000000,0.874240,-0.874240,0.571429,1
15.300000,0.000000,0.833425,-0.833425,0.571429,1
15.302500,0.000000,0.785896,-0.785896,0.571429,1
15.305000,0.000000,0.796211,-0.796211,0.571429,1
15.307500,0.000000,0.727161,-0.727161,0.571429,1
15.310000,0.000000,0.663126,-0.663126,0.571429,1
15.312500,0.000000,0.653939,-0.653939,0.571429,1
15.315000,0.000000,0.561637,-0.561637,0.571429,1
15.317500,0.000000,0.456913,-0.456913,0.571429,1
15.320000,0.000000,0.524066,-0.524066,0.666667,1
15.322500,0.000000,0.538414,-0.538414,0.666667,1
15.325000,0.000000,0.609438,-0.609438,0.666667,1
15.327500,0.000000,0.614782,-0.614782,0.666667,1
15.330000,0.000000,0.679580,-0.679580,0.666667,1
15.332500,0.000000,0.666697,-0.666697,0.666667,1
15.335000,0.000000,0.694970,-0.694970,0.666667,1
15.337500,0.000000,0.666320,-0.666320,0.666667,1
15.340000,0.000000,0.606306,-0.606306,0.730159,1
15.342500,0.000000,0.549355,-0.549355,0.730159,1
15.345000,0.000000,0.383808,-0.383808,0.730159,1
15.347500,0.000000,0.260122,-0.260122,0.730159,1
15.350000,0.000000,0.223108,-0.223108,0.730159,1
15.352500,0.000000,0.172231,-0.172231,0.730159,1
15.355000,0.000000,0.071793,-0.071793,0.730159,1
15.357500,0.000000,0.069769,-0.069769,0.730159,1
15.360000,0.000000,0.023639,-0.023639,0.666667,1
15.362500,0.000000,0.085666,-0.085666,0.666667,1
15.365000,0.000000,0.126684,-0.126684,0.666667,1
15.367500,0.000000,0.171114,-0.171114,0.666667,1
15.370000,0.000000,0.231030,-0.231030,0.666667,1
15.372500,0.000000,0.415660,-0.415660,0.666667,1
15.375000,0.000000,0.413030,-0.413030,0.666667,1
15.377500,0.000000,0.436769,-0.436769,0.666667,1
15.380000,0.000000,0.461340,-0.461340,0.634921,1
15.382500,0.000000,0.366295,-0.366295,0.634921,1
15.385000,0.000000,0.218239,-0.218239,0.634921,1
15.387500,0.000000,0.111343,-0.111343,0.634921,1
15.390000,0.000000,0.073351,-0.073351,0.634921,1
15.392500,0.000000,-0.014655,0.014655,0.634921,1
15.395000,0.000000,-0.077787,0.077787,0.634921,1
15.397500,0.000000,-0.055845,0.055845,0.634921,1
15.400000,0.000000,-0.095451,0.095451,0.634921,1
15.402500,0.000000,-0.068614,0.068614,0.634921,1
15.405000,0.000000,-0.092619,0.092619,0.634921,1
15.407500,0.000000,-0.005338,0.005338,0.634921,1
15.410000,0.000000,0.079567,-0.079567,0.634921,1
15.412500,0.000000,0.184954,-0.184954,0.634921,1
15.415000,0.000000,0.170741,-0.170741,0.634921,1
15.417500,0.000000,0.182506,-0.182506,0.634921,1
15.420000,0.000000,0.118124,-0.118124,0.730159,1
15.422500,0.000000,0.078148,-0.078148,0.730159,1
15.425000,0.000000,0.097793,-0.097793,0.730159,1
15.427500,0.000000,0.019415,-0.019415,0.730159,1
15.430000,0.000000,-0.110039,0.110039,0.730159,1
15.432500,0.000000,-0.198715,0.198715,0.730159,1
15.435000,0.000000,-0.313783,0.313783,0.730159,1
15.437500,0.000000,-0.389187,0.389187,0.730159,1
15.440000,0.000000,-0.341380,0.341380,0.666667,1
15.442500,0.000000,-0.374897,0.374897,0.666667,1
15.445000,0.000000,-0.295274,0.295274,0.666667,1
15.447500,0.000000,-0.217517,0.217517,0.666667,1
15.450000,0.000000,-0.165242,0.165242,0.666667,1
15.452500,0.000000,-0.082019,0.082019,0.666667,1
15.455000,0.000000,-0.075954,0.075954,0.666667,1
15.457500,0.000000,-0.003619,0.003619,0.666667,1
15.460000,0.000000,-0.036071,0.036071,0.730159,1
15.462500,0.000000,-0.078239,0.078239,0.730159,1
15.465000,0.000000,-0.146166,0.146166,0.730159,1
15.467500,0.000000,-0.170279,0.170279,0.730159,1
15.470000,0.000000,-0.205517,0.205517,0.730159,1
15.472500,0.000000,-0.383709,0.383709,0.730159,1
15.475000,0.000000,-0.406092,0.406092,0.730159,1
15.477500,0.000000,-0.500527,0.500527,0.730159,1
15.480000,0.000000,-0.499827,0.499827,0.603175,1
15.482500,0.000000,-0.456347,0.456347,0.603175,1
15.485000,0.000000,-0.402898,0.402898,0.603175,1
15.487500,0.000000,-0.288109,0.288109,0.603175,1
15.490000,0.000000,-0.160276,0.160276,0.603175,1
15.492500,0.000000,-0.125044,0.125044,0.603175,1
15.495000,0.000000,-0.109903,0.109903,0.603175,1
15.497500,0.000000,-0.078312,0.078312,0.603175,1
15.500000,0.000000,-0.158767,0.158767,0.603175,1
15.502500,0.000000,-0.207622,0.207622,0.603175,1
15.505000,0.000000,-0.180991,0.180991,0.603175,1
15.507500,0.000000,-0.325179,0.325179,0.603175,1
15.510000,0.000000,-0.406891,0.406891,0.603175,1
15.512500,0.000000,-0.493103,0.493103,0.603175,1
15.515000,0.000000,-0.420770,0.420770,0.603175,1
15.517500,0.000000,-0.462460,0.462460,0.603175,1
15.520000,0.000000,-0.470600,0.470600,0.603175,1
15.522500,0.000000,-0.477980,0.477980,0.698413,1
15.525000,0.000000,-0.414377,0.414377,0.698413,1
15.527500,0.000000,-0.325865,0.325865,0.698413,1
15.530000,0.000000,-0.289850,0.289850,0.698413,1
15.532500,0.000000,-0.170895,0.170895,0.698413,1
15.535000,0.000000,-0.104522,0.104522,0.698413,1
15.537500,0.000000,-0.034421,0.034421,0.698413,1
15.540000,0.000000,-0.048967,0.048967,0.698413,1
15.542500,0.000000,-0.061600,0.061600,0.698413,1
15.545000,0.000000,-0.117793,0.117793,0.698413,1
15.547500,0.000000,-0.106513,0.106513,0.698413,1
15.550000,0.000000,-0.165437,0.165437,0.698413,1
15.552500,0.000000,-0.222424,0.222424,0.698413,1
15.555000,0.000000,-0.285289,0.285289,0.698413,1
15.557500,0.000000,-0.326675,0.326675,0.698413,1
15.560000,0.000000,-0.303973,0.303973,0.698413,1
15.562500,0.000000,-0.227576,0.227576,0.698413,1
15.565000,0.000000,-0.204458,0.204458,0.698413,1
15.567500,0.000000,-0.127823,0.127823,0.698413,1
15.570000,0.000000,-0.045724,0.045724,0.698413,1
15.572500,0.000000,0.036852,-0.036852,0.698413,1
15.575000,0.000000,0.001137,-0.001137,0.698413,1
15.577500,0.000000,-0.017589,0.017589,0.698413,1
15.580000,0.000000,-0.095539,0.095539,0.571429,1
15.582500,0.000000,-0.120788,0.120788,0.571429,1
15.585000,0.000000,-0.224269,0.224269,0.571429,1
15.587500,0.000000,-0.317549,0.317549,0.571429,1
15.590000,0.000000,-0.452214,0.452214,0.571429,1
15.592500,0.000000,-0.530422,0.530422,0.571429,1
15.595000,0.000000,-0.628466,0.628466,0.571429,1
15.597500,0.000000,-0.591533,0.591533,0.571429,1
15.600000,0.000000,-0.536559,0.536559,0.507937,1
15.602500,0.000000,-0.471406,0.471406,0.507937,1
15.605000,0.000000,-0.409040,0.409040,0.507937,1
15.607500,0.000000,-0.435608,0.435608,0.507937,1
15.610000,0.000000,-0.360007,0.360007,0.507937,1
15.612500,0.000000,-0.312409,0.312409,0.507937,1
15.615000,0.000000,-0.225411,0.225411,0.507937,1
15.617500,0.000000,-0.147497,0.147497,0.507937,1
15.620000,0.000000,-0.120952,0.120952,0.476190,1
15.622500,0.000000,-0.071266,0.071266,0.476190,1
15.625000,0.000000,-0.164200,0.164200,0.476190,1
15.627500,0.000000,-0.273898,0.273898,0.476190,1
15.630000,0.000000,-0.284980,0.284980,0.476190,1
15.632500,0.000000,-0.341712,0.341712,0.476190,1
15.635000,0.000000,-0.402240,0.402240,0.476190,1
15.637500,0.000000,-0.306854,0.306854,0.476190,1
15.640000,0.000000,-0.263857,0.263857,0.539683,1
15.642500,0.000000,-0.234761,0.234761,0.539683,1
15.645000,0.000000,-0.208738,0.208738,0.539683,1
15.647500,0.000000,-0.057873,0.057873,0.539683,1
15.650000,0.000000,0.032376,-0.032376,0.539683,1
15.652500,0.000000,0.103460,-0.103460,0.539683,1
15.655000,0.000000,0.190627,-0.190627,0.539683,1
15.657500,0.000000,0.260622,-0.260622,0.539683,1
15.660000,0.000000,0.282624,-0.282624,0.476190,1
15.662500,0.000000,0.291197,-0.291197,0.476190,1
15.665000,0.000000,0.246080,-0.246080,0.476190,1
15.667500,0.000000,0.190887,-0.190887,0.476190,1
15.670000,0.000000,0.055248,-0.055248,0.476190,1
15.672500,0.000000,0.082818,-0.082818,0.476190,1
15.675000,0.000000,-0.052869,0.052869,0.476190,1
15.677500,0.000000,-0.064354,0.064354,0.476190,1
15.680000,0.000000,-0.144735,0.144735,0.444444,1
15.682500,0.000000,-0.110917,0.110917,0.444444,1
15.685000,0.000000,-0.079587,0.079587,0.444444,1
15.687500,0.000000,0.012688,-0.012688,0.444444,1
15.690000,0.000000,0.119929,-0.119929,0.444444,1
15.692500,0.000000,0.136177,-0.136177,0.444444,1
15.695000,0.000000,0.189558,-0.189558,0.444444,1
15.697500,0.000000,0.299251,-0.299251,0.444444,1
15.700000,0.000000,0.201156,-0.201156,0.412698,1
15.702500,0.000000,0.102620,-0.102620,0.412698,1
15.705000,0.000000,0.089100,-0.089100,0.412698,1
15.707500,0.000000,0.006936,-0.006936,0.412698,1
15.710000,0.000000,-0.073426,0.073426,0.412698,1
15.712500,0.000000,-0.088106,0.088106,0.412698,1
15.715000,0.000000,-0.197212,0.197212,0.412698,1
15.717500,0.000000,-0.255093,0.255093,0.412698,1
15.720000,0.000000,-0.287962,0.287962,0.349206,1
15.722500,0.000000,-0.259981,0.259981,0.349206,1
15.725000,0.000000,-0.083227,0.083227,0.349206,1
15.727500,0.000000,-0.106587,0.106587,0.349206,1
15.730000,0.000000,-0.086153,0.086153,0.349206,1
15.732500,0.000000,-0.086029,0.086029,0.349206,1
15.735000,0.000000,0.082594,-0.082594,0.349206,1
15.737500,0.000000,0.073623,-0.073623,0.349206,1
15.740000,0.000000,0.054381,-0.054381,0.507937,1
15.742500,0.000000,-0.057983,0.057983,0.507937,1
15.745000,0.000000,-0.120984,0.120984,0.507937,1
15.747500,0.000000,-0.139392,0.139392,0.507937,1
15.750000,0.000000,-0.194918,0.194918,0.507937,1
15.752500,0.000000,-0.262001,0.262001,0.507937,1
15.755000,0.000000,-0.387704,0.387704,0.507937,1
15.757500,0.000000,-0.419287,0.419287,0.507937,1
15.760000,0.000000,-0.394395,0.394395,0.476190,1
15.762500,0.000000,-0.404058,0.404058,0.476190,1
15.765000,0.000000,-0.294654,0.294654,0.476190,1
15.767500,0.000000,-0.159100,0.159100,0.476190,1
15.770000,0.000000,-0.102632,0.102632,0.476190,1
15.772500,0.000000,0.016650,-0.016650,0.476190,1
15.775000,0.000000,0.066503,-0.066503,0.476190,1
15.777500,0.000000,0.159770,-0.159770,0.476190,1
15.780000,0.000000,0.263584,-0.263584,0.507937,1
15.782500,0.000000,0.164868,-0.164868,0.507937,1
15.785000,0.000000,0.146001,-0.146001,0.507937,1
15.787500,0.000000,0.140288,-0.140288,0.507937,1
15.790000,0.000000,0.004583,-0.004583,0.507937,1
15.792500,0.000000,-0.098617,0.098617,0.507937,1
15.795000,0.000000,-0.181825,0.181825,0.507937,1
15.797500,0.000000,-0.211803,0.211803,0.507937,1
15.800000,0.000000,-0.223780,0.223780,0.476190,1
15.802500,0.000000,-0.194739,0.194739,0.476190,1
15.805000,0.000000,-0.080288,0.080288,0.476190,1
15.807500,0.000000,-0.111124,0.111124,0.476190,1
15.810000,0.000000,-0.081083,0.081083,0.476190,1
15.812500,0.000000,0.036633,-0.036633,0.476190,1
15.815000,0.000000,0.124985,-0.124985,0.476190,1
15.817500,0.000000,0.089943,-0.089943,0.476190,1
15.820000,0.000000,0.113630,-0.113630,0.603175,1
15.822500,0.000000,0.147533,-0.147533,0.603175,1
15.825000,0.000000,0.091751,-0.091751,0.603175,1
15.827500,0.000000,-0.023993,0.023993,0.603175,1
15.830000,0.000000,-0.049535,0.049535,0.603175,1
15.832500,0.000000,-0.027346,0.027346,0.603175,1
15.835000,0.000000,-0.119511,0.119511,0.603175,1
15.837500,0.000000,-0.140208,0.140208,0.603175,1
15.840000,0.000000,-0.083481,0.083481,0.634921,1
15.842500,0.000000,-0.049175,0.049175,0.634921,1
15.845000,0.000000,-0.083495,0.083495,0.634921,1
15.847500,0.000000,0.004020,-0.004020,0.634921,1
15.850000,0.000000,0.025032,-0.025032,0.634921,1
15.852500,0.000000,0.025916,-0.025916,0.634921,1
15.855000,0.000000,-0.010588,0.010588,0.634921,1
15.857500,0.000000,0.074779,-0.074779,0.634921,1
15.860000,0.000000,0.035937,-0.035937,0.730159,1
15.862500,0.000000,0.025661,-0.025661,0.730159,1
15.865000,0.000000,0.006197,-0.006197,0.730159,1
15.867500,0.000000,-0.045022,0.045022,0.730159,1
15.870000,0.000000,-0.093676,0.093676,0.730159,1
15.872500,0.000000,-0.132371,0.132371,0.730159,1
15.875000,0.000000,-0.167130,0.167130,0.730159,1
15.877500,0.000000,-0.220888,0.220888,0.730159,1
15.880000,0.000000,-0.251380,0.251380,0.761905,1
15.882500,0.000000,-0.224239,0.224239,0.761905,1
15.885000,0.000000,-0.178394,0.178394,0.761905,1
15.887500,0.000000,-0.095357,0.095357,0.761905,1
15.890000,0.000000,0.020302,-0.020302,0.761905,1
15.892500,0.000000,0.093826,-0.093826,0.761905,1
15.895000,0.000000,0.099363,-0.099363,0.761905,1
15.897500,0.000000,0.021993,-0.021993,0.761905,1
15.900000,0.000000,-0.013604,0.013604,0.761905,1
15.902500,0.000000,-0.113170,0.113170,0.634921,1
15.905000,0.000000,-0.200535,0.200535,0.634921,1
15.907500,0.000000,-0.249254,0.249254,0.634921,1
15.910000,0.000000,-0.310044,0.310044,0.634921,1
15.912500,0.000000,-0.269505,0.269505,0.634921,1
15.915000,0.000000,-0.286635,0.286635,0.634921,1
15.917500,0.000000,-0.204334,0.204334,0.634921,1
15.920000,0.000000,-0.159363,0.159363,0.634921,1
15.922500,0.000000,-0.075475,0.075475,0.698413,1
15.925000,0.000000,-0.041941,0.041941,0.698413,1
15.927500,0.000000,-0.029288,0.029288,0.698413,1
15.930000,0.000000,0.018435,-0.018435,0.698413,1
15.932500,0.000000,0.080538,-0.080538,0.698413,1
15.935000,0.000000,0.095812,-0.095812,0.698413,1
15.937500,0.000000,0.070193,-0.070193,0.698413,1
15.940000,0.000000,0.088036,-0.088036,0.698413,1
15.942500,0.000000,0.006672,-0.006672,0.666667,1
15.945000,0.000000,-0.121619,0.121619,0.666667,1
15.947500,0.000000,-0.239963,0.239963,0.666667,1
15.950000,0.000000,-0.314636,0.314636,0.666667,1
15.952500,0.000000,-0.419359,0.419359,0.666667,1
15.955000,0.000000,-0.466354,0.466354,0.666667,1
15.957500,0.000000,-0.446737,0.446737,0.666667,1
15.960000,0.000000,-0.405176,0.405176,0.730159,1
15.962500,0.000000,-0.397369,0.397369,0.730159,1
15.965000,0.000000,-0.398445,0.398445,0.730159,1
15.967500,0.000000,-0.350879,0.350879,0.730159,1
15.970000,0.000000,-0.241809,0.241809,0.730159,1
15.972500,0.000000,-0.130258,0.130258,0.730159,1
15.975000,0.000000,-0.062046,0.062046,0.730159,1
15.977500,0.000000,0.022411,-0.022411,0.730159,1
15.980000,0.000000,0.113634,-0.113634,0.634921,1
15.982500,0.000000,0.054975,-0.054975,0.634921,1
15.985000,0.000000,0.078685,-0.078685,0.634921,1
15.987500,0.000000,-0.007051,0.007051,0.634921,1
15.990000,0.000000,-0.027577,0.027577,0.634921,1
15.992500,0.000000,-0.058011,0.058011,0.634921,1
15.995000,0.000000,-0.212176,0.212176,0.634921,1
15.997500,0.000000,-0.283323,0.283323,0.634921,1
16.000000,0.000000,-0.336747,0.336747,0.634921,1
16.002501,0.000000,-0.391413,0.391413,0.603175,1
16.004999,0.000000,-0.274219,0.274219,0.603175,1
16.007500,0.000000,-0.080747,0.080747,0.603175,1
16.010000,0.000000,-0.015129,0.015129,0.603175,1
16.012501,0.000000,0.101997,-0.101997,0.603175,1
16.014999,0.000000,0.231842,-0.231842,0.603175,1
16.017500,0.000000,0.263295,-0.263295,0.603175,1
16.020000,0.000000,0.249573,-0.249573,0.476190,1
16.022499,0.000000,0.187650,-0.187650,0.476190,1
16.025000,0.000000,0.149725,-0.149725,0.476190,1
16.027500,0.000000,0.115729,-0.115729,0.476190,1
16.030001,0.000000,0.050819,-0.050819,0.476190,1
16.032499,0.000000,-0.006225,0.006225,0.476190,1
16.035000,0.000000,-0.071081,0.071081,0.476190,1
16.037500,0.000000,-0.199459,0.199459,0.476190,1
16.040001,0.000000,-0.138988,0.138988,0.507937,1
16.042500,0.000000,-0.176443,0.176443,0.507937,1
16.045000,0.000000,-0.075440,0.075440,0.507937,1
16.047501,0.000000,0.046792,-0.046792,0.507937,1
16.049999,0.000000,0.060668,-0.060668,0.507937,1
16.052500,0.000000,0.098405,-0.098405,0.507937,1
16.055000,0.000000,0.273682,-0.273682,0.507937,1
16.057501,0.000000,0.289059,-0.289059,0.507937,1
16.059999,0.000000,0.207505,-0.207505,0.507937,1
16.062500,0.000000,0.213654,-0.213654,0.539683,1
16.065001,0.000000,0.108874,-0.108874,0.539683,1
16.067499,0.000000,-0.071177,0.071177,0.539683,1
16.070000,0.000000,-0.117196,0.117196,0.539683,1
16.072500,0.000000,-0.233931,0.233931,0.539683,1
16.075001,0.000000,-0.261944,0.261944,0.539683,1
16.077499,0.000000,-0.325732,0.325732,0.539683,1
16.080000,0.000000,-0.274542,0.274542,0.539683,1
16.082500,0.000000,-0.224359,0.224359,0.539683,1
16.084999,0.000000,-0.302514,0.302514,0.539683,1
16.087500,0.000000,-0.198549,0.198549,0.539683,1
16.090000,0.000000,-0.129411,0.129411,0.539683,1
16.092501,0.000000,0.024480,-0.024480,0.539683,1
16.094999,0.000000,0.099828,-0.099828,0.539683,1
16.097500,0.000000,0.166925,-0.166925,0.539683,1
16.100000,0.000000,0.123663,-0.123663,0.571429,1
16.102501,0.000000,0.049450,-0.049450,0.571429,1
16.105000,0.000000,-0.006126,0.006126,0.571429,1
16.107500,0.000000,-0.093397,0.093397,0.571429,1
16.110001,0.000000,-0.093932,0.093932,0.571429,1
16.112499,0.000000,-0.167273,0.167273,0.571429,1
16.115000,0.000000,-0.278285,0.278285,0.571429,1
16.117500,0.000000,-0.340121,0.340121,0.571429,1
16.120001,0.000000,-0.276446,0.276446,0.571429,1
16.122499,0.000000,-0.244905,0.244905,0.539683,1
16.125000,0.000000,-0.192188,0.192188,0.539683,1
16.127501,0.000000,-0.053772,0.053772,0.539683,1
16.129999,0.000000,-0.024066,0.024066,0.539683,1
16.132500,0.000000,-0.074419,0.074419,0.539683,1
16.135000,0.000000,-0.063391,0.063391,0.539683,1
16.137501,0.000000,-0.017700,0.017700,0.539683,1
16.139999,0.000000,-0.030175,0.030175,0.571429,1
16.142500,0.000000,-0.139815,0.139815,0.571429,1
16.145000,0.000000,-0.133751,0.133751,0.571429,1
16.147499,0.000000,-0.189134,0.189134,0.571429,1
16.150000,0.000000,-0.236270,0.236270,0.571429,1
16.152500,0.000000,-0.274369,0.274369,0.571429,1
16.155001,0.000000,-0.385842,0.385842,0.571429,1
16.157499,0.000000,-0.384013,0.384013,0.571429,1
16.160000,0.000000,-0.321468,0.321468,0.571429,1
16.162500,0.000000,-0.220138,0.220138,0.571429,1
16.165001,0.000000,-0.120439,0.120439,0.571429,1
16.167500,0.000000,-0.019197,0.019197,0.571429,1
16.170000,0.000000,-0.035663,0.035663,0.571429,1
16.172501,0.000000,0.034399,-0.034399,0.571429,1
16.174999,0.000000,0.035416,-0.035416,0.571429,1
16.177500,0.000000,0.131179,-0.131179,0.571429,1
16.180000,0.000000,0.186455,-0.186455,0.571429,1
16.182501,0.000000,0.103698,-0.103698,0.603175,1
16.184999,0.000000,0.046535,-0.046535,0.603175,1
16.187500,0.000000,-0.009280,0.009280,0.603175,1
16.190001,0.000000,-0.035255,0.035255,0.603175,1
16.192499,0.000000,-0.187033,0.187033,0.603175,1
16.195000,0.000000,-0.345200,0.345200,0.603175,1
16.197500,0.000000,-0.358527,0.358527,0.603175,1
16.200001,0.000000,-0.475901,0.475901,0.603175,1
16.202499,0.000000,-0.422444,0.422444,0.603175,1
16.205000,0.000000,-0.324797,0.324797,0.603175,1
16.207500,0.000000,-0.181497,0.181497,0.603175,1
16.209999,0.000000,-0.133900,0.133900,0.603175,1
16.212500,0.000000,-0.052998,0.052998,0.603175,1
16.215000,0.000000,0.034525,-0.034525,0.603175,1
16.217501,0.000000,0.000354,-0.000354,0.603175,1
16.219999,0.000000,0.050000,-0.050000,0.571429,1
16.222500,0.000000,0.033621,-0.033621,0.571429,1
16.225000,0.000000,-0.054599,0.054599,0.571429,1
16.227501,0.000000,-0.115549,0.115549,0.571429,1
16.230000,0.000000,-0.195117,0.195117,0.571429,1
16.232500,0.000000,-0.216105,0.216105,0.571429,1
16.235001,0.000000,-0.281300,0.281300,0.571429,1
16.237499,0.000000,-0.287515,0.287515,0.571429,1
16.240000,0.000000,-0.311106,0.311106,0.539683,1
16.242500,0.000000,-0.321063,0.321063,0.539683,1
16.245001,0.000000,-0.242405,0.242405,0.539683,1
16.247499,0.000000,-0.209781,0.209781,0.539683,1
16.250000,0.000000,-0.077370,0.077370,0.539683,1
16.252501,0.000000,0.031907,-0.031907,0.539683,1
16.254999,0.000000,0.043766,-0.043766,0.539683,1
16.257500,0.000000,0.084148,-0.084148,0.539683,1
16.260000,0.000000,0.033093,-0.033093,0.476190,1
16.262501,0.000000,-0.099759,0.099759,0.476190,1
16.264999,0.000000,-0.192828,0.192828,0.476190,1
16.267500,0.000000,-0.266907,0.266907,0.476190,1
16.270000,0.000000,-0.309467,0.309467,0.476190,1
16.272499,0.000000,-0.365974,0.365974,0.476190,1
16.275000,0.000000,-0.355983,0.355983,0.476190,1
16.277500,0.000000,-0.432006,0.432006,0.476190,1
16.280001,0.000000,-0.436255,0.436255,0.476190,1
16.282499,0.000000,-0.287863,0.287863,0.476190,1
16.285000,0.000000,-0.331044,0.331044,0.476190,1
16.287500,0.000000,-0.266573,0.266573,0.476190,1
16.290001,0.000000,-0.235180,0.235180,0.476190,1
16.292500,0.000000,-0.159830,0.159830,0.476190,1
16.295000,0.000000,-0.119876,0.119876,0.476190,1
16.297501,0.000000,-0.047681,0.047681,0.476190,1
16.299999,0.000000,-0.030703,0.030703,0.476190,1
16.302500,0.000000,-0.137686,0.137686,0.476190,1
16.305000,0.000000,-0.224963,0.224963,0.476190,1
16.307501,0.000000,-0.292071,0.292071,0.476190,1
16.309999,0.000000,-0.319426,0.319426,0.476190,1
16.312500,0.000000,-0.240513,0.240513,0.476190,1
16.315001,0.000000,-0.247926,0.247926,0.476190,1
16.317499,0.000000,-0.328224,0.328224,0.476190,1
16.320000,0.000000,-0.320177,0.320177,0.476190,1
16.322500,0.000000,-0.264998,0.264998,0.476190,1
16.325001,0.000000,-0.226166,0.226166,0.476190,1
16.327499,0.000000,-0.113646,0.113646,0.476190,1
16.330000,0.000000,-0.158752,0.158752,0.476190,1
16.332500,0.000000,-0.044305,0.044305,0.476190,1
16.334999,0.000000,-0.012113,0.012113,0.476190,1
16.337500,0.000000,0.013404,-0.013404,0.476190,1
16.340000,0.000000,0.093575,-0.093575,0.507937,1
16.342501,0.000000,-0.009479,0.009479,0.507937,1
16.344999,0.000000,-0.049273,0.049273,0.507937,1
16.347500,0.000000,-0.075695,0.075695,0.507937,1
16.350000,0.000000,-0.141606,0.141606,0.507937,1
16.352501,0.000000,-0.297967,0.297967,0.507937,1
16.355000,0.000000,-0.266830,0.266830,0.507937,1
16.357500,0.000000,-0.298153,0.298153,0.507937,1
16.360001,0.000000,-0.314157,0.314157,0.571429,1
16.362499,0.000000,-0.291175,0.291175,0.571429,1
16.365000,0.000000,-0.249205,0.249205,0.571429,1
16.367500,0.000000,-0.234242,0.234242,0.571429,1
16.370001,0.000000,-0.144712,0.144712,0.571429,1
16.372499,0.000000,-0.102933,0.102933,0.571429,1
16.375000,0.000000,-0.012916,0.012916,0.571429,1
16.377501,0.000000,0.042364,-0.042364,0.571429,1
16.379999,0.000000,0.133471,-0.133471,0.507937,1
16.382500,0.000000,0.085159,-0.085159,0.507937,1
16.385000,0.000000,-0.020985,0.020985,0.507937,1
16.387501,0.000000,-0.178117,0.178117,0.507937,1
16.389999,0.000000,-0.126666,0.126666,0.507937,1
16.392500,0.000000,-0.158182,0.158182,0.507937,1
16.395000,0.000000,-0.247880,0.247880,0.507937,1
16.397499,0.000000,-0.172615,0.172615,0.507937,1
16.400000,0.000000,-0.099797,0.099797,0.603175,1
16.402500,0.000000,-0.136387,0.136387,0.603175,1
16.405001,0.000000,-0.119348,0.119348,0.603175,1
16.407499,0.000000,-0.056582,0.056582,0.603175,1
16.410000,0.000000,-0.037358,0.037358,0.603175,1
16.412500,0.000000,0.024718,-0.024718,0.603175,1
16.415001,0.000000,0.110051,-0.110051,0.603175,1
16.417500,0.000000,0.064102,-0.064102,0.603175,1
16.420000,0.000000,0.076642,-0.076642,0.603175,1
16.422501,0.000000,0.104516,-0.104516,0.634921,1
16.424999,0.000000,0.071630,-0.071630,0.634921,1
16.427500,0.000000,0.001446,-0.001446,0.634921,1
16.430000,0.000000,-0.100924,0.100924,0.634921,1
16.432501,0.000000,-0.120852,0.120852,0.634921,1
16.434999,0.000000,-0.224207,0.224207,0.634921,1
16.437500,0.000000,-0.231137,0.231137,0.634921,1
16.440001,0.000000,-0.222475,0.222475,0.698413,1
16.442499,0.000000,-0.138457,0.138457,0.698413,1
16.445000,0.000000,-0.114622,0.114622,0.698413,1
16.447500,0.000000,-0.073279,0.073279,0.698413,1
16.450001,0.000000,-0.062824,0.062824,0.698413,1
16.452499,0.000000,0.020883,-0.020883,0.698413,1
16.455000,0.000000,0.047251,-0.047251,0.698413,1
16.457500,0.000000,0.030559,-0.030559,0.698413,1
16.459999,0.000000,-0.006696,0.006696,0.698413,1
16.462500,0.000000,-0.006664,0.006664,0.666667,1
16.465000,0.000000,-0.110183,0.110183,0.666667,1
16.467501,0.000000,-0.220963,0.220963,0.666667,1
16.469999,0.000000,-0.238843,0.238843,0.666667,1
16.472500,0.000000,-0.303376,0.303376,0.666667,1
16.475000,0.000000,-0.294955,0.294955,0.666667,1
16.477501,0.000000,-0.329268,0.329268,0.666667,1
16.480000,0.000000,-0.316203,0.316203,0.571429,1
16.482500,0.000000,-0.264469,0.264469,0.571429,1
16.485001,0.000000,-0.120395,0.120395,0.571429,1
16.487499,0.000000,0.030082,-0.030082,0.571429,1
16.490000,0.000000,0.171680,-0.171680,0.571429,1
16.492500,0.000000,0.202533,-0.202533,0.571429,1
16.495001,0.000000,0.195340,-0.195340,0.571429,1
16.497499,0.000000,0.259558,-0.259558,0.571429,1
16.500000,0.000000,0.331815,-0.331815,0.507937,1
16.502501,0.000000,0.355114,-0.355114,0.507937,1
16.504999,0.000000,0.280974,-0.280974,0.507937,1
16.507500,0.000000,0.234648,-0.234648,0.507937,1
16.510000,0.000000,0.185133,-0.185133,0.507937,1
16.512501,0.000000,0.109020,-0.109020,0.507937,1
16.514999,0.000000,0.056962,-0.056962,0.507937,1
16.517500,0.000000,0.028627,-0.028627,0.507937,1
16.520000,0.000000,-0.023868,0.023868,0.444444,1
16.522499,0.000000,-0.032117,0.032117,0.444444,1
16.525000,0.000000,-0.011552,0.011552,0.444444,1
16.527500,0.000000,-0.029653,0.029653,0.444444,1
16.530001,0.000000,0.070171,-0.070171,0.444444,1
16.532499,0.000000,0.146711,-0.146711,0.444444,1
16.535000,0.000000,0.250551,-0.250551,0.444444,1
16.537500,0.000000,0.351844,-0.351844,0.444444,1
16.540001,0.000000,0.411924,-0.411924,0.507937,1
16.542500,0.000000,0.444674,-0.444674,0.507937,1
16.545000,0.000000,0.328849,-0.328849,0.507937,1
16.547501,0.000000,0.162661,-0.162661,0.507937,1
16.549999,0.000000,0.129172,-0.129172,0.507937,1
16.552500,0.000000,0.128289,-0.128289,0.507937,1
16.555000,0.000000,0.154342,-0.154342,0.507937,1
16.557501,0.000000,0.145081,-0.145081,0.507937,1
16.559999,0.000000,0.021257,-0.021257,0.476190,1
16.562500,0.000000,0.073765,-0.073765,0.476190,1
16.565001,0.000000,0.162136,-0.162136,0.476190,1
16.567499,0.000000,0.305592,-0.305592,0.476190,1
16.570000,0.000000,0.459625,-0.459625,0.476190,1
16.572500,0.000000,0.570342,-0.570342,0.476190,1
16.575001,0.000000,0.570893,-0.570893,0.476190,1
16.577499,0.000000,0.518811,-0.518811,0.476190,1
16.580000,0.000000,0.528563,-0.528563,0.476190,1
16.582500,0.000000,0.417258,-0.417258,0.412698,1
16.584999,0.000000,0.428934,-0.428934,0.412698,1
16.587500,0.000000,0.215122,-0.215122,0.412698,1
16.590000,0.000000,0.150945,-0.150945,0.412698,1
16.592501,0.000000,0.081005,-0.081005,0.412698,1
16.594999,0.000000,0.000488,-0.000488,0.412698,1
16.597500,0.000000,-0.092606,0.092606,0.412698,1
16.600000,0.000000,-0.205548,0.205548,0.476190,1
16.602501,0.000000,-0.196758,0.196758,0.476190,1
16.605000,0.000000,-0.161277,0.161277,0.476190,1
16.607500,0.000000,-0.017382,0.017382,0.476190,1
16.610001,0.000000,0.019237,-0.019237,0.476190,1
16.612499,0.000000,0.118668,-0.118668,0.476190,1
16.615000,0.000000,0.097222,-0.097222,0.476190,1
16.617500,0.000000,0.151593,-0.151593,0.476190,1
16.620001,0.000000,0.030459,-0.030459,0.539683,1
16.622499,0.000000,0.109988,-0.109988,0.539683,1
16.625000,0.000000,0.046474,-0.046474,0.539683,1
16.627501,0.000000,-0.169776,0.169776,0.539683,1
16.629999,0.000000,-0.275398,0.275398,0.539683,1
16.632500,0.000000,-0.380082,0.380082,0.539683,1
16.635000,0.000000,-0.453362,0.453362,0.539683,1
16.637501,0.000000,-0.484370,0.484370,0.539683,1
16.639999,0.000000,-0.499243,0.499243,0.634921,1
16.642500,0.000000,-0.495603,0.495603,0.634921,1
16.645000,0.000000,-0.486573,0.486573,0.634921,1
16.647499,0.000000,-0.369456,0.369456,0.634921,1
16.650000,0.000000,-0.232433,0.232433,0.634921,1
16.652500,0.000000,-0.174194,0.174194,0.634921,1
16.655001,0.000000,-0.121007,0.121007,0.634921,1
16.657499,0.000000,-0.145148,0.145148,0.634921,1
16.660000,0.000000,-0.137059,0.137059,0.666667,1
16.662500,0.000000,-0.147094,0.147094,0.666667,1
16.665001,0.000000,-0.199572,0.199572,0.666667,1
16.667500,0.000000,-0.235931,0.235931,0.666667,1
16.670000,0.000000,-0.280477,0.280477,0.666667,1
16.672501,0.000000,-0.383493,0.383493,0.666667,1
16.674999,0.000000,-0.361298,0.361298,0.666667,1
16.677500,0.000000,-0.384966,0.384966,0.666667,1
16.680000,0.000000,-0.301278,0.301278,0.761905,1
16.682501,0.000000,-0.250483,0.250483,0.761905,1
16.684999,0.000000,-0.113534,0.113534,0.761905,1
16.687500,0.000000,-0.001449,0.001449,0.761905,1
16.690001,0.000000,0.070779,-0.070779,0.761905,1
16.692499,0.000000,0.094351,-0.094351,0.761905,1
16.695000,0.000000,0.104638,-0.104638,0.761905,1
16.697500,0.000000,0.149232,-0.149232,0.761905,1
16.700001,0.000000,0.151044,-0.151044,0.698413,1
16.702499,0.000000,0.091339,-0.091339,0.698413,1
16.705000,0.000000,0.080150,-0.080150,0.698413,1
16.707500,0.000000,0.016067,-0.016067,0.698413,1
16.709999,0.000000,-0.012344,0.012344,0.698413,1
16.712500,0.000000,-0.122571,0.122571,0.698413,1
16.715000,0.000000,-0.118390,0.118390,0.698413,1
16.717501,0.000000,-0.116276,0.116276,0.698413,1
16.719999,0.000000,-0.054056,0.054056,0.698413,1
16.722500,0.000000,0.027993,-0.027993,0.634921,1
16.725000,0.000000,0.075079,-0.075079,0.634921,1
16.727501,0.000000,0.132199,-0.132199,0.634921,1
16.730000,0.000000,0.294846,-0.294846,0.634921,1
16.732500,0.000000,0.337093,-0.337093,0.634921,1
16.735001,0.000000,0.415977,-0.415977,0.634921,1
16.737499,0.000000,0.408969,-0.408969,0.634921,1
16.740000,0.000000,0.286735,-0.286735,0.571429,1
16.742500,0.000000,0.175211,-0.175211,0.571429,1
16.745001,0.000000,0.134759,-0.134759,0.571429,1
16.747499,0.000000,0.095429,-0.095429,0.571429,1
16.750000,0.000000,0.035443,-0.035443,0.571429,1
16.752501,0.000000,0.025091,-0.025091,0.571429,1
16.754999,0.000000,-0.009730,0.009730,0.571429,1
16.757500,0.000000,-0.082316,0.082316,0.571429,1
16.760000,0.000000,-0.042636,0.042636,0.507937,1
16.762501,0.000000,0.002146,-0.002146,0.507937,1
16.764999,0.000000,0.027563,-0.027563,0.507937,1
16.767500,0.000000,0.132760,-0.132760,0.507937,1
16.770000,0.000000,0.216040,-0.216040,0.507937,1
16.772499,0.000000,0.248548,-0.248548,0.507937,1
16.775000,0.000000,0.286680,-0.286680,0.507937,1
16.777500,0.000000,0.389650,-0.389650,0.507937,1
16.780001,0.000000,0.465827,-0.465827,0.412698,1
16.782499,0.000000,0.419273,-0.419273,0.412698,1
16.785000,0.000000,0.335523,-0.335523,0.412698,1
16.787500,0.000000,0.136046,-0.136046,0.412698,1
16.790001,0.000000,0.149939,-0.149939,0.412698,1
16.792500,0.000000,0.125102,-0.125102,0.412698,1
16.795000,0.000000,0.103032,-0.103032,0.412698,1
16.797501,0.000000,-0.085289,0.085289,0.412698,1
16.799999,0.000000,-0.078726,0.078726,0.412698,1
16.802500,0.000000,-0.050115,0.050115,0.444444,1
16.805000,0.000000,0.054317,-0.054317,0.444444,1
16.807501,0.000000,0.103882,-0.103882,0.444444,1
16.809999,0.000000,0.171031,-0.171031,0.444444,1
16.812500,0.000000,0.280137,-0.280137,0.444444,1
16.815001,0.000000,0.281847,-0.281847,0.444444,1
16.817499,0.000000,0.267856,-0.267856,0.444444,1
16.820000,0.000000,0.268092,-0.268092,0.444444,1
16.822500,0.000000,0.306788,-0.306788,0.412698,1
16.825001,0.000000,0.280870,-0.280870,0.412698,1
16.827499,0.000000,0.253689,-0.253689,0.412698,1
16.830000,0.000000,0.157185,-0.157185,0.412698,1
16.832500,0.000000,0.162051,-0.162051,0.412698,1
16.834999,0.000000,-0.017119,0.017119,0.412698,1
16.837500,0.000000,0.076350,-0.076350,0.412698,1
16.840000,0.000000,0.200076,-0.200076,0.444444,1
16.842501,0.000000,0.250606,-0.250606,0.444444,1
16.844999,0.000000,0.348311,-0.348311,0.444444,1
16.847500,0.000000,0.408683,-0.408683,0.444444,1
16.850000,0.000000,0.462780,-0.462780,0.444444,1
16.852501,0.000000,0.484556,-0.484556,0.444444,1
16.855000,0.000000,0.520521,-0.520521,0.444444,1
16.857500,0.000000,0.563634,-0.563634,0.444444,1
16.860001,0.000000,0.564896,-0.564896,0.444444,1
16.862499,0.000000,0.626780,-0.626780,0.444444,1
16.865000,0.000000,0.547309,-0.547309,0.444444,1
16.867500,0.000000,0.358943,-0.358943,0.444444,1
16.870001,0.000000,0.357539,-0.357539,0.444444,1
16.872499,0.000000,0.192913,-0.192913,0.444444,1
16.875000,0.000000,0.092487,-0.092487,0.444444,1
16.877501,0.000000,0.072654,-0.072654,0.444444,1
16.879999,0.000000,0.093177,-0.093177,0.476190,1
16.882500,0.000000,0.038628,-0.038628,0.476190,1
16.885000,0.000000,0.051374,-0.051374,0.476190,1
16.887501,0.000000,0.039488,-0.039488,0.476190,1
16.889999,0.000000,0.153043,-0.153043,0.476190,1
16.892500,0.000000,0.287949,-0.287949,0.476190,1
16.895000,0.000000,0.263815,-0.263815,0.476190,1
16.897499,0.000000,0.340518,-0.340518,0.476190,1
16.900000,0.000000,0.370309,-0.370309,0.666667,1
16.902500,0.000000,0.306514,-0.306514,0.666667,1
16.905001,0.000000,0.165555,-0.165555,0.666667,1
16.907499,0.000000,0.054630,-0.054630,0.666667,1
16.910000,0.000000,-0.037201,0.037201,0.666667,1
16.912500,0.000000,-0.025388,0.025388,0.666667,1
16.915001,0.000000,-0.075477,0.075477,0.666667,1
16.917500,0.000000,-0.143978,0.143978,0.666667,1
16.920000,0.000000,-0.133318,0.133318,0.730159,1
16.922501,0.000000,-0.161726,0.161726,0.730159,1
16.924999,0.000000,-0.091070,0.091070,0.730159,1
16.927500,0.000000,-0.073886,0.073886,0.730159,1
16.930000,0.000000,-0.046003,0.046003,0.730159,1
16.932501,0.000000,0.029881,-0.029881,0.730159,1
16.934999,0.000000,0.151367,-0.151367,0.730159,1
16.937500,0.000000,0.269162,-0.269162,0.730159,1
16.940001,0.000000,0.219358,-0.219358,0.825397,1
16.942499,0.000000,0.166606,-0.166606,0.825397,1
16.945000,0.000000,0.141853,-0.141853,0.825397,1
16.947500,0.000000,0.132001,-0.132001,0.825397,1
16.950001,0.000000,-0.020903,0.020903,0.825397,1
16.952499,0.000000,-0.071362,0.071362,0.825397,1
16.955000,0.000000,-0.131887,0.131887,0.825397,1
16.957500,0.000000,-0.232338,0.232338,0.825397,1
16.959999,0.000000,-0.287788,0.287788,0.730159,1
16.962500,0.000000,-0.279412,0.279412,0.730159,1
16.965000,0.000000,-0.219859,0.219859,0.730159,1
16.967501,0.000000,-0.102637,0.102637,0.730159,1
16.969999,0.000000,-0.015168,0.015168,0.730159,1
16.972500,0.000000,0.092539,-0.092539,0.730159,1
16.975000,0.000000,0.138299,-0.138299,0.730159,1
16.977501,0.000000,0.125838,-0.125838,0.730159,1
16.980000,0.000000,0.112833,-0.112833,0.730159,1
16.982500,0.000000,0.116390,-0.116390,0.730159,1
16.985001,0.000000,0.114015,-0.114015,0.730159,1
16.987499,0.000000,0.040657,-0.040657,0.730159,1
16.990000,0.000000,-0.072771,0.072771,0.730159,1
16.992500,0.000000,-0.116763,0.116763,0.730159,1
16.995001,0.000000,-0.137801,0.137801,0.730159,1
16.997499,0.000000,-0.100012,0.100012,0.730159,1
17.000000,0.000000,-0.129150,0.129150,0.730159,1
17.002501,0.000000,-0.130906,0.130906,0.698413,1
17.004999,0.000000,-0.038953,0.038953,0.698413,1
17.007500,0.000000,0.007102,-0.007102,0.698413,1
17.010000,0.000000,0.054755,-0.054755,0.698413,1
17.012501,0.000000,0.179920,-0.179920,0.698413,1
17.014999,0.000000,0.155208,-0.155208,0.698413,1
17.017500,0.000000,0.278519,-0.278519,0.698413,1
17.020000,0.000000,0.243747,-0.243747,0.825397,1
17.022499,0.000000,0.250353,-0.250353,0.825397,1
17.025000,0.000000,0.194697,-0.194697,0.825397,1
17.027500,0.000000,0.143753,-0.143753,0.825397,1
17.030001,0.000000,0.066243,-0.066243,0.825397,1
17.032499,0.000000,0.044525,-0.044525,0.825397,1
17.035000,0.000000,-0.015919,0.015919,0.825397,1
17.037500,0.000000,-0.064398,0.064398,0.825397,1
17.040001,0.000000,0.020334,-0.020334,0.793651,1
17.042500,0.000000,0.045720,-0.045720,0.793651,1
17.045000,0.000000,0.059063,-0.059063,0.793651,1
17.047501,0.000000,0.048747,-0.048747,0.793651,1
17.049999,0.000000,0.197387,-0.197387,0.793651,1
17.052500,0.000000,0.225586,-0.225586,0.793651,1
17.055000,0.000000,0.358777,-0.358777,0.793651,1
17.057501,0.000000,0.390303,-0.390303,0.793651,1
17.059999,0.000000,0.383481,-0.383481,0.698413,1
17.062500,0.000000,0.350642,-0.350642,0.698413,1
17.065001,0.000000,0.399986,-0.399986,0.698413,1
17.067499,0.000000,0.207693,-0.207693,0.698413,1
17.070000,0.000000,0.139369,-0.139369,0.698413,1
17.072500,0.000000,0.054810,-0.054810,0.698413,1
17.075001,0.000000,-0.008439,0.008439,0.698413,1
17.077499,0.000000,-0.027901,0.027901,0.698413,1
17.080000,0.000000,-0.040807,0.040807,0.666667,1
17.082500,0.000000,-0.001233,0.001233,0.666667,1
17.084999,0.000000,0.049636,-0.049636,0.666667,1
17.087500,0.000000,0.047451,-0.047451,0.666667,1
17.090000,0.000000,0.138711,-0.138711,0.666667,1
17.092501,0.000000,0.238166,-0.238166,0.666667,1
17.094999,0.000000,0.253097,-0.253097,0.666667,1
17.097500,0.000000,0.367884,-0.367884,0.666667,1
17.100000,0.000000,0.423138,-0.423138,0.666667,1
17.102501,0.000000,0.423321,-0.423321,0.666667,1
17.105000,0.000000,0.399378,-0.399378,0.666667,1
17.107500,0.000000,0.319659,-0.319659,0.666667,1
17.110001,0.000000,0.294181,-0.294181,0.666667,1
17.112499,0.000000,0.297046,-0.297046,0.666667,1
17.115000,0.000000,0.276564,-0.276564,0.666667,1
17.117500,0.000000,0.210046,-0.210046,0.666667,1
17.120001,0.000000,0.200478,-0.200478,0.666667,1
17.122499,0.000000,0.244619,-0.244619,0.761905,1
17.125000,0.000000,0.320349,-0.320349,0.761905,1
17.127501,0.000000,0.366076,-0.366076,0.761905,1
17.129999,0.000000,0.392987,-0.392987,0.761905,1
17.132500,0.000000,0.512734,-0.512734,0.761905,1
17.135000,0.000000,0.492760,-0.492760,0.761905,1
17.137501,0.000000,0.458310,-0.458310,0.761905,1
17.139999,0.000000,0.382176,-0.382176,0.761905,1
17.142500,0.000000,0.301114,-0.301114,0.761905,1
17.145000,0.000000,0.302707,-0.302707,0.761905,1
17.147499,0.000000,0.291597,-0.291597,0.761905,1
17.150000,0.000000,0.212969,-0.212969,0.761905,1
17.152500,0.000000,0.168323,-0.168323,0.761905,1
17.155001,0.000000,0.115773,-0.115773,0.761905,1
17.157499,0.000000,0.031232,-0.031232,0.761905,1
17.160000,0.000000,0.141484,-0.141484,0.698413,1
17.162500,0.000000,0.232523,-0.232523,0.698413,1
17.165001,0.000000,0.292104,-0.292104,0.698413,1
17.167500,0.000000,0.304311,-0.304311,0.698413,1
17.170000,0.000000,0.352966,-0.352966,0.698413,1
17.172501,0.000000,0.371156,-0.371156,0.698413,1
17.174999,0.000000,0.412784,-0.412784,0.698413,1
17.177500,0.000000,0.440633,-0.440633,0.698413,1
17.180000,0.000000,0.408157,-0.408157,0.698413,1
17.182501,0.000000,0.279825,-0.279825,0.603175,1
17.184999,0.000000,0.332040,-0.332040,0.603175,1
17.187500,0.000000,0.259513,-0.259513,0.603175,1
17.190001,0.000000,0.196316,-0.196316,0.603175,1
17.192499,0.000000,0.093301,-0.093301,0.603175,1
17.195000,0.000000,-0.051091,0.051091,0.603175,1
17.197500,0.000000,-0.083305,0.083305,0.603175,1
17.200001,0.000000,-0.097729,0.097729,0.603175,1
17.202499,0.000000,-0.025922,0.025922,0.603175,1
17.205000,0.000000,0.078481,-0.078481,0.603175,1
17.207500,0.000000,0.187574,-0.187574,0.603175,1
17.209999,0.000000,0.310101,-0.310101,0.603175,1
17.212500,0.000000,0.465804,-0.465804,0.603175,1
17.215000,0.000000,0.522801,-0.522801,0.603175,1
17.217501,0.000000,0.590967,-0.590967,0.603175,1
17.219999,0.000000,0.595035,-0.595035,0.603175,1
17.222500,0.000000,0.435092,-0.435092,0.571429,1
17.225000,0.000000,0.353638,-0.353638,0.571429,1
17.227501,0.000000,0.218983,-0.218983,0.571429,1
17.230000,0.000000,0.144890,-0.144890,0.571429,1
17.232500,0.000000,0.023336,-0.023336,0.571429,1
17.235001,0.000000,0.000691,-0.000691,0.571429,1
17.237499,0.000000,0.024856,-0.024856,0.571429,1
17.240000,0.000000,0.093057,-0.093057,0.539683,1
17.242500,0.000000,0.213074,-0.213074,0.539683,1
17.245001,0.000000,0.165866,-0.165866,0.539683,1
17.247499,0.000000,0.165313,-0.165313,0.539683,1
17.250000,0.000000,0.405152,-0.405152,0.539683,1
17.252501,0.000000,0.520058,-0.520058,0.539683,1
17.254999,0.000000,0.568442,-0.568442,0.539683,1
17.257500,0.000000,0.578093,-0.578093,0.539683,1
17.260000,0.000000,0.550600,-0.550600,0.507937,1
17.262501,0.000000,0.382127,-0.382127,0.507937,1
17.264999,0.000000,0.262412,-0.262412,0.507937,1
17.267500,0.000000,0.168709,-0.168709,0.507937,1
17.270000,0.000000,0.037696,-0.037696,0.507937,1
17.272499,0.000000,-0.073728,0.073728,0.507937,1
17.275000,0.000000,0.019597,-0.019597,0.507937,1
17.277500,0.000000,-0.027029,0.027029,0.507937,1
17.280001,0.000000,-0.009887,0.009887,0.507937,1
17.282499,0.000000,0.035624,-0.035624,0.507937,1
17.285000,0.000000,0.125492,-0.125492,0.507937,1
17.287500,0.000000,0.167964,-0.167964,0.507937,1
17.290001,0.000000,0.313549,-0.313549,0.507937,1
17.292500,0.000000,0.400942,-0.400942,0.507937,1
17.295000,0.000000,0.368355,-0.368355,0.507937,1
17.297501,0.000000,0.378234,-0.378234,0.507937,1
17.299999,0.000000,0.354387,-0.354387,0.539683,1
17.302500,0.000000,0.299554,-0.299554,0.539683,1
17.305000,0.000000,0.261385,-0.261385,0.539683,1
17.307501,0.000000,0.214809,-0.214809,0.539683,1
17.309999,0.000000,0.157715,-0.157715,0.539683,1
17.312500,0.000000,0.098971,-0.098971,0.539683,1
17.315001,0.000000,0.045359,-0.045359,0.539683,1
17.317499,0.000000,-0.103101,0.103101,0.539683,1
17.320000,0.000000,-0.056719,0.056719,0.539683,1
17.322500,0.000000,0.007774,-0.007774,0.476190,1
17.325001,0.000000,0.008359,-0.008359,0.476190,1
17.327499,0.000000,0.103056,-0.103056,0.476190,1
17.330000,0.000000,0.221836,-0.221836,0.476190,1
17.332500,0.000000,0.360042,-0.360042,0.476190,1
17.334999,0.000000,0.434628,-0.434628,0.476190,1
17.337500,0.000000,0.467545,-0.467545,0.476190,1
17.340000,0.000000,0.503981,-0.503981,0.476190,1
17.342501,0.000000,0.432917,-0.432917,0.476190,1
17.344999,0.000000,0.380243,-0.380243,0.476190,1
17.347500,0.000000,0.251055,-0.251055,0.476190,1
17.350000,0.000000,0.222783,-0.222783,0.476190,1
17.352501,0.000000,0.042529,-0.042529,0.476190,1
17.355000,0.000000,0.030035,-0.030035,0.476190,1
17.357500,0.000000,-0.001830,0.001830,0.476190,1
17.360001,0.000000,0.054656,-0.054656,0.476190,1
17.362499,0.000000,0.037523,-0.037523,0.444444,1
17.365000,0.000000,0.102858,-0.102858,0.444444,1
17.367500,0.000000,0.182157,-0.182157,0.444444,1
17.370001,0.000000,0.287204,-0.287204,0.444444,1
17.372499,0.000000,0.290613,-0.290613,0.444444,1
17.375000,0.000000,0.377623,-0.377623,0.444444,1
17.377501,0.000000,0.282233,-0.282233,0.444444,1
17.379999,0.000000,0.237222,-0.237222,0.539683,1
17.382500,0.000000,0.118851,-0.118851,0.539683,1
17.385000,0.000000,0.105469,-0.105469,0.539683,1
17.387501,0.000000,0.053969,-0.053969,0.539683,1
17.389999,0.000000,0.001493,-0.001493,0.539683,1
17.392500,0.000000,0.010240,-0.010240,0.539683,1
17.395000,0.000000,-0.059862,0.059862,0.539683,1
17.397499,0.000000,-0.053980,0.053980,0.539683,1
17.400000,0.000000,-0.048686,0.048686,0.571429,1
17.402500,0.000000,-0.023720,0.023720,0.571429,1
17.405001,0.000000,0.095234,-0.095234,0.571429,1
17.407499,0.000000,0.265833,-0.265833,0.571429,1
17.410000,0.000000,0.306785,-0.306785,0.571429,1
17.412500,0.000000,0.406170,-0.406170,0.571429,1
17.415001,0.000000,0.459632,-0.459632,0.571429,1
17.417500,0.000000,0.488056,-0.488056,0.571429,1
17.420000,0.000000,0.482152,-0.482152,0.476190,1
17.422501,0.000000,0.409145,-0.409145,0.476190,1
17.424999,0.000000,0.117249,-0.117249,0.476190,1
17.427500,0.000000,0.125927,-0.125927,0.476190,1
17.430000,0.000000,-0.004951,0.004951,0.476190,1
17.432501,0.000000,-0.096694,0.096694,0.476190,1
17.434999,0.000000,-0.164954,0.164954,0.476190,1
17.437500,0.000000,-0.236407,0.236407,0.476190,1
17.440001,0.000000,-0.212363,0.212363,0.476190,1
17.442499,0.000000,-0.174246,0.174246,0.476190,1
17.445000,0.000000,-0.150328,0.150328,0.476190,1
17.447500,0.000000,-0.058593,0.058593,0.476190,1
17.450001,0.000000,0.024829,-0.024829,0.476190,1
17.452499,0.000000,0.154658,-0.154658,0.476190,1
17.455000,0.000000,0.128350,-0.128350,0.476190,1
17.457500,0.000000,0.107610,-0.107610,0.476190,1
17.459999,0.000000,0.147619,-0.147619,0.444444,1
17.462500,0.000000,0.068655,-0.068655,0.444444,1
17.465000,0.000000,-0.050921,0.050921,0.444444,1
17.467501,0.000000,-0.164615,0.164615,0.444444,1
17.469999,0.000000,-0.249872,0.249872,0.444444,1
17.472500,0.000000,-0.324496,0.324496,0.444444,1
17.475000,0.000000,-0.384005,0.384005,0.444444,1
17.477501,0.000000,-0.462649,0.462649,0.444444,1
17.480000,0.000000,-0.399627,0.399627,0.476190,1
17.482500,0.000000,-0.276408,0.276408,0.476190,1
17.485001,0.000000,-0.317407,0.317407,0.476190,1
17.487499,0.000000,-0.318700,0.318700,0.476190,1
17.490000,0.000000,-0.167032,0.167032,0.476190,1
17.492500,0.000000,0.004914,-0.004914,0.476190,1
17.495001,0.000000,-0.060150,0.060150,0.476190,1
17.497499,0.000000,0.020252,-0.020252,0.476190,1
17.500000,0.000000,0.094071,-0.094071,0.634921,1
17.502501,0.000000,0.026658,-0.026658,0.634921,1
17.504999,0.000000,0.052578,-0.052578,0.634921,1
17.507500,0.000000,-0.018269,0.018269,0.634921,1
17.510000,0.000000,-0.069206,0.069206,0.634921,1
17.512501,0.000000,-0.162456,0.162456,0.634921,1
17.514999,0.000000,-0.156957,0.156957,0.634921,1
17.517500,0.000000,-0.137672,0.137672,0.634921,1
17.520000,0.000000,-0.057037,0.057037,0.698413,1
17.522499,0.000000,0.033100,-0.033100,0.698413,1
17.525000,0.000000,0.076515,-0.076515,0.698413,1
17.527500,0.000000,0.273441,-0.273441,0.698413,1
17.530001,0.000000,0.390250,-0.390250,0.698413,1
17.532499,0.000000,0.462002,-0.462002,0.698413,1
17.535000,0.000000,0.447137,-0.447137,0.698413,1
17.537500,0.000000,0.386954,-0.386954,0.698413,1
17.540001,0.000000,0.300713,-0.300713,0.634921,1
17.542500,0.000000,0.215911,-0.215911,0.634921,1
17.545000,0.000000,0.227215,-0.227215,0.634921,1
17.547501,0.000000,0.177832,-0.177832,0.634921,1
17.549999,0.000000,0.069214,-0.069214,0.634921,1
17.552500,0.000000,-0.006095,0.006095,0.634921,1
17.555000,0.000000,-0.069453,0.069453,0.634921,1
17.557501,0.000000,-0.053872,0.053872,0.634921,1
17.559999,0.000000,-0.096443,0.096443,0.634921,1
17.562500,0.000000,-0.047838,0.047838,0.634921,1
17.565001,0.000000,0.019813,-0.019813,0.634921,1
17.567499,0.000000,0.042331,-0.042331,0.634921,1
17.570000,0.000000,0.193277,-0.193277,0.634921,1
17.572500,0.000000,0.237706,-0.237706,0.634921,1
17.575001,0.000000,0.229529,-0.229529,0.634921,1
17.577499,0.000000,0.292188,-0.292188,0.634921,1
17.580000,0.000000,0.285042,-0.285042,0.698413,1
17.582500,0.000000,0.269286,-0.269286,0.698413,1
17.584999,0.000000,0.157028,-0.157028,0.698413,1
17.587500,0.000000,0.128347,-0.128347,0.698413,1
17.590000,0.000000,0.160059,-0.160059,0.698413,1
17.592501,0.000000,0.032304,-0.032304,0.698413,1
17.594999,0.000000,0.000392,-0.000392,0.698413,1
17.597500,0.000000,-0.063062,0.063062,0.698413,1
17.600000,0.000000,0.067950,-0.067950,0.698413,1
17.602501,0.000000,0.154448,-0.154448,0.666667,1
17.605000,0.000000,0.213017,-0.213017,0.666667,1
17.607500,0.000000,0.209424,-0.209424,0.666667,1
17.610001,0.000000,0.223418,-0.223418,0.666667,1
17.612499,0.000000,0.318122,-0.318122,0.666667,1
17.615000,0.000000,0.288755,-0.288755,0.666667,1
17.617500,0.000000,0.239046,-0.239046,0.666667,1
17.620001,0.000000,0.231034,-0.231034,0.666667,1
17.622499,0.000000,0.202462,-0.202462,0.666667,1
17.625000,0.000000,0.164279,-0.164279,0.666667,1
17.627501,0.000000,0.071086,-0.071086,0.666667,1
17.629999,0.000000,0.043842,-0.043842,0.666667,1
17.632500,0.000000,-0.066258,0.066258,0.666667,1
17.635000,0.000000,-0.082604,0.082604,0.666667,1
17.637501,0.000000,-0.096057,0.096057,0.666667,1
17.639999,0.000000,-0.062576,0.062576,0.666667,1
17.642500,0.000000,0.025946,-0.025946,0.666667,1
17.645000,0.000000,0.052310,-0.052310,0.666667,1
17.647499,0.000000,0.082792,-0.082792,0.666667,1
17.650000,0.000000,0.066123,-0.066123,0.666667,1
17.652500,0.000000,0.028084,-0.028084,0.666667,1
17.655001,0.000000,0.068380,-0.068380,0.666667,1
17.657499,0.000000,0.087689,-0.087689,0.666667,1
17.660000,0.000000,0.027758,-0.027758,0.634921,1
17.662500,0.000000,-0.046887,0.046887,0.634921,1
17.665001,0.000000,-0.017908,0.017908,0.634921,1
17.667500,0.000000,-0.039648,0.039648,0.634921,1
17.670000,0.000000,-0.177191,0.177191,0.634921,1
17.672501,0.000000,-0.261446,0.261446,0.634921,1
17.674999,0.000000,-0.282658,0.282658,0.634921,1
17.677500,0.000000,-0.332788,0.332788,0.634921,1
17.680000,0.000000,-0.363754,0.363754,0.603175,1
17.682501,0.000000,-0.338959,0.338959,0.603175,1
17.684999,0.000000,-0.213660,0.213660,0.603175,1
17.687500,0.000000,-0.072041,0.072041,0.603175,1
17.690001,0.000000,-0.032954,0.032954,0.603175,1
17.692499,0.000000,0.062789,-0.062789,0.603175,1
17.695000,0.000000,0.113468,-0.113468,0.603175,1
17.697500,0.000000,0.084291,-0.084291,0.603175,1
17.700001,0.000000,0.066091,-0.066091,0.634921,1
17.702499,0.000000,-0.028441,0.028441,0.634921,1
17.705000,0.000000,-0.019091,0.019091,0.634921,1
17.707500,0.000000,-0.005844,0.005844,0.634921,1
17.709999,0.000000,-0.098832,0.098832,0.634921,1
17.712500,0.000000,-0.195163,0.195163,0.634921,1
17.715000,0.000000,-0.185323,0.185323,0.634921,1
17.717501,0.000000,-0.144135,0.144135,0.634921,1
17.719999,0.000000,-0.198131,0.198131,0.603175,1
17.722500,0.000000,-0.169732,0.169732,0.603175,1
17.725000,0.000000,-0.113294,0.113294,0.603175,1
17.727501,0.000000,-0.080573,0.080573,0.603175,1
17.730000,0.000000,0.017985,-0.017985,0.603175,1
17.732500,0.000000,0.049471,-0.049471,0.603175,1
17.735001,0.000000,0.071969,-0.071969,0.603175,1
17.737499,0.000000,0.092552,-0.092552,0.603175,1
17.740000,0.000000,0.013778,-0.013778,0.634921,1
17.742500,0.000000,-0.118450,0.118450,0.634921,1
17.745001,0.000000,-0.118347,0.118347,0.634921,1
17.747499,0.000000,-0.218041,0.218041,0.634921,1
17.750000,0.000000,-0.173589,0.173589,0.634921,1
17.752501,0.000000,-0.133526,0.133526,0.634921,1
17.754999,0.000000,-0.205353,0.205353,0.634921,1
17.757500,0.000000,-0.106468,0.106468,0.634921,1
17.760000,0.000000,-0.054899,0.054899,0.634921,1
17.762501,0.000000,-0.058225,0.058225,0.634921,1
17.764999,0.000000,-0.136730,0.136730,0.634921,1
17.767500,0.000000,-0.030124,0.030124,0.634921,1
17.770000,0.000000,0.044670,-0.044670,0.634921,1
17.772499,0.000000,0.131704,-0.131704,0.634921,1
17.775000,0.000000,0.166298,-0.166298,0.634921,1
17.777500,0.000000,0.129540,-0.129540,0.634921,1
17.780001,0.000000,0.103065,-0.103065,0.634921,1
17.782499,0.000000,0.107603,-0.107603,0.666667,1
17.785000,0.000000,0.037371,-0.037371,0.666667,1
17.787500,0.000000,-0.045895,0.045895,0.666667,1
17.790001,0.000000,-0.188744,0.188744,0.666667,1
17.792500,0.000000,-0.242085,0.242085,0.666667,1
17.795000,0.000000,-0.337884,0.337884,0.666667,1
17.797501,0.000000,-0.307431,0.307431,0.666667,1
17.799999,0.000000,-0.332010,0.332010,0.698413,1
17.802500,0.000000,-0.309113,0.309113,0.698413,1
17.805000,0.000000,-0.147505,0.147505,0.698413,1
17.807501,0.000000,-0.094642,0.094642,0.698413,1
17.809999,0.000000,-0.044738,0.044738,0.698413,1
17.812500,0.000000,0.047684,-0.047684,0.698413,1
17.815001,0.000000,0.008277,-0.008277,0.698413,1
17.817499,0.000000,0.094349,-0.094349,0.698413,1
17.820000,0.000000,0.139092,-0.139092,0.698413,1
17.822500,0.000000,0.133737,-0.133737,0.730159,1
17.825001,0.000000,-0.074835,0.074835,0.730159,1
17.827499,0.000000,-0.145568,0.145568,0.730159,1
17.830000,0.000000,-0.266628,0.266628,0.730159,1
17.832500,0.000000,-0.266342,0.266342,0.730159,1
17.834999,0.000000,-0.255014,0.255014,0.730159,1
17.837500,0.000000,-0.253736,0.253736,0.730159,1
17.840000,0.000000,-0.300313,0.300313,0.761905,1
17.842501,0.000000,-0.197768,0.197768,0.761905,1
17.844999,0.000000,-0.157635,0.157635,0.761905,1
17.847500,0.000000,-0.009884,0.009884,0.761905,1
17.850000,0.000000,0.067591,-0.067591,0.761905,1
17.852501,0.000000,0.148857,-0.148857,0.761905,1
17.855000,0.000000,0.168890,-0.168890,0.761905,1
17.857500,0.000000,0.253369,-0.253369,0.761905,1
17.860001,0.000000,0.273966,-0.273966,0.730159,1
17.862499,0.000000,0.307947,-0.307947,0.730159,1
17.865000,0.000000,0.258003,-0.258003,0.730159,1
17.867500,0.000000,0.184228,-0.184228,0.730159,1
17.870001,0.000000,0.138619,-0.138619,0.730159,1
17.872499,0.000000,0.140443,-0.140443,0.730159,1
17.875000,0.000000,0.136474,-0.136474,0.730159,1
17.877501,0.000000,0.112459,-0.112459,0.730159,1
17.879999,0.000000,0.015748,-0.015748,0.698413,1
17.882500,0.000000,0.082613,-0.082613,0.698413,1
17.885000,0.000000,0.057839,-0.057839,0.698413,1
17.887501,0.000000,0.122597,-0.122597,0.698413,1
17.889999,0.000000,0.182877,-0.182877,0.698413,1
17.892500,0.000000,0.170922,-0.170922,0.698413,1
17.895000,0.000000,0.233091,-0.233091,0.698413,1
17.897499,0.000000,0.358703,-0.358703,0.698413,1
17.900000,0.000000,0.333514,-0.333514,0.793651,1
17.902500,0.000000,0.333017,-0.333017,0.793651,1
17.905001,0.000000,0.383129,-0.383129,0.793651,1
17.907499,0.000000,0.351069,-0.351069,0.793651,1
17.910000,0.000000,0.247345,-0.247345,0.793651,1
17.912500,0.000000,0.191277,-0.191277,0.793651,1
17.915001,0.000000,0.161729,-0.161729,0.793651,1
17.917500,0.000000,0.196934,-0.196934,0.793651,1
17.920000,0.000000,0.244023,-0.244023,0.825397,1
17.922501,0.000000,0.138533,-0.138533,0.825397,1
17.924999,0.000000,0.140552,-0.140552,0.825397,1
17.927500,0.000000,0.190756,-0.190756,0.825397,1
17.930000,0.000000,0.202440,-0.202440,0.825397,1
17.932501,0.000000,0.089960,-0.089960,0.825397,1
17.934999,0.000000,0.099324,-0.099324,0.825397,1
17.937500,0.000000,0.120126,-0.120126,0.825397,1
17.940001,0.000000,0.093793,-0.093793,0.857143,1
17.942499,0.000000,0.024375,-0.024375,0.857143,1
17.945000,0.000000,-0.017945,0.017945,0.857143,1
17.947500,0.000000,-0.059275,0.059275,0.857143,1
17.950001,0.000000,-0.139470,0.139470,0.857143,1
17.952499,0.000000,-0.132320,0.132320,0.857143,1
17.955000,0.000000,-0.169436,0.169436,0.857143,1
17.957500,0.000000,-0.226077,0.226077,0.857143,1
17.959999,0.000000,-0.269815,0.269815,0.825397,1
17.962500,0.000000,-0.246270,0.246270,0.825397,1
17.965000,0.000000,-0.142445,0.142445,0.825397,1
17.967501,0.000000,-0.115945,0.115945,0.825397,1
17.969999,0.000000,-0.020903,0.020903,0.825397,1
17.972500,0.000000,0.043447,-0.043447,0.825397,1
17.975000,0.000000,0.178142,-0.178142,0.825397,1
17.977501,0.000000,0.214777,-0.214777,0.825397,1
17.980000,0.000000,0.173348,-0.173348,0.761905,1
17.982500,0.000000,0.176879,-0.176879,0.761905,1
17.985001,0.000000,0.159639,-0.159639,0.761905,1
17.987499,0.000000,0.071582,-0.071582,0.761905,1
17.990000,0.000000,-0.055661,0.055661,0.761905,1
17.992500,0.000000,-0.091001,0.091001,0.761905,1
17.995001,0.000000,-0.133098,0.133098,0.761905,1
17.997499,0.000000,-0.227760,0.227760,0.761905,1
18.000000,0.000000,-0.207750,0.207750,0.761905,1
18.002501,0.000000,-0.205292,0.205292,0.761905,1
18.004999,0.000000,-0.223091,0.223091,0.761905,1
18.007500,0.000000,-0.169702,0.169702,0.761905,1
18.010000,0.000000,-0.034589,0.034589,0.761905,1
18.012501,0.000000,0.087086,-0.087086,0.761905,1
18.014999,0.000000,0.177355,-0.177355,0.761905,1
18.017500,0.000000,0.210132,-0.210132,0.761905,1
18.020000,0.000000,0.231516,-0.231516,0.761905,1
18.022499,0.000000,0.204471,-0.204471,0.825397,1
18.025000,0.000000,0.103954,-0.103954,0.825397,1
18.027500,0.000000,0.001681,-0.001681,0.825397,1
18.030001,0.000000,-0.088950,0.088950,0.825397,1
18.032499,0.000000,-0.081875,0.081875,0.825397,1
18.035000,0.000000,-0.075829,0.075829,0.825397,1
18.037500,0.000000,-0.146322,0.146322,0.825397,1
18.040001,0.000000,-0.139260,0.139260,0.825397,1
18.042500,0.000000,-0.128577,0.128577,0.825397,1
18.045000,0.000000,-0.086364,0.086364,0.825397,1
18.047501,0.000000,-0.048820,0.048820,0.825397,1
18.049999,0.000000,0.080155,-0.080155,0.825397,1
18.052500,0.000000,0.135818,-0.135818,0.825397,1
18.055000,0.000000,0.186505,-0.186505,0.825397,1
18.057501,0.000000,0.215194,-0.215194,0.825397,1
18.059999,0.000000,0.161731,-0.161731,0.825397,1
18.062500,0.000000,0.131995,-0.131995,0.666667,1
18.065001,0.000000,0.130318,-0.130318,0.666667,1
18.067499,0.000000,0.134296,-0.134296,0.666667,1
18.070000,0.000000,-0.007898,0.007898,0.666667,1
18.072500,0.000000,-0.158115,0.158115,0.666667,1
18.075001,0.000000,-0.201940,0.201940,0.666667,1
18.077499,0.000000,-0.164377,0.164377,0.666667,1
18.080000,0.000000,-0.140283,0.140283,0.698413,1
18.082500,0.000000,-0.073543,0.073543,0.698413,1
18.084999,0.000000,-0.089091,0.089091,0.698413,1
18.087500,0.000000,-0.048931,0.048931,0.698413,1
18.090000,0.000000,-0.086499,0.086499,0.698413,1
18.092501,0.000000,-0.024998,0.024998,0.698413,1
18.094999,0.000000,-0.082468,0.082468,0.698413,1
18.097500,0.000000,0.014255,-0.014255,0.698413,1
18.100000,0.000000,0.088635,-0.088635,0.730159,1
18.102501,0.000000,0.066328,-0.066328,0.730159,1
18.105000,0.000000,-0.056942,0.056942,0.730159,1
18.107500,0.000000,-0.099840,0.099840,0.730159,1
18.110001,0.000000,-0.075006,0.075006,0.730159,1
18.112499,0.000000,-0.112477,0.112477,0.730159,1
18.115000,0.000000,-0.099733,0.099733,0.730159,1
18.117500,0.000000,-0.145790,0.145790,0.730159,1
18.120001,0.000000,-0.182804,0.182804,0.730159,1
18.122499,0.000000,-0.156791,0.156791,0.825397,1
18.125000,0.000000,-0.192305,0.192305,0.825397,1
18.127501,0.000000,-0.030447,0.030447,0.825397,1
18.129999,0.000000,0.038548,-0.038548,0.825397,1
18.132500,0.000000,0.132796,-0.132796,0.825397,1
18.135000,0.000000,0.152371,-0.152371,0.825397,1
18.137501,0.000000,0.103396,-0.103396,0.825397,1
18.139999,0.000000,0.159505,-0.159505,0.888889,1
18.142500,0.000000,0.085456,-0.085456,0.888889,1
18.145000,0.000000,0.055710,-0.055710,0.888889,1
18.147499,0.000000,0.017834,-0.017834,0.888889,1
18.150000,0.000000,-0.039107,0.039107,0.888889,1
18.152500,0.000000,-0.126228,0.126228,0.888889,1
18.155001,0.000000,-0.171128,0.171128,0.888889,1
18.157499,0.000000,-0.229307,0.229307,0.888889,1
18.160000,0.000000,-0.186631,0.186631,0.857143,1
18.162500,0.000000,-0.131863,0.131863,0.857143,1
18.165001,0.000000,-0.084636,0.084636,0.857143,1
18.167500,0.000000,-0.049427,0.049427,0.857143,1
18.170000,0.000000,0.107669,-0.107669,0.857143,1
18.172501,0.000000,0.104501,-0.104501,0.857143,1
18.174999,0.000000,0.077120,-0.077120,0.857143,1
18.177500,0.000000,0.095052,-0.095052,0.857143,1
18.180000,0.000000,0.081074,-0.081074,0.888889,1
18.182501,0.000000,0.102560,-0.102560,0.888889,1
18.184999,0.000000,0.084171,-0.084171,0.888889,1
18.187500,0.000000,0.026438,-0.026438,0.888889,1
18.190001,0.000000,-0.013905,0.013905,0.888889,1
18.192499,0.000000,-0.049192,0.049192,0.888889,1
18.195000,0.000000,0.000187,-0.000187,0.888889,1
18.197500,0.000000,-0.012320,0.012320,0.888889,1
18.200001,0.000000,-0.041556,0.041556,0.888889,1
18.202499,0.000000,-0.009088,0.009088,0.920635,1
18.205000,0.000000,-0.077284,0.077284,0.920635,1
18.207500,0.000000,-0.020986,0.020986,0.920635,1
18.209999,0.000000,0.086068,-0.086068,0.920635,1
18.212500,0.000000,0.164632,-0.164632,0.920635,1
18.215000,0.000000,0.214967,-0.214967,0.920635,1
18.217501,0.000000,0.259245,-0.259245,0.920635,1
18.219999,0.000000,0.296288,-0.296288,0.984127,1
18.222500,0.000000,0.323528,-0.323528,0.984127,1
18.225000,0.000000,0.291889,-0.291889,0.984127,1
18.227501,0.000000,0.217630,-0.217630,0.984127,1
18.230000,0.000000,0.059657,-0.059657,0.984127,1
18.232500,0.000000,0.044541,-0.044541,0.984127,1
18.235001,0.000000,0.023436,-0.023436,0.984127,1
18.237499,0.000000,0.006842,-0.006842,0.984127,1
18.240000,0.000000,-0.023308,0.023308,0.920635,1
18.242500,0.000000,0.042962,-0.042962,0.920635,1
18.245001,0.000000,0.073966,-0.073966,0.920635,1
18.247499,0.000000,0.127059,-0.127059,0.920635,1
18.250000,0.000000,0.182269,-0.182269,0.920635,1
18.252501,0.000000,0.253117,-0.253117,0.920635,1
18.254999,0.000000,0.238855,-0.238855,0.920635,1
18.257500,0.000000,0.279556,-0.279556,0.920635,1
18.260000,0.000000,0.235585,-0.235585,0.825397,1
18.262501,0.000000,0.169070,-0.169070,0.825397,1
18.264999,0.000000,0.157916,-0.157916,0.825397,1
18.267500,0.000000,0.043338,-0.043338,0.825397,1
18.270000,0.000000,0.016746,-0.016746,0.825397,1
18.272499,0.000000,-0.040772,0.040772,0.825397,1
18.275000,0.000000,-0.164308,0.164308,0.825397,1
18.277500,0.000000,-0.120089,0.120089,0.825397,1
18.280001,0.000000,-0.099471,0.099471,0.730159,1
18.282499,0.000000,-0.047277,0.047277,0.730159,1
18.285000,0.000000,0.058116,-0.058116,0.730159,1
18.287500,0.000000,0.200249,-0.200249,0.730159,1
18.290001,0.000000,0.275687,-0.275687,0.730159,1
18.292500,0.000000,0.363840,-0.363840,0.730159,1
18.295000,0.000000,0.420425,-0.420425,0.730159,1
18.297501,0.000000,0.415416,-0.415416,0.730159,1
18.299999,0.000000,0.299281,-0.299281,0.571429,1
18.302500,0.000000,0.266360,-0.266360,0.571429,1
18.305000,0.000000,0.277909,-0.277909,0.571429,1
18.307501,0.000000,0.222687,-0.222687,0.571429,1
18.309999,0.000000,0.065576,-0.065576,0.571429,1
18.312500,0.000000,0.050490,-0.050490,0.571429,1
18.315001,0.000000,-0.028382,0.028382,0.571429,1
18.317499,0.000000,-0.180569,0.180569,0.571429,1
18.320000,0.000000,-0.117144,0.117144,0.603175,1
18.322500,0.000000,-0.134863,0.134863,0.603175,1
18.325001,0.000000,0.023122,-0.023122,0.603175,1
18.327499,0.000000,0.156572,-0.156572,0.603175,1
18.330000,0.000000,0.215262,-0.215262,0.603175,1
18.332500,0.000000,0.303039,-0.303039,0.603175,1
18.334999,0.000000,0.477138,-0.477138,0.603175,1
18.337500,0.000000,0.542267,-0.542267,0.603175,1
18.340000,0.000000,0.534428,-0.534428,0.603175,1
18.342501,0.000000,0.640517,-0.640517,0.603175,1
18.344999,0.000000,0.568757,-0.568757,0.603175,1
18.347500,0.000000,0.508314,-0.508314,0.603175,1
18.350000,0.000000,0.363226,-0.363226,0.603175,1
18.352501,0.000000,0.190142,-0.190142,0.603175,1
18.355000,0.000000,0.114236,-0.114236,0.603175,1
18.357500,0.000000,0.083135,-0.083135,0.603175,1
18.360001,0.000000,0.099689,-0.099689,0.507937,1
18.362499,0.000000,0.041989,-0.041989,0.507937,1
18.365000,0.000000,0.140542,-0.140542,0.507937,1
18.367500,0.000000,0.163183,-0.163183,0.507937,1
18.370001,0.000000,0.277205,-0.277205,0.507937,1
18.372499,0.000000,0.398887,-0.398887,0.507937,1
18.375000,0.000000,0.417983,-0.417983,0.507937,1
18.377501,0.000000,0.375621,-0.375621,0.507937,1
18.379999,0.000000,0.447144,-0.447144,0.539683,1
18.382500,0.000000,0.448012,-0.448012,0.539683,1
18.385000,0.000000,0.383022,-0.383022,0.539683,1
18.387501,0.000000,0.376950,-0.376950,0.539683,1
18.389999,0.000000,0.288049,-0.288049,0.539683,1
18.392500,0.000000,0.169606,-0.169606,0.539683,1
18.395000,0.000000,0.051795,-0.051795,0.539683,1
18.397499,0.000000,0.013761,-0.013761,0.539683,1
18.400000,0.000000,0.050708,-0.050708,0.634921,1
18.402500,0.000000,0.142957,-0.142957,0.634921,1
18.405001,0.000000,0.188021,-0.188021,0.634921,1
18.407499,0.000000,0.305014,-0.305014,0.634921,1
18.410000,0.000000,0.353411,-0.353411,0.634921,1
18.412500,0.000000,0.366976,-0.366976,0.634921,1
18.415001,0.000000,0.338999,-0.338999,0.634921,1
18.417500,0.000000,0.328849,-0.328849,0.634921,1
18.420000,0.000000,0.251018,-0.251018,0.603175,1
18.422501,0.000000,0.317988,-0.317988,0.603175,1
18.424999,0.000000,0.277206,-0.277206,0.603175,1
18.427500,0.000000,0.194188,-0.194188,0.603175,1
18.430000,0.000000,0.203048,-0.203048,0.603175,1
18.432501,0.000000,0.059925,-0.059925,0.603175,1
18.434999,0.000000,-0.001438,0.001438,0.603175,1
18.437500,0.000000,0.074523,-0.074523,0.603175,1
18.440001,0.000000,0.066109,-0.066109,0.761905,1
18.442499,0.000000,0.192752,-0.192752,0.761905,1
18.445000,0.000000,0.264214,-0.264214,0.761905,1
18.447500,0.000000,0.369932,-0.369932,0.761905,1
18.450001,0.000000,0.478943,-0.478943,0.761905,1
18.452499,0.000000,0.521647,-0.521647,0.761905,1
18.455000,0.000000,0.527973,-0.527973,0.761905,1
18.457500,0.000000,0.530303,-0.530303,0.761905,1
18.459999,0.000000,0.471599,-0.471599,0.793651,1
18.462500,0.000000,0.430852,-0.430852,0.793651,1
18.465000,0.000000,0.373883,-0.373883,0.793651,1
18.467501,0.000000,0.379053,-0.379053,0.793651,1
18.469999,0.000000,0.331264,-0.331264,0.793651,1
18.472500,0.000000,0.367466,-0.367466,0.793651,1
18.475000,0.000000,0.216305,-0.216305,0.793651,1
18.477501,0.000000,0.131537,-0.131537,0.793651,1
18.480000,0.000000,0.112873,-0.112873,0.857143,1
18.482500,0.000000,0.194602,-0.194602,0.857143,1
18.485001,0.000000,0.226236,-0.226236,0.857143,1
18.487499,0.000000,0.212680,-0.212680,0.857143,1
18.490000,0.000000,0.255840,-0.255840,0.857143,1
18.492500,0.000000,0.252781,-0.252781,0.857143,1
18.495001,0.000000,0.228354,-0.228354,0.857143,1
18.497499,0.000000,0.330198,-0.330198,0.857143,1
18.500000,0.000000,0.307280,-0.307280,0.952381,1
18.502501,0.000000,0.284226,-0.284226,0.952381,1
18.504999,0.000000,0.232999,-0.232999,0.952381,1
18.507500,0.000000,0.164462,-0.164462,0.952381,1
18.510000,0.000000,0.069701,-0.069701,0.952381,1
18.512501,0.000000,0.002816,-0.002816,0.952381,1
18.514999,0.000000,-0.023972,0.023972,0.952381,1
18.517500,0.000000,0.012206,-0.012206,0.952381,1
18.520000,0.000000,0.050316,-0.050316,0.952381,1
18.522499,0.000000,0.021257,-0.021257,0.952381,1
18.525000,0.000000,0.101891,-0.101891,0.952381,1
18.527500,0.000000,0.171964,-0.171964,0.952381,1
18.530001,0.000000,0.199410,-0.199410,0.952381,1
18.532499,0.000000,0.254935,-0.254935,0.952381,1
18.535000,0.000000,0.312428,-0.312428,0.952381,1
18.537500,0.000000,0.327635,-0.327635,0.952381,1
18.540001,0.000000,0.338589,-0.338589,0.888889,1
18.542500,0.000000,0.266140,-0.266140,0.888889,1
18.545000,0.000000,0.301618,-0.301618,0.888889,1
18.547501,0.000000,0.149505,-0.149505,0.888889,1
18.549999,0.000000,0.107948,-0.107948,0.888889,1
18.552500,0.000000,0.063115,-0.063115,0.888889,1
18.555000,0.000000,0.045389,-0.045389,0.888889,1
18.557501,0.000000,-0.011181,0.011181,0.888889,1
18.559999,0.000000,0.042451,-0.042451,0.857143,1
18.562500,0.000000,0.060807,-0.060807,0.857143,1
18.565001,0.000000,0.050380,-0.050380,0.857143,1
18.567499,0.000000,0.058386,-0.058386,0.857143,1
18.570000,0.000000,0.126422,-0.126422,0.857143,1
18.572500,0.000000,0.109199,-0.109199,0.857143,1
18.575001,0.000000,0.232766,-0.232766,0.857143,1
18.577499,0.000000,0.297413,-0.297413,0.857143,1
18.580000,0.000000,0.366264,-0.366264,0.920635,1
18.582500,0.000000,0.405555,-0.405555,0.920635,1
18.584999,0.000000,0.335573,-0.335573,0.920635,1
18.587500,0.000000,0.232388,-0.232388,0.920635,1
18.590000,0.000000,0.050183,-0.050183,0.920635,1
18.592501,0.000000,-0.024739,0.024739,0.920635,1
18.594999,0.000000,0.008856,-0.008856,0.920635,1
18.597500,0.000000,-0.050199,0.050199,0.920635,1
18.600000,0.000000,-0.058441,0.058441,0.825397,1
18.602501,0.000000,-0.057123,0.057123,0.825397,1
18.605000,0.000000,0.009490,-0.009490,0.825397,1
18.607500,0.000000,0.130970,-0.130970,0.825397,1
18.610001,0.000000,0.120765,-0.120765,0.825397,1
18.612499,0.000000,0.114837,-0.114837,0.825397,1
18.615000,0.000000,0.227294,-0.227294,0.825397,1
18.617500,0.000000,0.279281,-0.279281,0.825397,1
18.620001,0.000000,0.258664,-0.258664,0.857143,1
18.622499,0.000000,0.303015,-0.303015,0.857143,1
18.625000,0.000000,0.186664,-0.186664,0.857143,1
18.627501,0.000000,0.163782,-0.163782,0.857143,1
18.629999,0.000000,0.091710,-0.091710,0.857143,1
18.632500,0.000000,0.057225,-0.057225,0.857143,1
18.635000,0.000000,-0.097291,0.097291,0.857143,1
18.637501,0.000000,-0.130335,0.130335,0.857143,1
18.639999,0.000000,-0.091736,0.091736,0.825397,1
18.642500,0.000000,-0.066494,0.066494,0.825397,1
18.645000,0.000000,0.040470,-0.040470,0.825397,1
18.647499,0.000000,0.156491,-0.156491,0.825397,1
18.650000,0.000000,0.172488,-0.172488,0.825397,1
18.652500,0.000000,0.265542,-0.265542,0.825397,1
18.655001,0.000000,0.257190,-0.257190,0.825397,1
18.657499,0.000000,0.276309,-0.276309,0.825397,1
18.660000,0.000000,0.297605,-0.297605,0.825397,1
18.662500,0.000000,0.209725,-0.209725,0.666667,1
18.665001,0.000000,0.189850,-0.189850,0.666667,1
18.667500,0.000000,0.083501,-0.083501,0.666667,1
18.670000,0.000000,-0.028071,0.028071,0.666667,1
18.672501,0.000000,-0.059406,0.059406,0.666667,1
18.674999,0.000000,-0.155816,0.155816,0.666667,1
18.677500,0.000000,-0.226300,0.226300,0.666667,1
18.680000,0.000000,-0.162343,0.162343,0.666667,1
18.682501,0.000000,-0.121803,0.121803,0.666667,1
18.684999,0.000000,-0.141240,0.141240,0.666667,1
18.687500,0.000000,-0.022187,0.022187,0.666667,1
18.690001,0.000000,0.031489,-0.031489,0.666667,1
18.692499,0.000000,0.025281,-0.025281,0.666667,1
18.695000,0.000000,-0.054242,0.054242,0.666667,1
18.697500,0.000000,0.022872,-0.022872,0.666667,1
18.700001,0.000000,-0.017714,0.017714,0.761905,1
18.702499,0.000000,-0.099946,0.099946,0.761905,1
18.705000,0.000000,-0.113415,0.113415,0.761905,1
18.707500,0.000000,-0.132977,0.132977,0.761905,1
18.709999,0.000000,-0.231113,0.231113,0.761905,1
18.712500,0.000000,-0.241859,0.241859,0.761905,1
18.715000,0.000000,-0.184647,0.184647,0.761905,1
18.717501,0.000000,-0.140921,0.140921,0.761905,1
18.719999,0.000000,-0.075944,0.075944,0.698413,1
18.722500,0.000000,-0.030255,0.030255,0.698413,1
18.725000,0.000000,-0.001263,0.001263,0.698413,1
18.727501,0.000000,0.061461,-0.061461,0.698413,1
18.730000,0.000000,0.152128,-0.152128,0.698413,1
18.732500,0.000000,0.149203,-0.149203,0.698413,1
18.735001,0.000000,0.155450,-0.155450,0.698413,1
18.737499,0.000000,0.105744,-0.105744,0.698413,1
18.740000,0.000000,0.114778,-0.114778,0.603175,1
18.742500,0.000000,0.084569,-0.084569,0.603175,1
18.745001,0.000000,-0.010884,0.010884,0.603175,1
18.747499,0.000000,-0.037426,0.037426,0.603175,1
18.750000,0.000000,-0.171812,0.171812,0.603175,1
18.752501,0.000000,-0.274992,0.274992,0.603175,1
18.754999,0.000000,-0.276364,0.276364,0.603175,1
18.757500,0.000000,-0.244503,0.244503,0.603175,1
18.760000,0.000000,-0.278432,0.278432,0.603175,1
18.762501,0.000000,-0.225738,0.225738,0.603175,1
18.764999,0.000000,-0.205110,0.205110,0.603175,1
18.767500,0.000000,-0.137336,0.137336,0.603175,1
18.770000,0.000000,-0.048106,0.048106,0.603175,1
18.772499,0.000000,0.054153,-0.054153,0.603175,1
18.775000,0.000000,0.122832,-0.122832,0.603175,1
18.777500,0.000000,0.161817,-0.161817,0.603175,1
18.780001,0.000000,0.091930,-0.091930,0.539683,1
18.782499,0.000000,0.079227,-0.079227,0.539683,1
18.785000,0.000000,0.049930,-0.049930,0.539683,1
18.787500,0.000000,0.012211,-0.012211,0.539683,1
18.790001,0.000000,-0.111061,0.111061,0.539683,1
18.792500,0.000000,-0.128973,0.128973,0.539683,1
18.795000,0.000000,-0.256154,0.256154,0.539683,1
18.797501,0.000000,-0.301199,0.301199,0.539683,1
18.799999,0.000000,-0.305125,0.305125,0.476190,1
18.802500,0.000000,-0.336639,0.336639,0.476190,1
18.805000,0.000000,-0.277939,0.277939,0.476190,1
18.807501,0.000000,-0.171685,0.171685,0.476190,1
18.809999,0.000000,-0.189469,0.189469,0.476190,1
18.812500,0.000000,-0.125678,0.125678,0.476190,1
18.815001,0.000000,-0.165728,0.165728,0.476190,1
18.817499,0.000000,-0.002444,0.002444,0.476190,1
18.820000,0.000000,0.007769,-0.007769,0.634921,1
18.822500,0.000000,-0.012398,0.012398,0.634921,1
18.825001,0.000000,-0.048950,0.048950,0.634921,1
18.827499,0.000000,-0.081226,0.081226,0.634921,1
18.830000,0.000000,-0.099611,0.099611,0.634921,1
18.832500,0.000000,-0.236072,0.236072,0.634921,1
18.834999,0.000000,-0.212735,0.212735,0.634921,1
18.837500,0.000000,-0.170774,0.170774,0.634921,1
18.840000,0.000000,-0.168096,0.168096,0.634921,1
18.842501,0.000000,-0.141375,0.141375,0.634921,1
18.844999,0.000000,-0.240496,0.240496,0.634921,1
18.847500,0.000000,-0.228955,0.228955,0.634921,1
18.850000,0.000000,-0.124784,0.124784,0.634921,1
18.852501,0.000000,0.004542,-0.004542,0.634921,1
18.855000,0.000000,0.090696,-0.090696,0.634921,1
18.857500,0.000000,0.110770,-0.110770,0.634921,1
18.860001,0.000000,0.207358,-0.207358,0.603175,1
18.862499,0.000000,0.223951,-0.223951,0.603175,1
18.865000,0.000000,0.142792,-0.142792,0.603175,1
18.867500,0.000000,0.183295,-0.183295,0.603175,1
18.870001,0.000000,0.045240,-0.045240,0.603175,1
18.872499,0.000000,-0.101735,0.101735,0.603175,1
18.875000,0.000000,-0.172296,0.172296,0.603175,1
18.877501,0.000000,-0.233908,0.233908,0.603175,1
18.879999,0.000000,-0.243510,0.243510,0.666667,1
18.882500,0.000000,-0.170566,0.170566,0.666667,1
18.885000,0.000000,-0.117984,0.117984,0.666667,1
18.887501,0.000000,-0.050956,0.050956,0.666667,1
18.889999,0.000000,0.022422,-0.022422,0.666667,1
18.892500,0.000000,-0.027362,0.027362,0.666667,1
18.895000,0.000000,-0.051577,0.051577,0.666667,1
18.897499,0.000000,-0.042167,0.042167,0.666667,1
18.900000,0.000000,-0.080482,0.080482,0.698413,1
18.902500,0.000000,-0.114324,0.114324,0.698413,1
18.905001,0.000000,-0.091342,0.091342,0.698413,1
18.907499,0.000000,-0.153883,0.153883,0.698413,1
18.910000,0.000000,-0.279007,0.279007,0.698413,1
18.912500,0.000000,-0.369797,0.369797,0.698413,1
18.915001,0.000000,-0.323311,0.323311,0.698413,1
18.917500,0.000000,-0.264861,0.264861,0.698413,1
18.920000,0.000000,-0.227271,0.227271,0.698413,1
18.922501,0.000000,-0.267115,0.267115,0.730159,1
18.924999,0.000000,-0.197675,0.197675,0.730159,1
18.927500,0.000000,-0.112494,0.112494,0.730159,1
18.930000,0.000000,-0.041607,0.041607,0.730159,1
18.932501,0.000000,-0.005788,0.005788,0.730159,1
18.934999,0.000000,0.024271,-0.024271,0.730159,1
18.937500,0.000000,0.018839,-0.018839,0.730159,1
18.940001,0.000000,-0.033705,0.033705,0.761905,1
18.942499,0.000000,0.004898,-0.004898,0.761905,1
18.945000,0.000000,-0.000628,0.000628,0.761905,1
18.947500,0.000000,-0.073375,0.073375,0.761905,1
18.950001,0.000000,-0.119669,0.119669,0.761905,1
18.952499,0.000000,-0.157892,0.157892,0.761905,1
18.955000,0.000000,-0.090953,0.090953,0.761905,1
18.957500,0.000000,-0.072709,0.072709,0.761905,1
18.959999,0.000000,-0.031777,0.031777,0.761905,1
18.962500,0.000000,-0.006630,0.006630,0.857143,1
18.965000,0.000000,0.017315,-0.017315,0.857143,1
18.967501,0.000000,0.130210,-0.130210,0.857143,1
18.969999,0.000000,0.213810,-0.213810,0.857143,1
18.972500,0.000000,0.227659,-0.227659,0.857143,1
18.975000,0.000000,0.282806,-0.282806,0.857143,1
18.977501,0.000000,0.333245,-0.333245,0.857143,1
18.980000,0.000000,0.233157,-0.233157,0.857143,1
18.982500,0.000000,0.149610,-0.149610,0.698413,1
18.985001,0.000000,0.111601,-0.111601,0.698413,1
18.987499,0.000000,-0.057264,0.057264,0.698413,1
18.990000,0.000000,-0.217049,0.217049,0.698413,1
18.992500,0.000000,-0.289323,0.289323,0.698413,1
18.995001,0.000000,-0.304717,0.304717,0.698413,1
18.997499,0.000000,-0.293996,0.293996,0.698413,1
19.000000,0.000000,-0.196154,0.196154,0.634921,1
19.002501,0.000000,-0.154693,0.154693,0.634921,1
19.004999,0.000000,-0.114787,0.114787,0.634921,1
19.007500,0.000000,-0.110451,0.110451,0.634921,1
19.010000,0.000000,-0.050911,0.050911,0.634921,1
19.012501,0.000000,0.058906,-0.058906,0.634921,1
19.014999,0.000000,0.150270,-0.150270,0.634921,1
19.017500,0.000000,0.187513,-0.187513,0.634921,1
19.020000,0.000000,0.209521,-0.209521,0.634921,1
19.022499,0.000000,0.240608,-0.240608,0.634921,1
19.025000,0.000000,0.182766,-0.182766,0.634921,1
19.027500,0.000000,0.179156,-0.179156,0.634921,1
19.030001,0.000000,0.059872,-0.059872,0.634921,1
19.032499,0.000000,-0.014800,0.014800,0.634921,1
19.035000,0.000000,-0.091865,0.091865,0.634921,1
19.037500,0.000000,-0.075305,0.075305,0.634921,1
19.040001,0.000000,-0.123520,0.123520,0.666667,1
19.042500,0.000000,-0.108133,0.108133,0.666667,1
19.045000,0.000000,-0.147419,0.147419,0.666667,1
19.047501,0.000000,-0.046839,0.046839,0.666667,1
19.049999,0.000000,0.088298,-0.088298,0.666667,1
19.052500,0.000000,0.196384,-0.196384,0.666667,1
19.055000,0.000000,0.280340,-0.280340,0.666667,1
19.057501,0.000000,0.339648,-0.339648,0.666667,1
19.059999,0.000000,0.362698,-0.362698,0.666667,1
19.062500,0.000000,0.353505,-0.353505,0.666667,1
19.065001,0.000000,0.324861,-0.324861,0.666667,1
19.067499,0.000000,0.214911,-0.214911,0.666667,1
19.070000,0.000000,0.126309,-0.126309,0.666667,1
19.072500,0.000000,0.059815,-0.059815,0.666667,1
19.075001,0.000000,-0.009307,0.009307,0.666667,1
19.077499,0.000000,-0.114691,0.114691,0.666667,1
19.080000,0.000000,-0.172572,0.172572,0.666667,1
19.082500,0.000000,-0.123879,0.123879,0.603175,1
19.084999,0.000000,-0.015531,0.015531,0.603175,1
19.087500,0.000000,0.056393,-0.056393,0.603175,1
19.090000,0.000000,0.280184,-0.280184,0.603175,1
19.092501,0.000000,0.290361,-0.290361,0.603175,1
19.094999,0.000000,0.357079,-0.357079,0.603175,1
19.097500,0.000000,0.441939,-0.441939,0.603175,1
19.100000,0.000000,0.486158,-0.486158,0.539683,1
19.102501,0.000000,0.472731,-0.472731,0.539683,1
19.105000,0.000000,0.457385,-0.457385,0.539683,1
19.107500,0.000000,0.366268,-0.366268,0.539683,1
19.110001,0.000000,0.365674,-0.365674,0.539683,1
19.112499,0.000000,0.349485,-0.349485,0.539683,1
19.115000,0.000000,0.229381,-0.229381,0.539683,1
19.117500,0.000000,0.207608,-0.207608,0.539683,1
19.120001,0.000000,0.111291,-0.111291,0.539683,1
19.122499,0.000000,0.223795,-0.223795,0.539683,1
19.125000,0.000000,0.284078,-0.284078,0.539683,1
19.127501,0.000000,0.422556,-0.422556,0.539683,1
19.129999,0.000000,0.479193,-0.479193,0.539683,1
19.132500,0.000000,0.429273,-0.429273,0.539683,1
19.135000,0.000000,0.616225,-0.616225,0.539683,1
19.137501,0.000000,0.629468,-0.629468,0.539683,1
19.139999,0.000000,0.555717,-0.555717,0.603175,1
19.142500,0.000000,0.566535,-0.566535,0.603175,1
19.145000,0.000000,0.599066,-0.599066,0.603175,1
19.147499,0.000000,0.499943,-0.499943,0.603175,1
19.150000,0.000000,0.404046,-0.404046,0.603175,1
19.152500,0.000000,0.334392,-0.334392,0.603175,1
19.155001,0.000000,0.213501,-0.213501,0.603175,1
19.157499,0.000000,0.142202,-0.142202,0.603175,1
19.160000,0.000000,0.228988,-0.228988,0.603175,1
19.162500,0.000000,0.240732,-0.240732,0.666667,1
19.165001,0.000000,0.240360,-0.240360,0.666667,1
19.167500,0.000000,0.273136,-0.273136,0.666667,1
19.170000,0.000000,0.383322,-0.383322,0.666667,1
19.172501,0.000000,0.338015,-0.338015,0.666667,1
19.174999,0.000000,0.387085,-0.387085,0.666667,1
19.177500,0.000000,0.519317,-0.519317,0.666667,1
19.180000,0.000000,0.597006,-0.597006,0.698413,1
19.182501,0.000000,0.578725,-0.578725,0.698413,1
19.184999,0.000000,0.574363,-0.574363,0.698413,1
19.187500,0.000000,0.555223,-0.555223,0.698413,1
19.190001,0.000000,0.463823,-0.463823,0.698413,1
19.192499,0.000000,0.430168,-0.430168,0.698413,1
19.195000,0.000000,0.453195,-0.453195,0.698413,1
19.197500,0.000000,0.351926,-0.351926,0.698413,1
19.200001,0.000000,0.368881,-0.368881,0.634921,1
19.202499,0.000000,0.402056,-0.402056,0.634921,1
19.205000,0.000000,0.444353,-0.444353,0.634921,1
19.207500,0.000000,0.496336,-0.496336,0.634921,1
19.209999,0.000000,0.563144,-0.563144,0.634921,1
19.212500,0.000000,0.626257,-0.626257,0.634921,1
19.215000,0.000000,0.712628,-0.712628,0.634921,1
19.217501,0.000000,0.739098,-0.739098,0.634921,1
19.219999,0.000000,0.703026,-0.703026,0.634921,1
19.222500,0.000000,0.597563,-0.597563,0.571429,1
19.225000,0.000000,0.491536,-0.491536,0.571429,1
19.227501,0.000000,0.413853,-0.413853,0.571429,1
19.230000,0.000000,0.279697,-0.279697,0.571429,1
19.232500,0.000000,0.248734,-0.248734,0.571429,1
19.235001,0.000000,0.207490,-0.207490,0.571429,1
19.237499,0.000000,0.232625,-0.232625,0.571429,1
19.240000,0.000000,0.190330,-0.190330,0.603175,1
19.242500,0.000000,0.167992,-0.167992,0.603175,1
19.245001,0.000000,0.274113,-0.274113,0.603175,1
19.247499,0.000000,0.339462,-0.339462,0.603175,1
19.250000,0.000000,0.390541,-0.390541,0.603175,1
19.252501,0.000000,0.481406,-0.481406,0.603175,1
19.254999,0.000000,0.550808,-0.550808,0.603175,1
19.257500,0.000000,0.492822,-0.492822,0.603175,1
19.260000,0.000000,0.542877,-0.542877,0.666667,1
19.262501,0.000000,0.478194,-0.478194,0.666667,1
19.264999,0.000000,0.495764,-0.495764,0.666667,1
19.267500,0.000000,0.350228,-0.350228,0.666667,1
19.270000,0.000000,0.284663,-0.284663,0.666667,1
19.272499,0.000000,0.201916,-0.201916,0.666667,1
19.275000,0.000000,0.049283,-0.049283,0.666667,1
19.277500,0.000000,0.053312,-0.053312,0.666667,1
19.280001,0.000000,-0.035898,0.035898,0.730159,1
19.282499,0.000000,-0.023346,0.023346,0.730159,1
19.285000,0.000000,0.073842,-0.073842,0.730159,1
19.287500,0.000000,0.107149,-0.107149,0.730159,1
19.290001,0.000000,0.127204,-0.127204,0.730159,1
19.292500,0.000000,0.220531,-0.220531,0.730159,1
19.295000,0.000000,0.248118,-0.248118,0.730159,1
19.297501,0.000000,0.246290,-0.246290,0.730159,1
19.299999,0.000000,0.301727,-0.301727,0.666667,1
19.302500,0.000000,0.204972,-0.204972,0.666667,1
19.305000,0.000000,0.124210,-0.124210,0.666667,1
19.307501,0.000000,0.097644,-0.097644,0.666667,1
19.309999,0.000000,-0.038957,0.038957,0.666667,1
19.312500,0.000000,-0.013992,0.013992,0.666667,1
19.315001,0.000000,-0.074690,0.074690,0.666667,1
19.317499,0.000000,-0.055274,0.055274,0.666667,1
19.320000,0.000000,-0.011209,0.011209,0.698413,1
19.322500,0.000000,0.007997,-0.007997,0.698413,1
19.325001,0.000000,0.032965,-0.032965,0.698413,1
19.327499,0.000000,0.093118,-0.093118,0.698413,1
19.330000,0.000000,0.193173,-0.193173,0.698413,1
19.332500,0.000000,0.202091,-0.202091,0.698413,1
19.334999,0.000000,0.185258,-0.185258,0.698413,1
19.337500,0.000000,0.277448,-0.277448,0.698413,1
19.340000,0.000000,0.232107,-0.232107,0.698413,1
19.342501,0.000000,0.214991,-0.214991,0.698413,1
19.344999,0.000000,0.148957,-0.148957,0.698413,1
19.347500,0.000000,0.072370,-0.072370,0.698413,1
19.350000,0.000000,0.070662,-0.070662,0.698413,1
19.352501,0.000000,0.000250,-0.000250,0.698413,1
19.355000,0.000000,-0.066056,0.066056,0.698413,1
19.357500,0.000000,-0.103413,0.103413,0.698413,1
19.360001,0.000000,-0.125297,0.125297,0.666667,1
19.362499,0.000000,-0.127345,0.127345,0.666667,1
19.365000,0.000000,-0.097365,0.097365,0.666667,1
19.367500,0.000000,0.056751,-0.056751,0.666667,1
19.370001,0.000000,0.162448,-0.162448,0.666667,1
19.372499,0.000000,0.205318,-0.205318,0.666667,1
19.375000,0.000000,0.298262,-0.298262,0.666667,1
19.377501,0.000000,0.234690,-0.234690,0.666667,1
19.379999,0.000000,0.293493,-0.293493,0.698413,1
19.382500,0.000000,0.320075,-0.320075,0.698413,1
19.385000,0.000000,0.369245,-0.369245,0.698413,1
19.387501,0.000000,0.342154,-0.342154,0.698413,1
19.389999,0.000000,0.282735,-0.282735,0.698413,1
19.392500,0.000000,0.272231,-0.272231,0.698413,1
19.395000,0.000000,0.183493,-0.183493,0.698413,1
19.397499,0.000000,0.131425,-0.131425,0.698413,1
19.400000,0.000000,0.123747,-0.123747,0.698413,1
19.402500,0.000000,0.212822,-0.212822,0.698413,1
19.405001,0.000000,0.212510,-0.212510,0.698413,1
19.407499,0.000000,0.222011,-0.222011,0.698413,1
19.410000,0.000000,0.295101,-0.295101,0.698413,1
19.412500,0.000000,0.383960,-0.383960,0.698413,1
19.415001,0.000000,0.385205,-0.385205,0.698413,1
19.417500,0.000000,0.431205,-0.431205,0.698413,1
19.420000,0.000000,0.483305,-0.483305,0.698413,1
19.422501,0.000000,0.500158,-0.500158,0.634921,1
19.424999,0.000000,0.447196,-0.447196,0.634921,1
19.427500,0.000000,0.356700,-0.356700,0.634921,1
19.430000,0.000000,0.360347,-0.360347,0.634921,1
19.432501,0.000000,0.279038,-0.279038,0.634921,1
19.434999,0.000000,0.265549,-0.265549,0.634921,1
19.437500,0.000000,0.329968,-0.329968,0.634921,1
19.440001,0.000000,0.362827,-0.362827,0.603175,1
19.442499,0.000000,0.324055,-0.324055,0.603175,1
19.445000,0.000000,0.298649,-0.298649,0.603175,1
19.447500,0.000000,0.341827,-0.341827,0.603175,1
19.450001,0.000000,0.443441,-0.443441,0.603175,1
19.452499,0.000000,0.520895,-0.520895,0.603175,1
19.455000,0.000000,0.673498,-0.673498,0.603175,1
19.457500,0.000000,0.700325,-0.700325,0.603175,1
19.459999,0.000000,0.658102,-0.658102,0.634921,1
19.462500,0.000000,0.548286,-0.548286,0.634921,1
19.465000,0.000000,0.537652,-0.537652,0.634921,1
19.467501,0.000000,0.450804,-0.450804,0.634921,1
19.469999,0.000000,0.284645,-0.284645,0.634921,1
19.472500,0.000000,0.208448,-0.208448,0.634921,1
19.475000,0.000000,0.098535,-0.098535,0.634921,1
19.477501,0.000000,0.045382,-0.045382,0.634921,1
19.480000,0.000000,0.043996,-0.043996,0.603175,1
19.482500,0.000000,0.022892,-0.022892,0.603175,1
19.485001,0.000000,0.049357,-0.049357,0.603175,1
19.487499,0.000000,0.077457,-0.077457,0.603175,1
19.490000,0.000000,0.111617,-0.111617,0.603175,1
19.492500,0.000000,0.123287,-0.123287,0.603175,1
19.495001,0.000000,0.146112,-0.146112,0.603175,1
19.497499,0.000000,0.121891,-0.121891,0.603175,1
19.500000,0.000000,0.147293,-0.147293,0.634921,1
19.502501,0.000000,0.124712,-0.124712,0.634921,1
19.504999,0.000000,0.130126,-0.130126,0.634921,1
19.507500,0.000000,0.154950,-0.154950,0.634921,1
19.510000,0.000000,0.111882,-0.111882,0.634921,1
19.512501,0.000000,0.064233,-0.064233,0.634921,1
19.514999,0.000000,0.048696,-0.048696,0.634921,1
19.517500,0.000000,0.043141,-0.043141,0.634921,1
19.520000,0.000000,0.044068,-0.044068,0.698413,1
19.522499,0.000000,0.066752,-0.066752,0.698413,1
19.525000,0.000000,0.063493,-0.063493,0.698413,1
19.527500,0.000000,0.163157,-0.163157,0.698413,1
19.530001,0.000000,0.223445,-0.223445,0.698413,1
19.532499,0.000000,0.347297,-0.347297,0.698413,1
19.535000,0.000000,0.427054,-0.427054,0.698413,1
19.537500,0.000000,0.408543,-0.408543,0.698413,1
19.540001,0.000000,0.454474,-0.454474,0.698413,1
19.542500,0.000000,0.296113,-0.296113,0.730159,1
19.545000,0.000000,0.329553,-0.329553,0.730159,1
19.547501,0.000000,0.195691,-0.195691,0.730159,1
19.549999,0.000000,0.146386,-0.146386,0.730159,1
19.552500,0.000000,0.100464,-0.100464,0.730159,1
19.555000,0.000000,0.102931,-0.102931,0.730159,1
19.557501,0.000000,0.058696,-0.058696,0.730159,1
19.559999,0.000000,-0.028080,0.028080,0.888889,1
19.562500,0.000000,-0.018742,0.018742,0.888889,1
19.565001,0.000000,0.013181,-0.013181,0.888889,1
19.567499,0.000000,-0.017228,0.017228,0.888889,1
19.570000,0.000000,0.042623,-0.042623,0.888889,1
19.572500,0.000000,0.050823,-0.050823,0.888889,1
19.575001,0.000000,0.117092,-0.117092,0.888889,1
19.577499,0.000000,0.125854,-0.125854,0.888889,1
19.580000,0.000000,0.198898,-0.198898,0.952381,1
19.582500,0.000000,0.162089,-0.162089,0.952381,1
19.584999,0.000000,0.135095,-0.135095,0.952381,1
19.587500,0.000000,0.071050,-0.071050,0.952381,1
19.590000,0.000000,-0.051969,0.051969,0.952381,1
19.592501,0.000000,-0.110979,0.110979,0.952381,1
19.594999,0.000000,-0.117735,0.117735,0.952381,1
19.597500,0.000000,-0.111924,0.111924,0.952381,1
19.600000,0.000000,-0.121135,0.121135,0.888889,1
19.602501,0.000000,-0.156899,0.156899,0.888889,1
19.605000,0.000000,-0.081127,0.081127,0.888889,1
19.607500,0.000000,-0.004027,0.004027,0.888889,1
19.610001,0.000000,0.093839,-0.093839,0.888889,1
19.612499,0.000000,0.135723,-0.135723,0.888889,1
19.615000,0.000000,0.101849,-0.101849,0.888889,1
19.617500,0.000000,0.145438,-0.145438,0.888889,1
19.620001,0.000000,0.140713,-0.140713,0.920635,1
19.622499,0.000000,0.172464,-0.172464,0.920635,1
19.625000,0.000000,0.126158,-0.126158,0.920635,1
19.627501,0.000000,0.065005,-0.065005,0.920635,1
19.629999,0.000000,0.020681,-0.020681,0.920635,1
19.632500,0.000000,-0.060962,0.060962,0.920635,1
19.635000,0.000000,-0.129249,0.129249,0.920635,1
19.637501,0.000000,-0.152627,0.152627,0.920635,1
19.639999,0.000000,-0.187349,0.187349,0.920635,1
19.642500,0.000000,-0.168327,0.168327,0.920635,1
19.645000,0.000000,-0.037313,0.037313,0.920635,1
19.647499,0.000000,0.064552,-0.064552,0.920635,1
19.650000,0.000000,0.136515,-0.136515,0.920635,1
19.652500,0.000000,0.255162,-0.255162,0.920635,1
19.655001,0.000000,0.254933,-0.254933,0.920635,1
19.657499,0.000000,0.377639,-0.377639,0.920635,1
19.660000,0.000000,0.343190,-0.343190,0.825397,1
19.662500,0.000000,0.400827,-0.400827,0.825397,1
19.665001,0.000000,0.434584,-0.434584,0.825397,1
19.667500,0.000000,0.276140,-0.276140,0.825397,1
19.670000,0.000000,0.269452,-0.269452,0.825397,1
19.672501,0.000000,0.185938,-0.185938,0.825397,1
19.674999,0.000000,0.106376,-0.106376,0.825397,1
19.677500,0.000000,0.102086,-0.102086,0.825397,1
19.680000,0.000000,0.051665,-0.051665,0.825397,1
19.682501,0.000000,0.097089,-0.097089,0.857143,1
19.684999,0.000000,0.096663,-0.096663,0.857143,1
19.687500,0.000000,0.160501,-0.160501,0.857143,1
19.690001,0.000000,0.279383,-0.279383,0.857143,1
19.692499,0.000000,0.346817,-0.346817,0.857143,1
19.695000,0.000000,0.364624,-0.364624,0.857143,1
19.697500,0.000000,0.401802,-0.401802,0.857143,1
19.700001,0.000000,0.317483,-0.317483,0.761905,1
19.702499,0.000000,0.237728,-0.237728,0.761905,1
19.705000,0.000000,0.158533,-0.158533,0.761905,1
19.707500,0.000000,0.127321,-0.127321,0.761905,1
19.709999,0.000000,0.073209,-0.073209,0.761905,1
19.712500,0.000000,0.032763,-0.032763,0.761905,1
19.715000,0.000000,-0.018731,0.018731,0.761905,1
19.717501,0.000000,-0.083093,0.083093,0.761905,1
19.719999,0.000000,0.004916,-0.004916,0.634921,1
19.722500,0.000000,-0.004123,0.004123,0.634921,1
19.725000,0.000000,0.075618,-0.075618,0.634921,1
19.727501,0.000000,0.139192,-0.139192,0.634921,1
19.730000,0.000000,0.243249,-0.243249,0.634921,1
19.732500,0.000000,0.272389,-0.272389,0.634921,1
19.735001,0.000000,0.374308,-0.374308,0.634921,1
19.737499,0.000000,0.464545,-0.464545,0.634921,1
19.740000,0.000000,0.500529,-0.500529,0.634921,1
19.742500,0.000000,0.460657,-0.460657,0.634921,1
19.745001,0.000000,0.365826,-0.365826,0.634921,1
19.747499,0.000000,0.433273,-0.433273,0.634921,1
19.750000,0.000000,0.288211,-0.288211,0.634921,1
19.752501,0.000000,0.254665,-0.254665,0.634921,1
19.754999,0.000000,0.209617,-0.209617,0.634921,1
19.757500,0.000000,0.169743,-0.169743,0.634921,1
19.760000,0.000000,0.173189,-0.173189,0.634921,1
19.762501,0.000000,0.168361,-0.168361,0.634921,1
19.764999,0.000000,0.237242,-0.237242,0.634921,1
19.767500,0.000000,0.313746,-0.313746,0.634921,1
19.770000,0.000000,0.516769,-0.516769,0.634921,1
19.772499,0.000000,0.622137,-0.622137,0.634921,1
19.775000,0.000000,0.678397,-0.678397,0.634921,1
19.777500,0.000000,0.711658,-0.711658,0.634921,1
19.780001,0.000000,0.781332,-0.781332,0.634921,1
19.782499,0.000000,0.658520,-0.658520,0.539683,1
19.785000,0.000000,0.561051,-0.561051,0.539683,1
19.787500,0.000000,0.348792,-0.348792,0.539683,1
19.790001,0.000000,0.284344,-0.284344,0.539683,1
19.792500,0.000000,0.245969,-0.245969,0.539683,1
19.795000,0.000000,0.120290,-0.120290,0.539683,1
19.797501,0.000000,0.166949,-0.166949,0.539683,1
19.799999,0.000000,0.118856,-0.118856,0.539683,1
19.802500,0.000000,0.125422,-0.125422,0.539683,1
19.805000,0.000000,0.184254,-0.184254,0.539683,1
19.807501,0.000000,0.341881,-0.341881,0.539683,1
19.809999,0.000000,0.359711,-0.359711,0.539683,1
19.812500,0.000000,0.435733,-0.435733,0.539683,1
19.815001,0.000000,0.518531,-0.518531,0.539683,1
19.817499,0.000000,0.560381,-0.560381,0.539683,1
19.820000,0.000000,0.572138,-0.572138,0.539683,1
19.822500,0.000000,0.561800,-0.561800,0.539683,1
19.825001,0.000000,0.452481,-0.452481,0.539683,1
19.827499,0.000000,0.455907,-0.455907,0.539683,1
19.830000,0.000000,0.352748,-0.352748,0.539683,1
19.832500,0.000000,0.252403,-0.252403,0.539683,1
19.834999,0.000000,0.261821,-0.261821,0.539683,1
19.837500,0.000000,0.186357,-0.186357,0.539683,1
19.840000,0.000000,0.196353,-0.196353,0.571429,1
19.842501,0.000000,0.179347,-0.179347,0.571429,1
19.844999,0.000000,0.359480,-0.359480,0.571429,1
19.847500,0.000000,0.538054,-0.538054,0.571429,1
19.850000,0.000000,0.587149,-0.587149,0.571429,1
19.852501,0.000000,0.662211,-0.662211,0.571429,1
19.855000,0.000000,0.690784,-0.690784,0.571429,1
19.857500,0.000000,0.675033,-0.675033,0.571429,1
19.860001,0.000000,0.656811,-0.656811,0.603175,1
19.862499,0.000000,0.603410,-0.603410,0.603175,1
19.865000,0.000000,0.452698,-0.452698,0.603175,1
19.867500,0.000000,0.382850,-0.382850,0.603175,1
19.870001,0.000000,0.294241,-0.294241,0.603175,1
19.872499,0.000000,0.232466,-0.232466,0.603175,1
19.875000,0.000000,0.168577,-0.168577,0.603175,1
19.877501,0.000000,0.116000,-0.116000,0.603175,1
19.879999,0.000000,0.156888,-0.156888,0.603175,1
19.882500,0.000000,0.206622,-0.206622,0.603175,1
19.885000,0.000000,0.322888,-0.322888,0.603175,1
19.887501,0.000000,0.404247,-0.404247,0.603175,1
19.889999,0.000000,0.452430,-0.452430,0.603175,1
19.892500,0.000000,0.535501,-0.535501,0.603175,1
19.895000,0.000000,0.465027,-0.465027,0.603175,1
19.897499,0.000000,0.585188,-0.585188,0.603175,1
19.900000,0.000000,0.578252,-0.578252,0.634921,1
19.902500,0.000000,0.639791,-0.639791,0.634921,1
19.905001,0.000000,0.523821,-0.523821,0.634921,1
19.907499,0.000000,0.383985,-0.383985,0.634921,1
19.910000,0.000000,0.317830,-0.317830,0.634921,1
19.912500,0.000000,0.259161,-0.259161,0.634921,1
19.915001,0.000000,0.216683,-0.216683,0.634921,1
19.917500,0.000000,0.191082,-0.191082,0.634921,1
19.920000,0.000000,0.147123,-0.147123,0.539683,1
19.922501,0.000000,0.086978,-0.086978,0.539683,1
19.924999,0.000000,0.156834,-0.156834,0.539683,1
19.927500,0.000000,0.151879,-0.151879,0.539683,1
19.930000,0.000000,0.147890,-0.147890,0.539683,1
19.932501,0.000000,0.194440,-0.194440,0.539683,1
19.934999,0.000000,0.267545,-0.267545,0.539683,1
19.937500,0.000000,0.399507,-0.399507,0.539683,1
19.940001,0.000000,0.438720,-0.438720,0.539683,1
19.942499,0.000000,0.469911,-0.469911,0.571429,1
19.945000,0.000000,0.433533,-0.433533,0.571429,1
19.947500,0.000000,0.366734,-0.366734,0.571429,1
19.950001,0.000000,0.411339,-0.411339,0.571429,1
19.952499,0.000000,0.254839,-0.254839,0.571429,1
19.955000,0.000000,0.169452,-0.169452,0.571429,1
19.957500,0.000000,0.116073,-0.116073,0.571429,1
19.959999,0.000000,0.159552,-0.159552,0.571429,1
19.962500,0.000000,0.130064,-0.130064,0.571429,1
19.965000,0.000000,0.219608,-0.219608,0.571429,1
19.967501,0.000000,0.312334,-0.312334,0.571429,1
19.969999,0.000000,0.419828,-0.419828,0.571429,1
19.972500,0.000000,0.516509,-0.516509,0.571429,1
19.975000,0.000000,0.632905,-0.632905,0.571429,1
19.977501,0.000000,0.635286,-0.635286,0.571429,1
19.980000,0.000000,0.639260,-0.639260,0.634921,1
19.982500,0.000000,0.554086,-0.554086,0.634921,1
19.985001,0.000000,0.437722,-0.437722,0.634921,1
19.987499,0.000000,0.445086,-0.445086,0.634921,1
19.990000,0.000000,0.318983,-0.318983,0.634921,1
19.992500,0.000000,0.274677,-0.274677,0.634921,1
19.995001,0.000000,0.241623,-0.241623,0.634921,1
19.997499,0.000000,0.264741,-0.264741,0.634921,1
20.000000,0.000000,0.234289,-0.234289,0.571429,1
20.002501,0.000000,0.236121,-0.236121,0.571429,0
20.004999,0.000000,0.226327,-0.226327,0.571429,0
20.007500,0.000000,0.210336,-0.210336,0.571429,0
20.010000,0.000000,0.199215,-0.199215,0.571429,0
20.012501,0.000000,0.204149,-0.204149,0.571429,0
20.014999,0.000000,0.205187,-0.205187,0.571429,0
20.017500,0.000000,0.195784,-0.195784,0.571429,0
20.020000,0.000000,0.177070,-0.177070,0.666667,0
20.022499,0.000000,0.159673,-0.159673,0.666667,0
20.025000,0.000000,0.162332,-0.162332,0.666667,0
20.027500,0.000000,0.143073,-0.143073,0.666667,0
20.030001,0.000000,0.136919,-0.136919,0.666667,0
20.032499,0.000000,0.161231,-0.161231,0.666667,0
20.035000,0.000000,0.160685,-0.160685,0.666667,0
20.037500,0.000000,0.163230,-0.163230,0.666667,0
20.040001,0.000000,0.146712,-0.146712,0.698413,0
20.042500,0.000000,0.128941,-0.128941,0.698413,0
20.045000,0.000000,0.133031,-0.133031,0.698413,0
20.047501,0.000000,0.125600,-0.125600,0.698413,0
20.049999,0.000000,0.133829,-0.133829,0.698413,0
20.052500,0.000000,0.130853,-0.130853,0.698413,0
20.055000,0.000000,0.164324,-0.164324,0.698413,0
20.057501,0.000000,0.153736,-0.153736,0.698413,0
20.059999,0.000000,0.152805,-0.152805,0.793651,0
20.062500,0.000000,0.140490,-0.140490,0.793651,0
20.065001,0.000000,0.147154,-0.147154,0.793651,0
20.067499,0.000000,0.147886,-0.147886,0.793651,0
20.070000,0.000000,0.134896,-0.134896,0.793651,0
20.072500,0.000000,0.128577,-0.128577,0.793651,0
20.075001,0.000000,0.139071,-0.139071,0.793651,0
20.077499,0.000000,0.148087,-0.148087,0.793651,0
20.080000,0.000000,0.132543,-0.132543,0.920635,0
20.082500,0.000000,0.125651,-0.125651,0.920635,0
20.084999,0.000000,0.139115,-0.139115,0.920635,0
20.087500,0.000000,0.134609,-0.134609,0.920635,0
20.090000,0.000000,0.133337,-0.133337,0.920635,0
20.092501,0.000000,0.139674,-0.139674,0.920635,0
20.094999,0.000000,0.124561,-0.124561,0.920635,0
20.097500,0.000000,0.113372,-0.113372,0.920635,0
20.100000,0.000000,0.108639,-0.108639,1.047619,0
20.102501,0.000000,0.116507,-0.116507,1.047619,0
20.105000,0.000000,0.122699,-0.122699,1.047619,0
20.107500,0.000000,0.126279,-0.126279,1.047619,0
20.110001,0.000000,0.122621,-0.122621,1.047619,0
20.112499,0.000000,0.129684,-0.129684,1.047619,0
20.115000,0.000000,0.125781,-0.125781,1.047619,0
20.117500,0.000000,0.128156,-0.128156,1.047619,0
20.120001,0.000000,0.133188,-0.133188,1.079365,0
20.122499,0.000000,0.144655,-0.144655,1.079365,0
20.125000,0.000000,0.141189,-0.141189,1.079365,0
20.127501,0.000000,0.135223,-0.135223,1.079365,0
20.129999,0.000000,0.143398,-0.143398,1.079365,0
20.132500,0.000000,0.152038,-0.152038,1.079365,0
20.135000,0.000000,0.144167,-0.144167,1.079365,0
20.137501,0.000000,0.131680,-0.131680,1.079365,0
20.139999,0.000000,0.139224,-0.139224,1.111111,0
20.142500,0.000000,0.122595,-0.122595,1.111111,0
20.145000,0.000000,0.105918,-0.105918,1.111111,0
20.147499,0.000000,0.101666,-0.101666,1.111111,0
20.150000,0.000000,0.099809,-0.099809,1.111111,0
20.152500,0.000000,0.088112,-0.088112,1.111111,0
20.155001,0.000000,0.087628,-0.087628,1.111111,0
20.157499,0.000000,0.087537,-0.087537,1.111111,0
20.160000,0.000000,0.081045,-0.081045,1.111111,0
20.162500,0.000000,0.096319,-0.096319,1.111111,0
20.165001,0.000000,0.097397,-0.097397,1.111111,0
20.167500,0.000000,0.104481,-0.104481,1.111111,0
20.170000,0.000000,0.089025,-0.089025,1.111111,0
20.172501,0.000000,0.073887,-0.073887,1.111111,0
20.174999,0.000000,0.075853,-0.075853,1.111111,0
20.177500,0.000000,0.089902,-0.089902,1.111111,0
20.180000,0.000000,0.078625,-0.078625,1.111111,0
20.182501,0.000000,0.077707,-0.077707,1.111111,0
20.184999,0.000000,0.064765,-0.064765,1.111111,0
20.187500,0.000000,0.056684,-0.056684,1.111111,0
20.190001,0.000000,0.056805,-0.056805,1.111111,0
20.192499,0.000000,0.050907,-0.050907,1.111111,0
20.195000,0.000000,0.038026,-0.038026,1.111111,0
20.197500,0.000000,0.025292,-0.025292,1.111111,0
20.200001,0.000000,0.008417,-0.008417,1.142857,0
20.202499,0.000000,0.012285,-0.012285,1.142857,0
20.205000,0.000000,0.017097,-0.017097,1.142857,0
20.207500,0.000000,0.021741,-0.021741,1.142857,0
20.209999,0.000000,0.013295,-0.013295,1.142857,0
20.212500,0.000000,0.021630,-0.021630,1.142857,0
20.215000,0.000000,0.027157,-0.027157,1.142857,0
20.217501,0.000000,0.026476,-0.026476,1.142857,0
20.219999,0.000000,0.024280,-0.024280,1.079365,0
20.222500,0.000000,0.017654,-0.017654,1.079365,0
20.225000,0.000000,0.018898,-0.018898,1.079365,0
20.227501,0.000000,0.033106,-0.033106,1.079365,0
20.230000,0.000000,0.042528,-0.042528,1.079365,0
20.232500,0.000000,0.038966,-0.038966,1.079365,0
20.235001,0.000000,0.042752,-0.042752,1.079365,0
20.237499,0.000000,0.031483,-0.031483,1.079365,0
20.240000,0.000000,0.037227,-0.037227,1.079365,0
20.242500,0.000000,0.028587,-0.028587,1.079365,0
20.245001,0.000000,0.034050,-0.034050,1.079365,0
20.247499,0.000000,0.060102,-0.060102,1.079365,0
20.250000,0.000000,0.053183,-0.053183,1.079365,0
20.252501,0.000000,0.078254,-0.078254,1.079365,0
20.254999,0.000000,0.080467,-0.080467,1.079365,0
20.257500,0.000000,0.071331,-0.071331,1.079365,0
20.260000,0.000000,0.062504,-0.062504,1.142857,0
20.262501,0.000000,0.081264,-0.081264,1.142857,0
20.264999,0.000000,0.083310,-0.083310,1.142857,0
20.267500,0.000000,0.076112,-0.076112,1.142857,0
20.270000,0.000000,0.072255,-0.072255,1.142857,0
20.272499,0.000000,0.074013,-0.074013,1.142857,0
20.275000,0.000000,0.071901,-0.071901,1.142857,0
20.277500,0.000000,0.072933,-0.072933,1.142857,0
20.280001,0.000000,0.086383,-0.086383,1.142857,0
20.282499,0.000000,0.074160,-0.074160,1.142857,0
20.285000,0.000000,0.077740,-0.077740,1.142857,0
20.287500,0.000000,0.074956,-0.074956,1.142857,0
20.290001,0.000000,0.068520,-0.068520,1.142857,0
20.292500,0.000000,0.076004,-0.076004,1.142857,0
20.295000,0.000000,0.061108,-0.061108,1.142857,0
20.297501,0.000000,0.038690,-0.038690,1.142857,0
20.299999,0.000000,0.039585,-0.039585,1.142857,0
20.302500,0.000000,0.037332,-0.037332,1.174603,0
20.305000,0.000000,0.024734,-0.024734,1.174603,0
20.307501,0.000000,0.009398,-0.009398,1.174603,0
20.309999,0.000000,0.025712,-0.025712,1.174603,0
20.312500,0.000000,0.028991,-0.028991,1.174603,0
20.315001,0.000000,0.028372,-0.028372,1.174603,0
20.317499,0.000000,0.046492,-0.046492,1.174603,0
20.320000,0.000000,0.054412,-0.054412,1.111111,0
20.322500,0.000000,0.068861,-0.068861,1.111111,0
20.325001,0.000000,0.056224,-0.056224,1.111111,0
20.327499,0.000000,0.043616,-0.043616,1.111111,0
20.330000,0.000000,0.047944,-0.047944,1.111111,0
20.332500,0.000000,0.050317,-0.050317,1.111111,0
20.334999,0.000000,0.060158,-0.060158,1.111111,0
20.337500,0.000000,0.043732,-0.043732,1.111111,0
20.340000,0.000000,0.048963,-0.048963,1.079365,0
20.342501,0.000000,0.056674,-0.056674,1.079365,0
20.344999,0.000000,0.063663,-0.063663,1.079365,0
20.347500,0.000000,0.058055,-0.058055,1.079365,0
20.350000,0.000000,0.061142,-0.061142,1.079365,0
20.352501,0.000000,0.052221,-0.052221,1.079365,0
20.355000,0.000000,0.048006,-0.048006,1.079365,0
20.357500,0.000000,0.037024,-0.037024,1.079365,0
20.360001,0.000000,0.028979,-0.028979,1.079365,0
20.362499,0.000000,0.025926,-0.025926,1.079365,0
20.365000,0.000000,0.020670,-0.020670,1.079365,0
20.367500,0.000000,0.013115,-0.013115,1.079365,0
20.370001,0.000000,0.000827,-0.000827,1.079365,0
20.372499,0.000000,0.018762,-0.018762,1.079365,0
20.375000,0.000000,0.013637,-0.013637,1.079365,0
20.377501,0.000000,0.016261,-0.016261,1.079365,0
20.379999,0.000000,-0.000738,0.000738,1.047619,0
20.382500,0.000000,0.012017,-0.012017,1.047619,0
20.385000,0.000000,0.013227,-0.013227,1.047619,0
20.387501,0.000000,0.008682,-0.008682,1.047619,0
20.389999,0.000000,0.004357,-0.004357,1.047619,0
20.392500,0.000000,0.012349,-0.012349,1.047619,0
20.395000,0.000000,-0.015575,0.015575,1.047619,0
20.397499,0.000000,-0.022801,0.022801,1.047619,0
20.400000,0.000000,-0.023238,0.023238,1.047619,0
20.402500,0.000000,-0.023770,0.023770,1.047619,0
20.405001,0.000000,0.000238,-0.000238,1.047619,0
20.407499,0.000000,-0.002908,0.002908,1.047619,0
20.410000,0.000000,0.006379,-0.006379,1.047619,0
20.412500,0.000000,0.023016,-0.023016,1.047619,0
20.415001,0.000000,0.028564,-0.028564,1.047619,0
20.417500,0.000000,0.021476,-0.021476,1.047619,0
20.420000,0.000000,0.008590,-0.008590,1.015873,0
20.422501,0.000000,0.015425,-0.015425,1.015873,0
20.424999,0.000000,0.030597,-0.030597,1.015873,0
20.427500,0.000000,0.034862,-0.034862,1.015873,0
20.430000,0.000000,0.045515,-0.045515,1.015873,0
20.432501,0.000000,0.068711,-0.068711,1.015873,0
20.434999,0.000000,0.074581,-0.074581,1.015873,0
20.437500,0.000000,0.061940,-0.061940,1.015873,0
20.440001,0.000000,0.060448,-0.060448,0.920635,0
20.442499,0.000000,0.072556,-0.072556,0.920635,0
20.445000,0.000000,0.067661,-0.067661,0.920635,0
20.447500,0.000000,0.080844,-0.080844,0.920635,0
20.450001,0.000000,0.077561,-0.077561,0.920635,0
20.452499,0.000000,0.078465,-0.078465,0.920635,0
20.455000,0.000000,0.072401,-0.072401,0.920635,0
20.457500,0.000000,0.071700,-0.071700,0.920635,0
20.459999,0.000000,0.071560,-0.071560,0.952381,0
20.462500,0.000000,0.053627,-0.053627,0.952381,0
20.465000,0.000000,0.047660,-0.047660,0.952381,0
20.467501,0.000000,0.034162,-0.034162,0.952381,0
20.469999,0.000000,0.029142,-0.029142,0.952381,0
20.472500,0.000000,0.020504,-0.020504,0.952381,0
20.475000,0.000000,0.029715,-0.029715,0.952381,0
20.477501,0.000000,0.038749,-0.038749,0.952381,0
20.480000,0.000000,0.043000,-0.043000,0.952381,0
20.482500,0.000000,0.029378,-0.029378,0.952381,0
20.485001,0.000000,0.027525,-0.027525,0.952381,0
20.487499,0.000000,0.013623,-0.013623,0.952381,0
20.490000,0.000000,0.011779,-0.011779,0.952381,0
20.492500,0.000000,0.017686,-0.017686,0.952381,0
20.495001,0.000000,0.026746,-0.026746,0.952381,0
20.497499,0.000000,0.030501,-0.030501,0.952381,0
20.500000,0.000000,0.041736,-0.041736,0.952381,0
20.502501,0.000000,0.043047,-0.043047,0.888889,0
20.504999,0.000000,0.039261,-0.039261,0.888889,0
20.507500,0.000000,0.046921,-0.046921,0.888889,0
20.510000,0.000000,0.054653,-0.054653,0.888889,0
20.512501,0.000000,0.047557,-0.047557,0.888889,0
20.514999,0.000000,0.049880,-0.049880,0.888889,0
20.517500,0.000000,0.045294,-0.045294,0.888889,0
20.520000,0.000000,0.024769,-0.024769,0.952381,0
20.522499,0.000000,0.028221,-0.028221,0.952381,0
20.525000,0.000000,0.015013,-0.015013,0.952381,0
20.527500,0.000000,0.017694,-0.017694,0.952381,0
20.530001,0.000000,0.002495,-0.002495,0.952381,0
20.532499,0.000000,-0.004456,0.004456,0.952381,0
20.535000,0.000000,-0.008465,0.008465,0.952381,0
20.537500,0.000000,0.003278,-0.003278,0.952381,0
20.540001,0.000000,-0.001774,0.001774,0.984127,0
20.542500,0.000000,-0.011719,0.011719,0.984127,0
20.545000,0.000000,-0.007982,0.007982,0.984127,0
20.547501,0.000000,-0.009769,0.009769,0.984127,0
20.549999,0.000000,-0.002108,0.002108,0.984127,0
20.552500,0.000000,-0.011490,0.011490,0.984127,0
20.555000,0.000000,-0.009181,0.009181,0.984127,0
20.557501,0.000000,0.014176,-0.014176,0.984127,0
20.559999,0.000000,0.011661,-0.011661,1.047619,0
20.562500,0.000000,0.012991,-0.012991,1.047619,0
20.565001,0.000000,-0.002140,0.002140,1.047619,0
20.567499,0.000000,-0.009678,0.009678,1.047619,0
20.570000,0.000000,-0.005302,0.005302,1.047619,0
20.572500,0.000000,-0.008101,0.008101,1.047619,0
20.575001,0.000000,-0.002371,0.002371,1.047619,0
20.577499,0.000000,0.001507,-0.001507,1.047619,0
20.580000,0.000000,-0.009766,0.009766,1.111111,0
20.582500,0.000000,-0.000825,0.000825,1.111111,0
20.584999,0.000000,-0.011451,0.011451,1.111111,0
20.587500,0.000000,-0.017711,0.017711,1.111111,0
20.590000,0.000000,-0.015252,0.015252,1.111111,0
20.592501,0.000000,-0.001314,0.001314,1.111111,0
20.594999,0.000000,-0.009959,0.009959,1.111111,0
20.597500,0.000000,-0.008407,0.008407,1.111111,0
20.600000,0.000000,-0.006822,0.006822,1.111111,0
20.602501,0.000000,-0.001337,0.001337,1.206349,0
20.605000,0.000000,0.008295,-0.008295,1.206349,0
20.607500,0.000000,0.004795,-0.004795,1.206349,0
20.610001,0.000000,0.012928,-0.012928,1.206349,0
20.612499,0.000000,0.023481,-0.023481,1.206349,0
20.615000,0.000000,0.037514,-0.037514,1.206349,0
20.617500,0.000000,0.040669,-0.040669,1.206349,0
20.620001,0.000000,0.040931,-0.040931,1.079365,0
20.622499,0.000000,0.035428,-0.035428,1.079365,0
20.625000,0.000000,0.021117,-0.021117,1.079365,0
20.627501,0.000000,0.017977,-0.017977,1.079365,0
20.629999,0.000000,0.018482,-0.018482,1.079365,0
20.632500,0.000000,0.016953,-0.016953,1.079365,0
20.635000,0.000000,0.021906,-0.021906,1.079365,0
20.637501,0.000000,0.008041,-0.008041,1.079365,0
20.639999,0.000000,0.006154,-0.006154,1.079365,0
20.642500,0.000000,0.022818,-0.022818,1.174603,0
20.645000,0.000000,0.030624,-0.030624,1.174603,0
20.647499,0.000000,0.035021,-0.035021,1.174603,0
20.650000,0.000000,0.037396,-0.037396,1.174603,0
20.652500,0.000000,0.033286,-0.033286,1.174603,0
20.655001,0.000000,0.017467,-0.017467,1.174603,0
20.657499,0.000000,0.020891,-0.020891,1.174603,0
20.660000,0.000000,-0.000055,0.000055,1.206349,0
20.662500,0.000000,-0.002770,0.002770,1.206349,0
20.665001,0.000000,-0.002727,0.002727,1.206349,0
20.667500,0.000000,-0.006400,0.006400,1.206349,0
20.670000,0.000000,0.011984,-0.011984,1.206349,0
20.672501,0.000000,0.026993,-0.026993,1.206349,0
20.674999,0.000000,0.034964,-0.034964,1.206349,0
20.677500,0.000000,0.026237,-0.026237,1.206349,0
20.680000,0.000000,0.042515,-0.042515,1.142857,0
20.682501,0.000000,0.046805,-0.046805,1.142857,0
20.684999,0.000000,0.037155,-0.037155,1.142857,0
20.687500,0.000000,0.036405,-0.036405,1.142857,0
20.690001,0.000000,0.043871,-0.043871,1.142857,0
20.692499,0.000000,0.037342,-0.037342,1.142857,0
20.695000,0.000000,0.037541,-0.037541,1.142857,0
20.697500,0.000000,0.039291,-0.039291,1.142857,0
20.700001,0.000000,0.028448,-0.028448,1.142857,0
20.702499,0.000000,0.025180,-0.025180,1.111111,0
20.705000,0.000000,0.015159,-0.015159,1.111111,0
20.707500,0.000000,0.022597,-0.022597,1.111111,0
20.709999,0.000000,0.013725,-0.013725,1.111111,0
20.712500,0.000000,0.015974,-0.015974,1.111111,0
20.715000,0.000000,0.002942,-0.002942,1.111111,0
20.717501,0.000000,-0.007390,0.007390,1.111111,0
20.719999,0.000000,-0.017858,0.017858,1.111111,0
20.722500,0.000000,-0.020019,0.020019,1.079365,0
20.725000,0.000000,-0.017763,0.017763,1.079365,0
20.727501,0.000000,-0.013871,0.013871,1.079365,0
20.730000,0.000000,-0.029835,0.029835,1.079365,0
20.732500,0.000000,-0.030521,0.030521,1.079365,0
20.735001,0.000000,-0.036550,0.036550,1.079365,0
20.737499,0.000000,-0.030566,0.030566,1.079365,0
20.740000,0.000000,-0.032139,0.032139,1.079365,0
20.742500,0.000000,-0.031931,0.031931,0.984127,0
20.745001,0.000000,-0.038337,0.038337,0.984127,0
20.747499,0.000000,-0.020031,0.020031,0.984127,0
20.750000,0.000000,-0.032099,0.032099,0.984127,0
20.752501,0.000000,-0.035040,0.035040,0.984127,0
20.754999,0.000000,-0.032891,0.032891,0.984127,0
20.757500,0.000000,-0.034338,0.034338,0.984127,0
20.760000,0.000000,-0.040757,0.040757,0.984127,0
20.762501,0.000000,-0.057206,0.057206,0.984127,0
20.764999,0.000000,-0.062188,0.062188,0.984127,0
20.767500,0.000000,-0.069616,0.069616,0.984127,0
20.770000,0.000000,-0.051151,0.051151,0.984127,0
20.772499,0.000000,-0.027599,0.027599,0.984127,0
20.775000,0.000000,-0.027246,0.027246,0.984127,0
20.777500,0.000000,-0.040006,0.040006,0.984127,0
20.780001,0.000000,-0.031651,0.031651,0.984127,0
20.782499,0.000000,-0.040154,0.040154,0.984127,0
20.785000,0.000000,-0.044225,0.044225,0.984127,0
20.787500,0.000000,-0.048934,0.048934,0.984127,0
20.790001,0.000000,-0.052260,0.052260,0.984127,0
20.792500,0.000000,-0.054081,0.054081,0.984127,0
20.795000,0.000000,-0.065050,0.065050,0.984127,0
20.797501,0.000000,-0.069811,0.069811,0.984127,0
20.799999,0.000000,-0.056812,0.056812,0.888889,0
20.802500,0.000000,-0.055286,0.055286,0.888889,0
20.805000,0.000000,-0.052163,0.052163,0.888889,0
20.807501,0.000000,-0.073610,0.073610,0.888889,0
20.809999,0.000000,-0.061398,0.061398,0.888889,0
20.812500,0.000000,-0.066467,0.066467,0.888889,0
20.815001,0.000000,-0.052738,0.052738,0.888889,0
20.817499,0.000000,-0.049443,0.049443,0.888889,0
20.820000,0.000000,-0.053244,0.053244,0.984127,0
20.822500,0.000000,-0.067394,0.067394,0.984127,0
20.825001,0.000000,-0.044996,0.044996,0.984127,0
20.827499,0.000000,-0.036123,0.036123,0.984127,0
20.830000,0.000000,-0.026947,0.026947,0.984127,0
20.832500,0.000000,-0.009063,0.009063,0.984127,0
20.834999,0.000000,-0.006688,0.006688,0.984127,0
20.837500,0.000000,0.006224,-0.006224,0.984127,0
20.840000,0.000000,0.001401,-0.001401,0.952381,0
20.842501,0.000000,0.008494,-0.008494,0.952381,0
20.844999,0.000000,0.002141,-0.002141,0.952381,0
20.847500,0.000000,-0.002794,0.002794,0.952381,0
20.850000,0.000000,-0.001772,0.001772,0.952381,0
20.852501,0.000000,-0.013958,0.013958,0.952381,0
20.855000,0.000000,-0.010351,0.010351,0.952381,0
20.857500,0.000000,-0.013046,0.013046,0.952381,0
20.860001,0.000000,-0.030786,0.030786,1.015873,0
20.862499,0.000000,-0.034074,0.034074,1.015873,0
20.865000,0.000000,-0.036242,0.036242,1.015873,0
20.867500,0.000000,-0.027391,0.027391,1.015873,0
20.870001,0.000000,-0.023986,0.023986,1.015873,0
20.872499,0.000000,-0.010019,0.010019,1.015873,0
20.875000,0.000000,-0.004955,0.004955,1.015873,0
20.877501,0.000000,-0.009900,0.009900,1.015873,0
20.879999,0.000000,-0.010163,0.010163,0.952381,0
20.882500,0.000000,-0.013235,0.013235,0.952381,0
20.885000,0.000000,-0.008087,0.008087,0.952381,0
20.887501,0.000000,-0.007258,0.007258,0.952381,0
20.889999,0.000000,-0.013134,0.013134,0.952381,0
20.892500,0.000000,-0.012648,0.012648,0.952381,0
20.895000,0.000000,-0.007791,0.007791,0.952381,0
20.897499,0.000000,-0.017300,0.017300,0.952381,0
20.900000,0.000000,-0.013701,0.013701,0.952381,0
20.902500,0.000000,-0.028556,0.028556,0.952381,0
20.905001,0.000000,-0.016991,0.016991,0.952381,0
20.907499,0.000000,-0.011376,0.011376,0.952381,0
20.910000,0.000000,0.004714,-0.004714,0.952381,0
20.912500,0.000000,-0.006215,0.006215,0.952381,0
20.915001,0.000000,0.004918,-0.004918,0.952381,0
20.917500,0.000000,0.013800,-0.013800,0.952381,0
20.920000,0.000000,0.011683,-0.011683,0.984127,0
20.922501,0.000000,0.007803,-0.007803,0.984127,0
20.924999,0.000000,-0.002611,0.002611,0.984127,0
20.927500,0.000000,-0.015168,0.015168,0.984127,0
20.930000,0.000000,-0.021774,0.021774,0.984127,0
20.932501,0.000000,-0.032927,0.032927,0.984127,0
20.934999,0.000000,-0.016948,0.016948,0.984127,0
20.937500,0.000000,-0.030569,0.030569,0.984127,0
20.940001,0.000000,-0.028259,0.028259,0.984127,0
20.942499,0.000000,-0.023318,0.023318,0.984127,0
20.945000,0.000000,-0.019259,0.019259,0.984127,0
20.947500,0.000000,-0.014492,0.014492,0.984127,0
20.950001,0.000000,-0.005147,0.005147,0.984127,0
20.952499,0.000000,-0.009195,0.009195,0.984127,0
20.955000,0.000000,-0.008096,0.008096,0.984127,0
20.957500,0.000000,-0.010622,0.010622,0.984127,0
20.959999,0.000000,0.001297,-0.001297,1.047619,0
20.962500,0.000000,0.020025,-0.020025,1.047619,0
20.965000,0.000000,0.008771,-0.008771,1.047619,0
20.967501,0.000000,-0.009686,0.009686,1.047619,0
20.969999,0.000000,-0.004301,0.004301,1.047619,0
20.972500,0.000000,0.005444,-0.005444,1.047619,0
20.975000,0.000000,0.022906,-0.022906,1.047619,0
20.977501,0.000000,0.028904,-0.028904,1.047619,0
20.980000,0.000000,0.040675,-0.040675,1.047619,0
20.982500,0.000000,0.056175,-0.056175,0.920635,0
20.985001,0.000000,0.069173,-0.069173,0.920635,0
20.987499,0.000000,0.075848,-0.075848,0.920635,0
20.990000,0.000000,0.060542,-0.060542,0.920635,0
20.992500,0.000000,0.058537,-0.058537,0.920635,0
20.995001,0.000000,0.059688,-0.059688,0.920635,0
20.997499,0.000000,0.056802,-0.056802,0.920635,0
21.000000,0.000000,0.054691,-0.054691,0.952381,0
21.002501,0.000000,0.068200,-0.068200,0.952381,0
21.004999,0.000000,0.058783,-0.058783,0.952381,0
21.007500,0.000000,0.064717,-0.064717,0.952381,0
21.010000,0.000000,0.065799,-0.065799,0.952381,0
21.012501,0.000000,0.055495,-0.055495,0.952381,0
21.014999,0.000000,0.043394,-0.043394,0.952381,0
21.017500,0.000000,0.025633,-0.025633,0.952381,0
21.020000,0.000000,0.029782,-0.029782,0.888889,0
21.022499,0.000000,0.028171,-0.028171,0.888889,0
21.025000,0.000000,0.018827,-0.018827,0.888889,0
21.027500,0.000000,-0.000904,0.000904,0.888889,0
21.030001,0.000000,0.003528,-0.003528,0.888889,0
21.032499,0.000000,0.001650,-0.001650,0.888889,0
21.035000,0.000000,-0.005641,0.005641,0.888889,0
21.037500,0.000000,-0.015223,0.015223,0.888889,0
21.040001,0.000000,-0.017036,0.017036,0.952381,0
21.042500,0.000000,-0.012046,0.012046,0.952381,0
21.045000,0.000000,-0.014827,0.014827,0.952381,0
21.047501,0.000000,-0.025711,0.025711,0.952381,0
21.049999,0.000000,-0.025490,0.025490,0.952381,0
21.052500,0.000000,-0.014745,0.014745,0.952381,0
21.055000,0.000000,-0.013916,0.013916,0.952381,0
21.057501,0.000000,-0.012842,0.012842,0.952381,0
21.059999,0.000000,-0.015734,0.015734,0.888889,0
21.062500,0.000000,-0.024242,0.024242,0.888889,0
21.065001,0.000000,-0.032801,0.032801,0.888889,0
21.067499,0.000000,-0.048540,0.048540,0.888889,0
21.070000,0.000000,-0.035075,0.035075,0.888889,0
21.072500,0.000000,-0.029297,0.029297,0.888889,0
21.075001,0.000000,-0.027534,0.027534,0.888889,0
21.077499,0.000000,-0.023687,0.023687,0.888889,0
21.080000,0.000000,-0.019095,0.019095,0.793651,0
21.082500,0.000000,-0.026534,0.026534,0.793651,0
21.084999,0.000000,-0.029186,0.029186,0.793651,0
21.087500,0.000000,-0.033369,0.033369,0.793651,0
21.090000,0.000000,-0.004803,0.004803,0.793651,0
21.092501,0.000000,0.006464,-0.006464,0.793651,0
21.094999,0.000000,0.008064,-0.008064,0.793651,0
21.097500,0.000000,0.022569,-0.022569,0.793651,0
21.100000,0.000000,0.035626,-0.035626,0.761905,0
21.102501,0.000000,0.018997,-0.018997,0.761905,0
21.105000,0.000000,0.015856,-0.015856,0.761905,0
21.107500,0.000000,0.015121,-0.015121,0.761905,0
21.110001,0.000000,0.021341,-0.021341,0.761905,0
21.112499,0.000000,0.018133,-0.018133,0.761905,0
21.115000,0.000000,0.016422,-0.016422,0.761905,0
21.117500,0.000000,0.010802,-0.010802,0.761905,0
21.120001,0.000000,0.021889,-0.021889,0.761905,0
21.122499,0.000000,0.004789,-0.004789,0.730159,0
21.125000,0.000000,-0.000198,0.000198,0.730159,0
21.127501,0.000000,-0.020908,0.020908,0.730159,0
21.129999,0.000000,-0.031706,0.031706,0.730159,0
21.132500,0.000000,-0.027040,0.027040,0.730159,0
21.135000,0.000000,-0.022338,0.022338,0.730159,0
21.137501,0.000000,-0.025037,0.025037,0.730159,0
21.139999,0.000000,-0.012596,0.012596,0.793651,0
21.142500,0.000000,0.001822,-0.001822,0.793651,0
21.145000,0.000000,0.001046,-0.001046,0.793651,0
21.147499,0.000000,0.003604,-0.003604,0.793651,0
21.150000,0.000000,-0.001200,0.001200,0.793651,0
21.152500,0.000000,0.005333,-0.005333,0.793651,0
21.155001,0.000000,-0.007213,0.007213,0.793651,0
21.157499,0.000000,0.011634,-0.011634,0.793651,0
21.160000,0.000000,0.023070,-0.023070,0.793651,0
21.162500,0.000000,0.011476,-0.011476,0.920635,0
21.165001,0.000000,0.003922,-0.003922,0.920635,0
21.167500,0.000000,0.007679,-0.007679,0.920635,0
21.170000,0.000000,0.004336,-0.004336,0.920635,0
21.172501,0.000000,0.009247,-0.009247,0.920635,0
21.174999,0.000000,0.005641,-0.005641,0.920635,0
21.177500,0.000000,0.019668,-0.019668,0.920635,0
21.180000,0.000000,0.019165,-0.019165,0.920635,0
21.182501,0.000000,0.040603,-0.040603,0.952381,0
21.184999,0.000000,0.044926,-0.044926,0.952381,0
21.187500,0.000000,0.031290,-0.031290,0.952381,0
21.190001,0.000000,0.049515,-0.049515,0.952381,0
21.192499,0.000000,0.058177,-0.058177,0.952381,0
21.195000,0.000000,0.059985,-0.059985,0.952381,0
21.197500,0.000000,0.064208,-0.064208,0.952381,0
21.200001,0.000000,0.050926,-0.050926,0.920635,0
21.202499,0.000000,0.032150,-0.032150,0.920635,0
21.205000,0.000000,0.030778,-0.030778,0.920635,0
21.207500,0.000000,0.043048,-0.043048,0.920635,0
21.209999,0.000000,0.045537,-0.045537,0.920635,0
21.212500,0.000000,0.060555,-0.060555,0.920635,0
21.215000,0.000000,0.071405,-0.071405,0.920635,0
21.217501,0.000000,0.069433,-0.069433,0.920635,0
21.219999,0.000000,0.078709,-0.078709,0.920635,0
21.222500,0.000000,0.091759,-0.091759,0.857143,0
21.225000,0.000000,0.087969,-0.087969,0.857143,0
21.227501,0.000000,0.082940,-0.082940,0.857143,0
21.230000,0.000000,0.081696,-0.081696,0.857143,0
21.232500,0.000000,0.054451,-0.054451,0.857143,0
21.235001,0.000000,0.055555,-0.055555,0.857143,0
21.237499,0.000000,0.061103,-0.061103,0.857143,0
21.240000,0.000000,0.060607,-0.060607,0.857143,0
21.242500,0.000000,0.062027,-0.062027,0.952381,0
21.245001,0.000000,0.059799,-0.059799,0.952381,0
21.247499,0.000000,0.039440,-0.039440,0.952381,0
21.250000,0.000000,0.053788,-0.053788,0.952381,0
21.252501,0.000000,0.048761,-0.048761,0.952381,0
21.254999,0.000000,0.041535,-0.041535,0.952381,0
21.257500,0.000000,0.053034,-0.053034,0.952381,0
21.260000,0.000000,0.060227,-0.060227,1.015873,0
21.262501,0.000000,0.060962,-0.060962,1.015873,0
21.264999,0.000000,0.066104,-0.066104,1.015873,0
21.267500,0.000000,0.053907,-0.053907,1.015873,0
21.270000,0.000000,0.051653,-0.051653,1.015873,0
21.272499,0.000000,0.061819,-0.061819,1.015873,0
21.275000,0.000000,0.053962,-0.053962,1.015873,0
21.277500,0.000000,0.043414,-0.043414,1.015873,0
21.280001,0.000000,0.042869,-0.042869,0.984127,0
21.282499,0.000000,0.042557,-0.042557,0.984127,0
21.285000,0.000000,0.047336,-0.047336,0.984127,0
21.287500,0.000000,0.033090,-0.033090,0.984127,0
21.290001,0.000000,0.008323,-0.008323,0.984127,0
21.292500,0.000000,0.016681,-0.016681,0.984127,0
21.295000,0.000000,0.006066,-0.006066,0.984127,0
21.297501,0.000000,0.000181,-0.000181,0.984127,0
21.299999,0.000000,-0.020258,0.020258,0.984127,0
21.302500,0.000000,-0.010078,0.010078,0.984127,0
21.305000,0.000000,-0.006497,0.006497,0.984127,0
21.307501,0.000000,-0.003396,0.003396,0.984127,0
21.309999,0.000000,-0.000448,0.000448,0.984127,0
21.312500,0.000000,-0.019770,0.019770,0.984127,0
21.315001,0.000000,-0.028434,0.028434,0.984127,0
21.317499,0.000000,-0.031833,0.031833,0.984127,0
21.320000,0.000000,-0.038704,0.038704,0.857143,0
21.322500,0.000000,-0.040280,0.040280,0.857143,0
21.325001,0.000000,-0.036344,0.036344,0.857143,0
21.327499,0.000000,-0.024565,0.024565,0.857143,0
21.330000,0.000000,-0.039258,0.039258,0.857143,0
21.332500,0.000000,-0.038053,0.038053,0.857143,0
21.334999,0.000000,-0.029381,0.029381,0.857143,0
21.337500,0.000000,-0.038026,0.038026,0.857143,0
21.340000,0.000000,-0.038831,0.038831,0.793651,0
21.342501,0.000000,-0.032322,0.032322,0.793651,0
21.344999,0.000000,-0.031074,0.031074,0.793651,0
21.347500,0.000000,-0.022606,0.022606,0.793651,0
21.350000,0.000000,-0.020790,0.020790,0.793651,0
21.352501,0.000000,-0.023471,0.023471,0.793651,0
21.355000,0.000000,-0.035398,0.035398,0.793651,0
21.357500,0.000000,-0.031510,0.031510,0.793651,0
21.360001,0.000000,-0.029354,0.029354,0.793651,0
21.362499,0.000000,-0.039051,0.039051,0.793651,0
21.365000,0.000000,-0.031466,0.031466,0.793651,0
21.367500,0.000000,-0.016798,0.016798,0.793651,0
21.370001,0.000000,-0.023296,0.023296,0.793651,0
21.372499,0.000000,-0.030284,0.030284,0.793651,0
21.375000,0.000000,-0.037414,0.037414,0.793651,0
21.377501,0.000000,-0.054032,0.054032,0.793651,0
21.379999,0.000000,-0.032386,0.032386,0.857143,0
21.382500,0.000000,-0.035836,0.035836,0.857143,0
21.385000,0.000000,-0.043260,0.043260,0.857143,0
21.387501,0.000000,-0.053129,0.053129,0.857143,0
21.389999,0.000000,-0.055323,0.055323,0.857143,0
21.392500,0.000000,-0.060515,0.060515,0.857143,0
21.395000,0.000000,-0.044246,0.044246,0.857143,0
21.397499,0.000000,-0.055322,0.055322,0.857143,0
21.400000,0.000000,-0.068949,0.068949,0.857143,0
21.402500,0.000000,-0.061253,0.061253,0.857143,0
21.405001,0.000000,-0.060388,0.060388,0.857143,0
21.407499,0.000000,-0.060708,0.060708,0.857143,0
21.410000,0.000000,-0.053186,0.053186,0.857143,0
21.412500,0.000000,-0.050133,0.050133,0.857143,0
21.415001,0.000000,-0.049014,0.049014,0.857143,0
21.417500,0.000000,-0.061542,0.061542,0.857143,0
21.420000,0.000000,-0.076305,0.076305,0.857143,0
21.422501,0.000000,-0.080907,0.080907,0.857143,0
21.424999,0.000000,-0.089212,0.089212,0.857143,0
21.427500,0.000000,-0.083684,0.083684,0.857143,0
21.430000,0.000000,-0.099068,0.099068,0.857143,0
21.432501,0.000000,-0.100411,0.100411,0.857143,0
21.434999,0.000000,-0.098962,0.098962,0.857143,0
21.437500,0.000000,-0.096220,0.096220,0.857143,0
21.440001,0.000000,-0.089163,0.089163,0.857143,0
21.442499,0.000000,-0.089641,0.089641,0.793651,0
21.445000,0.000000,-0.093752,0.093752,0.793651,0
21.447500,0.000000,-0.077288,0.077288,0.793651,0
21.450001,0.000000,-0.078095,0.078095,0.793651,0
21.452499,0.000000,-0.060353,0.060353,0.793651,0
21.455000,0.000000,-0.061781,0.061781,0.793651,0
21.457500,0.000000,-0.059879,0.059879,0.793651,0
21.459999,0.000000,-0.059393,0.059393,0.888889,0
21.462500,0.000000,-0.055357,0.055357,0.888889,0
21.465000,0.000000,-0.057719,0.057719,0.888889,0
21.467501,0.000000,-0.055026,0.055026,0.888889,0
21.469999,0.000000,-0.038530,0.038530,0.888889,0
21.472500,0.000000,-0.027186,0.027186,0.888889,0
21.475000,0.000000,-0.016108,0.016108,0.888889,0
21.477501,0.000000,-0.028650,0.028650,0.888889,0
21.480000,0.000000,-0.039246,0.039246,0.888889,0
21.482500,0.000000,-0.036112,0.036112,0.952381,0
21.485001,0.000000,-0.027979,0.027979,0.952381,0
21.487499,0.000000,-0.031947,0.031947,0.952381,0
21.490000,0.000000,-0.037458,0.037458,0.952381,0
21.492500,0.000000,-0.023456,0.023456,0.952381,0
21.495001,0.000000,-0.016404,0.016404,0.952381,0
21.497499,0.000000,-0.006085,0.006085,0.952381,0
21.500000,0.000000,-0.010136,0.010136,0.920635,0
21.502501,0.000000,-0.014824,0.014824,0.920635,0
21.504999,0.000000,-0.005251,0.005251,0.920635,0
21.507500,0.000000,-0.007619,0.007619,0.920635,0
21.510000,0.000000,-0.013269,0.013269,0.920635,0
21.512501,0.000000,-0.021664,0.021664,0.920635,0
21.514999,0.000000,-0.025933,0.025933,0.920635,0
21.517500,0.000000,-0.016699,0.016699,0.920635,0
21.520000,0.000000,-0.030352,0.030352,0.952381,0
21.522499,0.000000,-0.023548,0.023548,0.952381,0
21.525000,0.000000,-0.029504,0.029504,0.952381,0
21.527500,0.000000,-0.030605,0.030605,0.952381,0
21.530001,0.000000,-0.031071,0.031071,0.952381,0
21.532499,0.000000,-0.032226,0.032226,0.952381,0
21.535000,0.000000,-0.033975,0.033975,0.952381,0
21.537500,0.000000,-0.037159,0.037159,0.952381,0
21.540001,0.000000,-0.041582,0.041582,0.920635,0
21.542500,0.000000,-0.027440,0.027440,0.920635,0
21.545000,0.000000,-0.026350,0.026350,0.920635,0
21.547501,0.000000,-0.026765,0.026765,0.920635,0
21.549999,0.000000,-0.032223,0.032223,0.920635,0
21.552500,0.000000,-0.035205,0.035205,0.920635,0
21.555000,0.000000,-0.040368,0.040368,0.920635,0
21.557501,0.000000,-0.031666,0.031666,0.920635,0
21.559999,0.000000,-0.038034,0.038034,0.920635,0
21.562500,0.000000,-0.058751,0.058751,0.920635,0
21.565001,0.000000,-0.056372,0.056372,0.920635,0
21.567499,0.000000,-0.057358,0.057358,0.920635,0
21.570000,0.000000,-0.061299,0.061299,0.920635,0
21.572500,0.000000,-0.050527,0.050527,0.920635,0
21.575001,0.000000,-0.075607,0.075607,0.920635,0
21.577499,0.000000,-0.057917,0.057917,0.920635,0
21.580000,0.000000,-0.046541,0.046541,0.984127,0
21.582500,0.000000,-0.050968,0.050968,0.984127,0
21.584999,0.000000,-0.053638,0.053638,0.984127,0
21.587500,0.000000,-0.047414,0.047414,0.984127,0
21.590000,0.000000,-0.041115,0.041115,0.984127,0
21.592501,0.000000,-0.045781,0.045781,0.984127,0
21.594999,0.000000,-0.059429,0.059429,0.984127,0
21.597500,0.000000,-0.038063,0.038063,0.984127,0
21.600000,0.000000,-0.028336,0.028336,1.015873,0
21.602501,0.000000,-0.026105,0.026105,1.015873,0
21.605000,0.000000,-0.023762,0.023762,1.015873,0
21.607500,0.000000,-0.017436,0.017436,1.015873,0
21.610001,0.000000,-0.010193,0.010193,1.015873,0
21.612499,0.000000,-0.028907,0.028907,1.015873,0
21.615000,0.000000,-0.031274,0.031274,1.015873,0
21.617500,0.000000,-0.034525,0.034525,1.015873,0
21.620001,0.000000,-0.035003,0.035003,1.015873,0
21.622499,0.000000,-0.025929,0.025929,0.888889,0
21.625000,0.000000,-0.043469,0.043469,0.888889,0
21.627501,0.000000,-0.055883,0.055883,0.888889,0
21.629999,0.000000,-0.061046,0.061046,0.888889,0
21.632500,0.000000,-0.057502,0.057502,0.888889,0
21.635000,0.000000,-0.047175,0.047175,0.888889,0
21.637501,0.000000,-0.029075,0.029075,0.888889,0
21.639999,0.000000,-0.031111,0.031111,0.857143,0
21.642500,0.000000,-0.021406,0.021406,0.857143,0
21.645000,0.000000,-0.013298,0.013298,0.857143,0
21.647499,0.000000,-0.007228,0.007228,0.857143,0
21.650000,0.000000,-0.007242,0.007242,0.857143,0
21.652500,0.000000,-0.011144,0.011144,0.857143,0
21.655001,0.000000,-0.021794,0.021794,0.857143,0
21.657499,0.000000,-0.032762,0.032762,0.857143,0
21.660000,0.000000,-0.028118,0.028118,0.857143,0
21.662500,0.000000,-0.027751,0.027751,0.825397,0
21.665001,0.000000,-0.031227,0.031227,0.825397,0
21.667500,0.000000,-0.023149,0.023149,0.825397,0
21.670000,0.000000,-0.024493,0.024493,0.825397,0
21.672501,0.000000,-0.033297,0.033297,0.825397,0
21.674999,0.000000,-0.034992,0.034992,0.825397,0
21.677500,0.000000,-0.025217,0.025217,0.825397,0
21.680000,0.000000,-0.034789,0.034789,0.857143,0
21.682501,0.000000,-0.031552,0.031552,0.857143,0
21.684999,0.000000,-0.031103,0.031103,0.857143,0
21.687500,0.000000,-0.037812,0.037812,0.857143,0
21.690001,0.000000,-0.039571,0.039571,0.857143,0
21.692499,0.000000,-0.054209,0.054209,0.857143,0
21.695000,0.000000,-0.051366,0.051366,0.857143,0
21.697500,0.000000,-0.063523,0.063523,0.857143,0
21.700001,0.000000,-0.050652,0.050652,0.857143,0
21.702499,0.000000,-0.050023,0.050023,0.952381,0
21.705000,0.000000,-0.053845,0.053845,0.952381,0
21.707500,0.000000,-0.041521,0.041521,0.952381,0
21.709999,0.000000,-0.049878,0.049878,0.952381,0
21.712500,0.000000,-0.055365,0.055365,0.952381,0
21.715000,0.000000,-0.070776,0.070776,0.952381,0
21.717501,0.000000,-0.056465,0.056465,0.952381,0
21.719999,0.000000,-0.037831,0.037831,0.984127,0
21.722500,0.000000,-0.051980,0.051980,0.984127,0
21.725000,0.000000,-0.057925,0.057925,0.984127,0
21.727501,0.000000,-0.055611,0.055611,0.984127,0
21.730000,0.000000,-0.058725,0.058725,0.984127,0
21.732500,0.000000,-0.057308,0.057308,0.984127,0
21.735001,0.000000,-0.056722,0.056722,0.984127,0
21.737499,0.000000,-0.051316,0.051316,0.984127,0
21.740000,0.000000,-0.058900,0.058900,0.952381,0
21.742500,0.000000,-0.055300,0.055300,0.952381,0
21.745001,0.000000,-0.064249,0.064249,0.952381,0
21.747499,0.000000,-0.066235,0.066235,0.952381,0
21.750000,0.000000,-0.080772,0.080772,0.952381,0
21.752501,0.000000,-0.082193,0.082193,0.952381,0
21.754999,0.000000,-0.085173,0.085173,0.952381,0
21.757500,0.000000,-0.073611,0.073611,0.952381,0
21.760000,0.000000,-0.071957,0.071957,0.952381,0
21.762501,0.000000,-0.068617,0.068617,0.952381,0
21.764999,0.000000,-0.066761,0.066761,0.952381,0
21.767500,0.000000,-0.085071,0.085071,0.952381,0
21.770000,0.000000,-0.101573,0.101573,0.952381,0
21.772499,0.000000,-0.101548,0.101548,0.952381,0
21.775000,0.000000,-0.095818,0.095818,0.952381,0
21.777500,0.000000,-0.095167,0.095167,0.952381,0
21.780001,0.000000,-0.099987,0.099987,1.079365,0
21.782499,0.000000,-0.099335,0.099335,1.079365,0
21.785000,0.000000,-0.099447,0.099447,1.079365,0
21.787500,0.000000,-0.089999,0.089999,1.079365,0
21.790001,0.000000,-0.081269,0.081269,1.079365,0
21.792500,0.000000,-0.083844,0.083844,1.079365,0
21.795000,0.000000,-0.081970,0.081970,1.079365,0
21.797501,0.000000,-0.077297,0.077297,1.079365,0
21.799999,0.000000,-0.071287,0.071287,1.047619,0
21.802500,0.000000,-0.054394,0.054394,1.047619,0
21.805000,0.000000,-0.053098,0.053098,1.047619,0
21.807501,0.000000,-0.041045,0.041045,1.047619,0
21.809999,0.000000,-0.050346,0.050346,1.047619,0
21.812500,0.000000,-0.054670,0.054670,1.047619,0
21.815001,0.000000,-0.072428,0.072428,1.047619,0
21.817499,0.000000,-0.068984,0.068984,1.047619,0
21.820000,0.000000,-0.061343,0.061343,1.079365,0
21.822500,0.000000,-0.082218,0.082218,1.079365,0
21.825001,0.000000,-0.078249,0.078249,1.079365,0
21.827499,0.000000,-0.070699,0.070699,1.079365,0
21.830000,0.000000,-0.063856,0.063856,1.079365,0
21.832500,0.000000,-0.072691,0.072691,1.079365,0
21.834999,0.000000,-0.063765,0.063765,1.079365,0
21.837500,0.000000,-0.061886,0.061886,1.079365,0
21.840000,0.000000,-0.054870,0.054870,1.079365,0
21.842501,0.000000,-0.054433,0.054433,1.047619,0
21.844999,0.000000,-0.049361,0.049361,1.047619,0
21.847500,0.000000,-0.037758,0.037758,1.047619,0
21.850000,0.000000,-0.038534,0.038534,1.047619,0
21.852501,0.000000,-0.034810,0.034810,1.047619,0
21.855000,0.000000,-0.022334,0.022334,1.047619,0
21.857500,0.000000,-0.022908,0.022908,1.047619,0
21.860001,0.000000,-0.032572,0.032572,1.047619,0
21.862499,0.000000,-0.025421,0.025421,1.047619,0
21.865000,0.000000,-0.011512,0.011512,1.047619,0
21.867500,0.000000,0.000654,-0.000654,1.047619,0
21.870001,0.000000,0.007200,-0.007200,1.047619,0
21.872499,0.000000,-0.014534,0.014534,1.047619,0
21.875000,0.000000,-0.019951,0.019951,1.047619,0
21.877501,0.000000,-0.024741,0.024741,1.047619,0
21.879999,0.000000,-0.023546,0.023546,0.984127,0
21.882500,0.000000,-0.006462,0.006462,0.984127,0
21.885000,0.000000,-0.016722,0.016722,0.984127,0
21.887501,0.000000,0.005460,-0.005460,0.984127,0
21.889999,0.000000,0.001603,-0.001603,0.984127,0
21.892500,0.000000,-0.005840,0.005840,0.984127,0
21.895000,0.000000,0.002477,-0.002477,0.984127,0
21.897499,0.000000,0.011294,-0.011294,0.984127,0
21.900000,0.000000,0.017197,-0.017197,0.984127,0
21.902500,0.000000,0.009287,-0.009287,0.984127,0
21.905001,0.000000,0.013821,-0.013821,0.984127,0
21.907499,0.000000,0.003495,-0.003495,0.984127,0
21.910000,0.000000,-0.004246,0.004246,0.984127,0
21.912500,0.000000,-0.005026,0.005026,0.984127,0
21.915001,0.000000,-0.012716,0.012716,0.984127,0
21.917500,0.000000,-0.002270,0.002270,0.984127,0
21.920000,0.000000,-0.007724,0.007724,0.984127,0
21.922501,0.000000,-0.009595,0.009595,0.984127,0
21.924999,0.000000,-0.017704,0.017704,0.984127,0
21.927500,0.000000,-0.007275,0.007275,0.984127,0
21.930000,0.000000,-0.013405,0.013405,0.984127,0
21.932501,0.000000,-0.002120,0.002120,0.984127,0
21.934999,0.000000,0.008120,-0.008120,0.984127,0
21.937500,0.000000,0.003630,-0.003630,0.984127,0
21.940001,0.000000,0.003798,-0.003798,1.015873,0
21.942499,0.000000,-0.000698,0.000698,1.015873,0
21.945000,0.000000,0.004377,-0.004377,1.015873,0
21.947500,0.000000,0.002446,-0.002446,1.015873,0
21.950001,0.000000,-0.001495,0.001495,1.015873,0
21.952499,0.000000,-0.001023,0.001023,1.015873,0
21.955000,0.000000,-0.015668,0.015668,1.015873,0
21.957500,0.000000,-0.015912,0.015912,1.015873,0
21.959999,0.000000,-0.009913,0.009913,1.111111,0
21.962500,0.000000,-0.008458,0.008458,1.111111,0
21.965000,0.000000,-0.000032,0.000032,1.111111,0
21.967501,0.000000,-0.003287,0.003287,1.111111,0
21.969999,0.000000,-0.007170,0.007170,1.111111,0
21.972500,0.000000,-0.016656,0.016656,1.111111,0
21.975000,0.000000,-0.019721,0.019721,1.111111,0
21.977501,0.000000,-0.002081,0.002081,1.111111,0
21.980000,0.000000,0.000441,-0.000441,1.079365,0
21.982500,0.000000,-0.004811,0.004811,1.079365,0
21.985001,0.000000,-0.013683,0.013683,1.079365,0
21.987499,0.000000,-0.027620,0.027620,1.079365,0
21.990000,0.000000,-0.034283,0.034283,1.079365,0
21.992500,0.000000,-0.026498,0.026498,1.079365,0
21.995001,0.000000,-0.029580,0.029580,1.079365,0
21.997499,0.000000,-0.037348,0.037348,1.079365,0
22.000000,0.000000,-0.044087,0.044087,1.047619,0
22.002501,0.000000,-0.036807,0.036807,1.047619,0
22.004999,0.000000,-0.036482,0.036482,1.047619,0
22.007500,0.000000,-0.041204,0.041204,1.047619,0
22.010000,0.000000,-0.042847,0.042847,1.047619,0
22.012501,0.000000,-0.021254,0.021254,1.047619,0
22.014999,0.000000,-0.009388,0.009388,1.047619,0
22.017500,0.000000,0.004427,-0.004427,1.047619,0
22.020000,0.000000,-0.012778,0.012778,0.984127,0
22.022499,0.000000,-0.013855,0.013855,0.984127,0
22.025000,0.000000,-0.019690,0.019690,0.984127,0
22.027500,0.000000,-0.013814,0.013814,0.984127,0
22.030001,0.000000,-0.003132,0.003132,0.984127,0
22.032499,0.000000,0.000119,-0.000119,0.984127,0
22.035000,0.000000,-0.008308,0.008308,0.984127,0
22.037500,0.000000,-0.014429,0.014429,0.984127,0
22.040001,0.000000,-0.008012,0.008012,0.984127,0
22.042500,0.000000,-0.000840,0.000840,0.984127,0
22.045000,0.000000,0.000541,-0.000541,0.984127,0
22.047501,0.000000,0.001771,-0.001771,0.984127,0
22.049999,0.000000,0.002198,-0.002198,0.984127,0
22.052500,0.000000,0.004711,-0.004711,0.984127,0
22.055000,0.000000,0.011427,-0.011427,0.984127,0
22.057501,0.000000,0.017113,-0.017113,0.984127,0
22.059999,0.000000,0.016821,-0.016821,0.984127,0
22.062500,0.000000,0.015752,-0.015752,0.888889,0
22.065001,0.000000,0.014324,-0.014324,0.888889,0
22.067499,0.000000,0.005753,-0.005753,0.888889,0
22.070000,0.000000,-0.002644,0.002644,0.888889,0
22.072500,0.000000,0.003057,-0.003057,0.888889,0
22.075001,0.000000,-0.004382,0.004382,0.888889,0
22.077499,0.000000,0.004120,-0.004120,0.888889,0
22.080000,0.000000,0.003439,-0.003439,0.857143,0
22.082500,0.000000,0.011966,-0.011966,0.857143,0
22.084999,0.000000,0.018263,-0.018263,0.857143,0
22.087500,0.000000,0.026494,-0.026494,0.857143,0
22.090000,0.000000,0.020637,-0.020637,0.857143,0
22.092501,0.000000,0.024222,-0.024222,0.857143,0
22.094999,0.000000,0.031103,-0.031103,0.857143,0
22.097500,0.000000,0.013973,-0.013973,0.857143,0
22.100000,0.000000,0.031150,-0.031150,0.857143,0
22.102501,0.000000,0.053571,-0.053571,0.857143,0
22.105000,0.000000,0.061603,-0.061603,0.857143,0
22.107500,0.000000,0.067903,-0.067903,0.857143,0
22.110001,0.000000,0.071753,-0.071753,0.857143,0
22.112499,0.000000,0.066096,-0.066096,0.857143,0
22.115000,0.000000,0.062820,-0.062820,0.857143,0
22.117500,0.000000,0.070670,-0.070670,0.857143,0
22.120001,0.000000,0.057111,-0.057111,0.761905,0
22.122499,0.000000,0.043110,-0.043110,0.761905,0
22.125000,0.000000,0.037116,-0.037116,0.761905,0
22.127501,0.000000,0.043145,-0.043145,0.761905,0
22.129999,0.000000,0.031970,-0.031970,0.761905,0
22.132500,0.000000,0.028342,-0.028342,0.761905,0
22.135000,0.000000,0.026168,-0.026168,0.761905,0
22.137501,0.000000,0.014080,-0.014080,0.761905,0
22.139999,0.000000,-0.012339,0.012339,0.793651,0
22.142500,0.000000,-0.022826,0.022826,0.793651,0
22.145000,0.000000,-0.019293,0.019293,0.793651,0
22.147499,0.000000,-0.013498,0.013498,0.793651,0
22.150000,0.000000,-0.007816,0.007816,0.793651,0
22.152500,0.000000,-0.001113,0.001113,0.793651,0
22.155001,0.000000,-0.007689,0.007689,0.793651,0
22.157499,0.000000,-0.016299,0.016299,0.793651,0
22.160000,0.000000,-0.011803,0.011803,0.793651,0
22.162500,0.000000,-0.013705,0.013705,0.761905,0
22.165001,0.000000,-0.003362,0.003362,0.761905,0
22.167500,0.000000,0.000896,-0.000896,0.761905,0
22.170000,0.000000,0.014789,-0.014789,0.761905,0
22.172501,0.000000,0.009241,-0.009241,0.761905,0
22.174999,0.000000,0.020468,-0.020468,0.761905,0
22.177500,0.000000,0.041737,-0.041737,0.761905,0
22.180000,0.000000,0.040923,-0.040923,0.793651,0
22.182501,0.000000,0.044774,-0.044774,0.793651,0
22.184999,0.000000,0.033612,-0.033612,0.793651,0
22.187500,0.000000,0.041813,-0.041813,0.793651,0
22.190001,0.000000,0.052191,-0.052191,0.793651,0
22.192499,0.000000,0.045325,-0.045325,0.793651,0
22.195000,0.000000,0.049935,-0.049935,0.793651,0
22.197500,0.000000,0.051211,-0.051211,0.793651,0
22.200001,0.000000,0.053514,-0.053514,0.825397,0
22.202499,0.000000,0.059989,-0.059989,0.825397,0
22.205000,0.000000,0.063308,-0.063308,0.825397,0
22.207500,0.000000,0.059885,-0.059885,0.825397,0
22.209999,0.000000,0.066389,-0.066389,0.825397,0
22.212500,0.000000,0.075506,-0.075506,0.825397,0
22.215000,0.000000,0.067484,-0.067484,0.825397,0
22.217501,0.000000,0.065306,-0.065306,0.825397,0
22.219999,0.000000,0.045298,-0.045298,0.825397,0
22.222500,0.000000,0.049357,-0.049357,0.920635,0
22.225000,0.000000,0.059226,-0.059226,0.920635,0
22.227501,0.000000,0.055101,-0.055101,0.920635,0
22.230000,0.000000,0.054721,-0.054721,0.920635,0
22.232500,0.000000,0.051052,-0.051052,0.920635,0
22.235001,0.000000,0.045949,-0.045949,0.920635,0
22.237499,0.000000,0.046764,-0.046764,0.920635,0
22.240000,0.000000,0.038001,-0.038001,0.920635,0
22.242500,0.000000,0.034652,-0.034652,0.920635,0
22.245001,0.000000,0.025078,-0.025078,0.920635,0
22.247499,0.000000,0.029900,-0.029900,0.920635,0
22.250000,0.000000,0.031271,-0.031271,0.920635,0
22.252501,0.000000,0.026239,-0.026239,0.920635,0
22.254999,0.000000,0.025802,-0.025802,0.920635,0
22.257500,0.000000,0.022924,-0.022924,0.920635,0
22.260000,0.000000,0.033140,-0.033140,0.920635,0
22.262501,0.000000,0.027929,-0.027929,0.920635,0
22.264999,0.000000,0.033155,-0.033155,0.920635,0
22.267500,0.000000,0.025402,-0.025402,0.920635,0
22.270000,0.000000,0.032434,-0.032434,0.920635,0
22.272499,0.000000,0.041399,-0.041399,0.920635,0
22.275000,0.000000,0.050554,-0.050554,0.920635,0
22.277500,0.000000,0.063152,-0.063152,0.920635,0
22.280001,0.000000,0.063994,-0.063994,0.984127,0
22.282499,0.000000,0.073410,-0.073410,0.984127,0
22.285000,0.000000,0.086096,-0.086096,0.984127,0
22.287500,0.000000,0.073361,-0.073361,0.984127,0
22.290001,0.000000,0.065716,-0.065716,0.984127,0
22.292500,0.000000,0.050094,-0.050094,0.984127,0
22.295000,0.000000,0.058388,-0.058388,0.984127,0
22.297501,0.000000,0.042806,-0.042806,0.984127,0
22.299999,0.000000,0.025639,-0.025639,1.015873,0
22.302500,0.000000,0.015052,-0.015052,1.015873,0
22.305000,0.000000,-0.001027,0.001027,1.015873,0
22.307501,0.000000,0.001457,-0.001457,1.015873,0
22.309999,0.000000,-0.008388,0.008388,1.015873,0
22.312500,0.000000,-0.023454,0.023454,1.015873,0
22.315001,0.000000,-0.023161,0.023161,1.015873,0
22.317499,0.000000,-0.022340,0.022340,1.015873,0
22.320000,0.000000,-0.038712,0.038712,1.015873,0
22.322500,0.000000,-0.044100,0.044100,1.015873,0
22.325001,0.000000,-0.043509,0.043509,1.015873,0
22.327499,0.000000,-0.045512,0.045512,1.015873,0
22.330000,0.000000,-0.047209,0.047209,1.015873,0
22.332500,0.000000,-0.035042,0.035042,1.015873,0
22.334999,0.000000,-0.014348,0.014348,1.015873,0
22.337500,0.000000,-0.016807,0.016807,1.015873,0
22.340000,0.000000,-0.028792,0.028792,0.984127,0
22.342501,0.000000,-0.030147,0.030147,0.984127,0
22.344999,0.000000,-0.027411,0.027411,0.984127,0
22.347500,0.000000,-0.027096,0.027096,0.984127,0
22.350000,0.000000,-0.020516,0.020516,0.984127,0
22.352501,0.000000,0.000999,-0.000999,0.984127,0
22.355000,0.000000,-0.015220,0.015220,0.984127,0
22.357500,0.000000,-0.019557,0.019557,0.984127,0
22.360001,0.000000,-0.004407,0.004407,0.984127,0
22.362499,0.000000,-0.009210,0.009210,0.984127,0
22.365000,0.000000,-0.001472,0.001472,0.984127,0
22.367500,0.000000,0.004535,-0.004535,0.984127,0
22.370001,0.000000,0.016092,-0.016092,0.984127,0
22.372499,0.000000,0.033698,-0.033698,0.984127,0
22.375000,0.000000,0.035840,-0.035840,0.984127,0
22.377501,0.000000,0.018263,-0.018263,0.984127,0
22.379999,0.000000,0.011095,-0.011095,0.984127,0
22.382500,0.000000,0.030870,-0.030870,1.015873,0
22.385000,0.000000,0.016960,-0.016960,1.015873,0
22.387501,0.000000,0.021041,-0.021041,1.015873,0
22.389999,0.000000,-0.002744,0.002744,1.015873,0
22.392500,0.000000,-0.015124,0.015124,1.015873,0
22.395000,0.000000,-0.006499,0.006499,1.015873,0
22.397499,0.000000,-0.005977,0.005977,1.015873,0
22.400000,0.000000,-0.009280,0.009280,1.015873,0
22.402500,0.000000,-0.016743,0.016743,0.984127,0
22.405001,0.000000,-0.035214,0.035214,0.984127,0
22.407499,0.000000,-0.027568,0.027568,0.984127,0
22.410000,0.000000,-0.029429,0.029429,0.984127,0
22.412500,0.000000,-0.042997,0.042997,0.984127,0
22.415001,0.000000,-0.041420,0.041420,0.984127,0
22.417500,0.000000,-0.034659,0.034659,0.984127,0
22.420000,0.000000,-0.035549,0.035549,0.952381,0
22.422501,0.000000,-0.033320,0.033320,0.952381,0
22.424999,0.000000,-0.031921,0.031921,0.952381,0
22.427500,0.000000,-0.037822,0.037822,0.952381,0
22.430000,0.000000,-0.036130,0.036130,0.952381,0
22.432501,0.000000,-0.027871,0.027871,0.952381,0
22.434999,0.000000,-0.016963,0.016963,0.952381,0
22.437500,0.000000,-0.008766,0.008766,0.952381,0
22.440001,0.000000,-0.015047,0.015047,0.952381,0
22.442499,0.000000,-0.008417,0.008417,0.952381,0
22.445000,0.000000,-0.003649,0.003649,0.952381,0
22.447500,0.000000,-0.010410,0.010410,0.952381,0
22.450001,0.000000,-0.014585,0.014585,0.952381,0
22.452499,0.000000,-0.007564,0.007564,0.952381,0
22.455000,0.000000,0.005982,-0.005982,0.952381,0
22.457500,0.000000,-0.011712,0.011712,0.952381,0
22.459999,0.000000,0.003596,-0.003596,1.015873,0
22.462500,0.000000,0.014131,-0.014131,1.015873,0
22.465000,0.000000,0.015544,-0.015544,1.015873,0
22.467501,0.000000,0.012889,-0.012889,1.015873,0
22.469999,0.000000,0.016096,-0.016096,1.015873,0
22.472500,0.000000,0.009749,-0.009749,1.015873,0
22.475000,0.000000,0.007833,-0.007833,1.015873,0
22.477501,0.000000,-0.005957,0.005957,1.015873,0
22.480000,0.000000,-0.021810,0.021810,1.015873,0
22.482500,0.000000,0.000305,-0.000305,1.015873,0
22.485001,0.000000,0.000877,-0.000877,1.015873,0
22.487499,0.000000,0.002730,-0.002730,1.015873,0
22.490000,0.000000,0.002367,-0.002367,1.015873,0
22.492500,0.000000,-0.005346,0.005346,1.015873,0
22.495001,0.000000,-0.008027,0.008027,1.015873,0
22.497499,0.000000,-0.006950,0.006950,1.015873,0
22.500000,0.000000,-0.008565,0.008565,1.015873,0
22.502501,0.000000,-0.015095,0.015095,1.047619,0
22.504999,0.000000,-0.010341,0.010341,1.047619,0
22.507500,0.000000,-0.008346,0.008346,1.047619,0
22.510000,0.000000,-0.004557,0.004557,1.047619,0
22.512501,0.000000,0.001951,-0.001951,1.047619,0
22.514999,0.000000,0.000351,-0.000351,1.047619,0
22.517500,0.000000,-0.001190,0.001190,1.047619,0
22.520000,0.000000,0.013056,-0.013056,0.984127,0
22.522499,0.000000,0.003619,-0.003619,0.984127,0
22.525000,0.000000,-0.014422,0.014422,0.984127,0
22.527500,0.000000,-0.008673,0.008673,0.984127,0
22.530001,0.000000,-0.014426,0.014426,0.984127,0
22.532499,0.000000,-0.024281,0.024281,0.984127,0
22.535000,0.000000,-0.015097,0.015097,0.984127,0
22.537500,0.000000,-0.016023,0.016023,0.984127,0
22.540001,0.000000,-0.026682,0.026682,1.079365,0
22.542500,0.000000,-0.008904,0.008904,1.079365,0
22.545000,0.000000,-0.022860,0.022860,1.079365,0
22.547501,0.000000,-0.022987,0.022987,1.079365,0
22.549999,0.000000,-0.039058,0.039058,1.079365,0
22.552500,0.000000,-0.035566,0.035566,1.079365,0
22.555000,0.000000,-0.040256,0.040256,1.079365,0
22.557501,0.000000,-0.031847,0.031847,1.079365,0
22.559999,0.000000,-0.031086,0.031086,1.047619,0
22.562500,0.000000,-0.017849,0.017849,1.047619,0
22.565001,0.000000,-0.021260,0.021260,1.047619,0
22.567499,0.000000,-0.035316,0.035316,1.047619,0
22.570000,0.000000,-0.032122,0.032122,1.047619,0
22.572500,0.000000,-0.033504,0.033504,1.047619,0
22.575001,0.000000,-0.049184,0.049184,1.047619,0
22.577499,0.000000,-0.057422,0.057422,1.047619,0
22.580000,0.000000,-0.062376,0.062376,1.079365,0
22.582500,0.000000,-0.046731,0.046731,1.079365,0
22.584999,0.000000,-0.039090,0.039090,1.079365,0
22.587500,0.000000,-0.041094,0.041094,1.079365,0
22.590000,0.000000,-0.035717,0.035717,1.079365,0
22.592501,0.000000,-0.052973,0.052973,1.079365,0
22.594999,0.000000,-0.056535,0.056535,1.079365,0
22.597500,0.000000,-0.051334,0.051334,1.079365,0
22.600000,0.000000,-0.048468,0.048468,1.111111,0
22.602501,0.000000,-0.051850,0.051850,1.111111,0
22.605000,0.000000,-0.050748,0.050748,1.111111,0
22.607500,0.000000,-0.046370,0.046370,1.111111,0
22.610001,0.000000,-0.045163,0.045163,1.111111,0
22.612499,0.000000,-0.036330,0.036330,1.111111,0
22.615000,0.000000,-0.032511,0.032511,1.111111,0
22.617500,0.000000,-0.027098,0.027098,1.111111,0
22.620001,0.000000,-0.010806,0.010806,1.079365,0
22.622499,0.000000,-0.003003,0.003003,1.079365,0
22.625000,0.000000,0.012851,-0.012851,1.079365,0
22.627501,0.000000,0.006397,-0.006397,1.079365,0
22.629999,0.000000,-0.008212,0.008212,1.079365,0
22.632500,0.000000,-0.009248,0.009248,1.079365,0
22.635000,0.000000,-0.011027,0.011027,1.079365,0
22.637501,0.000000,0.002514,-0.002514,1.079365,0
22.639999,0.000000,-0.008076,0.008076,1.047619,0
22.642500,0.000000,-0.008572,0.008572,1.047619,0
22.645000,0.000000,-0.004555,0.004555,1.047619,0
22.647499,0.000000,-0.003491,0.003491,1.047619,0
22.650000,0.000000,-0.004981,0.004981,1.047619,0
22.652500,0.000000,-0.001508,0.001508,1.047619,0
22.655001,0.000000,0.008543,-0.008543,1.047619,0
22.657499,0.000000,0.022528,-0.022528,1.047619,0
22.660000,0.000000,0.022171,-0.022171,1.047619,0
22.662500,0.000000,0.013967,-0.013967,1.047619,0
22.665001,0.000000,0.027764,-0.027764,1.047619,0
22.667500,0.000000,0.016979,-0.016979,1.047619,0
22.670000,0.000000,0.033046,-0.033046,1.047619,0
22.672501,0.000000,0.044510,-0.044510,1.047619,0
22.674999,0.000000,0.056978,-0.056978,1.047619,0
22.677500,0.000000,0.061647,-0.061647,1.047619,0
22.680000,0.000000,0.040328,-0.040328,1.047619,0
22.682501,0.000000,0.029833,-0.029833,1.079365,0
22.684999,0.000000,0.031746,-0.031746,1.079365,0
22.687500,0.000000,0.024758,-0.024758,1.079365,0
22.690001,0.000000,0.021212,-0.021212,1.079365,0
22.692499,0.000000,0.026131,-0.026131,1.079365,0
22.695000,0.000000,0.023853,-0.023853,1.079365,0
22.697500,0.000000,0.012179,-0.012179,1.079365,0
22.700001,0.000000,0.019822,-0.019822,1.079365,0
22.702499,0.000000,0.023903,-0.023903,1.079365,0
22.705000,0.000000,0.020973,-0.020973,1.079365,0
22.707500,0.000000,0.026797,-0.026797,1.079365,0
22.709999,0.000000,0.026890,-0.026890,1.079365,0
22.712500,0.000000,0.038151,-0.038151,1.079365,0
22.715000,0.000000,0.038428,-0.038428,1.079365,0
22.717501,0.000000,0.049297,-0.049297,1.079365,0
22.719999,0.000000,0.029384,-0.029384,0.984127,0
22.722500,0.000000,0.032970,-0.032970,0.984127,0
22.725000,0.000000,0.028064,-0.028064,0.984127,0
22.727501,0.000000,0.018821,-0.018821,0.984127,0
22.730000,0.000000,0.029520,-0.029520,0.984127,0
22.732500,0.000000,0.037253,-0.037253,0.984127,0
22.735001,0.000000,0.016641,-0.016641,0.984127,0
22.737499,0.000000,0.023063,-0.023063,0.984127,0
22.740000,0.000000,0.028106,-0.028106,0.984127,0
22.742500,0.000000,0.020683,-0.020683,1.047619,0
22.745001,0.000000,0.012445,-0.012445,1.047619,0
22.747499,0.000000,-0.002467,0.002467,1.047619,0
22.750000,0.000000,-0.005485,0.005485,1.047619,0
22.752501,0.000000,-0.006951,0.006951,1.047619,0
22.754999,0.000000,0.000549,-0.000549,1.047619,0
22.757500,0.000000,0.003000,-0.003000,1.047619,0
22.760000,0.000000,-0.007656,0.007656,0.952381,0
22.762501,0.000000,-0.005040,0.005040,0.952381,0
22.764999,0.000000,-0.007402,0.007402,0.952381,0
22.767500,0.000000,-0.016427,0.016427,0.952381,0
22.770000,0.000000,-0.031623,0.031623,0.952381,0
22.772499,0.000000,-0.024472,0.024472,0.952381,0
22.775000,0.000000,-0.019313,0.019313,0.952381,0
22.777500,0.000000,-0.013237,0.013237,0.952381,0
22.780001,0.000000,-0.019977,0.019977,0.952381,0
22.782499,0.000000,-0.017680,0.017680,0.952381,0
22.785000,0.000000,-0.030603,0.030603,0.952381,0
22.787500,0.000000,-0.039308,0.039308,0.952381,0
22.790001,0.000000,-0.037764,0.037764,0.952381,0
22.792500,0.000000,-0.034037,0.034037,0.952381,0
22.795000,0.000000,-0.048871,0.048871,0.952381,0
22.797501,0.000000,-0.057668,0.057668,0.952381,0
22.799999,0.000000,-0.059351,0.059351,1.015873,0
22.802500,0.000000,-0.048802,0.048802,1.015873,0
22.805000,0.000000,-0.054870,0.054870,1.015873,0
22.807501,0.000000,-0.051975,0.051975,1.015873,0
22.809999,0.000000,-0.048196,0.048196,1.015873,0
22.812500,0.000000,-0.049093,0.049093,1.015873,0
22.815001,0.000000,-0.045185,0.045185,1.015873,0
22.817499,0.000000,-0.056292,0.056292,1.015873,0
22.820000,0.000000,-0.060371,0.060371,1.111111,0
22.822500,0.000000,-0.046457,0.046457,1.111111,0
22.825001,0.000000,-0.032282,0.032282,1.111111,0
22.827499,0.000000,-0.024152,0.024152,1.111111,0
22.830000,0.000000,-0.014006,0.014006,1.111111,0
22.832500,0.000000,-0.029400,0.029400,1.111111,0
22.834999,0.000000,-0.036809,0.036809,1.111111,0
22.837500,0.000000,-0.038498,0.038498,1.111111,0
22.840000,0.000000,-0.014622,0.014622,1.015873,0
22.842501,0.000000,-0.017132,0.017132,1.015873,0
22.844999,0.000000,-0.009620,0.009620,1.015873,0
22.847500,0.000000,-0.005779,0.005779,1.015873,0
22.850000,0.000000,-0.002263,0.002263,1.015873,0
22.852501,0.000000,-0.002417,0.002417,1.015873,0
22.855000,0.000000,-0.013607,0.013607,1.015873,0
22.857500,0.000000,-0.038542,0.038542,1.015873,0
22.860001,0.000000,-0.025005,0.025005,0.984127,0
22.862499,0.000000,-0.030182,0.030182,0.984127,0
22.865000,0.000000,-0.047230,0.047230,0.984127,0
22.867500,0.000000,-0.041584,0.041584,0.984127,0
22.870001,0.000000,-0.036299,0.036299,0.984127,0
22.872499,0.000000,-0.027830,0.027830,0.984127,0
22.875000,0.000000,-0.016289,0.016289,0.984127,0
22.877501,0.000000,-0.024599,0.024599,0.984127,0
22.879999,0.000000,-0.032020,0.032020,1.015873,0
22.882500,0.000000,-0.034044,0.034044,1.015873,0
22.885000,0.000000,-0.025392,0.025392,1.015873,0
22.887501,0.000000,-0.044222,0.044222,1.015873,0
22.889999,0.000000,-0.041726,0.041726,1.015873,0
22.892500,0.000000,-0.031817,0.031817,1.015873,0
22.895000,0.000000,-0.022583,0.022583,1.015873,0
22.897499,0.000000,-0.015318,0.015318,1.015873,0
22.900000,0.000000,-0.004965,0.004965,1.015873,0
22.902500,0.000000,-0.031898,0.031898,0.952381,0
22.905001,0.000000,-0.015021,0.015021,0.952381,0
22.907499,0.000000,-0.011307,0.011307,0.952381,0
22.910000,0.000000,0.002145,-0.002145,0.952381,0
22.912500,0.000000,-0.009436,0.009436,0.952381,0
22.915001,0.000000,-0.026314,0.026314,0.952381,0
22.917500,0.000000,-0.008032,0.008032,0.952381,0
22.920000,0.000000,-0.016584,0.016584,0.984127,0
22.922501,0.000000,-0.019036,0.019036,0.984127,0
22.924999,0.000000,-0.013461,0.013461,0.984127,0
22.927500,0.000000,-0.005726,0.005726,0.984127,0
22.930000,0.000000,0.004673,-0.004673,0.984127,0
22.932501,0.000000,0.006651,-0.006651,0.984127,0
22.934999,0.000000,-0.003544,0.003544,0.984127,0
22.937500,0.000000,0.003260,-0.003260,0.984127,0
22.940001,0.000000,0.010011,-0.010011,0.984127,0
22.942499,0.000000,-0.007490,0.007490,0.984127,0
22.945000,0.000000,0.006178,-0.006178,0.984127,0
22.947500,0.000000,-0.017573,0.017573,0.984127,0
22.950001,0.000000,-0.007246,0.007246,0.984127,0
22.952499,0.000000,-0.013036,0.013036,0.984127,0
22.955000,0.000000,-0.005963,0.005963,0.984127,0
22.957500,0.000000,-0.000951,0.000951,0.984127,0
22.959999,0.000000,-0.001257,0.001257,1.047619,0
22.962500,0.000000,0.002827,-0.002827,1.047619,0
22.965000,0.000000,0.001970,-0.001970,1.047619,0
22.967501,0.000000,0.008339,-0.008339,1.047619,0
22.969999,0.000000,0.027793,-0.027793,1.047619,0
22.972500,0.000000,0.014900,-0.014900,1.047619,0
22.975000,0.000000,-0.014320,0.014320,1.047619,0
22.977501,0.000000,-0.017669,0.017669,1.047619,0
22.980000,0.000000,-0.021651,0.021651,1.015873,0
22.982500,0.000000,-0.024526,0.024526,1.015873,0
22.985001,0.000000,-0.032423,0.032423,1.015873,0
22.987499,0.000000,-0.023351,0.023351,1.015873,0
22.990000,0.000000,-0.035518,0.035518,1.015873,0
22.992500,0.000000,-0.030278,0.030278,1.015873,0
22.995001,0.000000,-0.023444,0.023444,1.015873,0
22.997499,0.000000,-0.019808,0.019808,1.015873,0
23.000000,0.000000,-0.014689,0.014689,1.015873,0
23.002501,0.000000,-0.005418,0.005418,1.015873,0
23.004999,0.000000,-0.004760,0.004760,1.015873,0
23.007500,0.000000,-0.007847,0.007847,1.015873,0
23.010000,0.000000,-0.003086,0.003086,1.015873,0
23.012501,0.000000,0.002597,-0.002597,1.015873,0
23.014999,0.000000,0.010807,-0.010807,1.015873,0
23.017500,0.000000,-0.005462,0.005462,1.015873,0
23.020000,0.000000,-0.007055,0.007055,0.984127,0
23.022499,0.000000,-0.017041,0.017041,0.984127,0
23.025000,0.000000,-0.011159,0.011159,0.984127,0
23.027500,0.000000,-0.003874,0.003874,0.984127,0
23.030001,0.000000,-0.006379,0.006379,0.984127,0
23.032499,0.000000,-0.013150,0.013150,0.984127,0
23.035000,0.000000,-0.007056,0.007056,0.984127,0
23.037500,0.000000,-0.008114,0.008114,0.984127,0
23.040001,0.000000,0.005348,-0.005348,1.015873,0
23.042500,0.000000,0.021633,-0.021633,1.015873,0
23.045000,0.000000,0.030282,-0.030282,1.015873,0
23.047501,0.000000,0.031552,-0.031552,1.015873,0
23.049999,0.000000,0.047571,-0.047571,1.015873,0
23.052500,0.000000,0.048410,-0.048410,1.015873,0
23.055000,0.000000,0.042537,-0.042537,1.015873,0
23.057501,0.000000,0.035014,-0.035014,1.015873,0
23.059999,0.000000,0.027234,-0.027234,0.984127,0
23.062500,0.000000,0.026351,-0.026351,0.984127,0
23.065001,0.000000,0.029975,-0.029975,0.984127,0
23.067499,0.000000,0.015572,-0.015572,0.984127,0
23.070000,0.000000,0.010822,-0.010822,0.984127,0
23.072500,0.000000,0.012524,-0.012524,0.984127,0
23.075001,0.000000,0.018278,-0.018278,0.984127,0
23.077499,0.000000,0.017481,-0.017481,0.984127,0
23.080000,0.000000,0.019335,-0.019335,0.952381,0
23.082500,0.000000,0.006618,-0.006618,0.952381,0
23.084999,0.000000,-0.002498,0.002498,0.952381,0
23.087500,0.000000,-0.003015,0.003015,0.952381,0
23.090000,0.000000,0.002057,-0.002057,0.952381,0
23.092501,0.000000,0.004248,-0.004248,0.952381,0
23.094999,0.000000,-0.004146,0.004146,0.952381,0
23.097500,0.000000,-0.006320,0.006320,0.952381,0
23.100000,0.000000,0.008145,-0.008145,0.984127,0
23.102501,0.000000,0.013042,-0.013042,0.984127,0
23.105000,0.000000,0.011117,-0.011117,0.984127,0
23.107500,0.000000,0.001095,-0.001095,0.984127,0
23.110001,0.000000,-0.005676,0.005676,0.984127,0
23.112499,0.000000,-0.005444,0.005444,0.984127,0
23.115000,0.000000,-0.002675,0.002675,0.984127,0
23.117500,0.000000,0.002749,-0.002749,0.984127,0
23.120001,0.000000,0.006793,-0.006793,0.857143,0
23.122499,0.000000,0.002632,-0.002632,0.857143,0
23.125000,0.000000,-0.002867,0.002867,0.857143,0
23.127501,0.000000,0.018829,-0.018829,0.857143,0
23.129999,0.000000,0.012348,-0.012348,0.857143,0
23.132500,0.000000,-0.001612,0.001612,0.857143,0
23.135000,0.000000,-0.018705,0.018705,0.857143,0
23.137501,0.000000,-0.021774,0.021774,0.857143,0
23.139999,0.000000,-0.010921,0.010921,0.825397,0
23.142500,0.000000,-0.016726,0.016726,0.825397,0
23.145000,0.000000,-0.000365,0.000365,0.825397,0
23.147499,0.000000,-0.000430,0.000430,0.825397,0
23.150000,0.000000,0.011382,-0.011382,0.825397,0
23.152500,0.000000,0.002963,-0.002963,0.825397,0
23.155001,0.000000,-0.004990,0.004990,0.825397,0
23.157499,0.000000,-0.003862,0.003862,0.825397,0
23.160000,0.000000,0.000741,-0.000741,0.952381,0
23.162500,0.000000,-0.000949,0.000949,0.952381,0
23.165001,0.000000,0.001810,-0.001810,0.952381,0
23.167500,0.000000,0.007260,-0.007260,0.952381,0
23.170000,0.000000,-0.006261,0.006261,0.952381,0
23.172501,0.000000,-0.009273,0.009273,0.952381,0
23.174999,0.000000,-0.013870,0.013870,0.952381,0
23.177500,0.000000,-0.017879,0.017879,0.952381,0
23.180000,0.000000,-0.013515,0.013515,0.952381,0
23.182501,0.000000,-0.017871,0.017871,0.952381,0
23.184999,0.000000,-0.036262,0.036262,0.952381,0
23.187500,0.000000,-0.037413,0.037413,0.952381,0
23.190001,0.000000,-0.046360,0.046360,0.952381,0
23.192499,0.000000,-0.040275,0.040275,0.952381,0
23.195000,0.000000,-0.031436,0.031436,0.952381,0
23.197500,0.000000,-0.051112,0.051112,0.952381,0
23.200001,0.000000,-0.056924,0.056924,0.952381,0
23.202499,0.000000,-0.051707,0.051707,0.920635,0
23.205000,0.000000,-0.063884,0.063884,0.920635,0
23.207500,0.000000,-0.054258,0.054258,0.920635,0
23.209999,0.000000,-0.042325,0.042325,0.920635,0
23.212500,0.000000,-0.042600,0.042600,0.920635,0
23.215000,0.000000,-0.048846,0.048846,0.920635,0
23.217501,0.000000,-0.069909,0.069909,0.920635,0
23.219999,0.000000,-0.059798,0.059798,0.920635,0
23.222500,0.000000,-0.040169,0.040169,1.015873,0
23.225000,0.000000,-0.022909,0.022909,1.015873,0
23.227501,0.000000,-0.024011,0.024011,1.015873,0
23.230000,0.000000,-0.033178,0.033178,1.015873,0
23.232500,0.000000,-0.024663,0.024663,1.015873,0
23.235001,0.000000,-0.025106,0.025106,1.015873,0
23.237499,0.000000,-0.020051,0.020051,1.015873,0
23.240000,0.000000,-0.016726,0.016726,1.015873,0
23.242500,0.000000,-0.015399,0.015399,1.015873,0
23.245001,0.000000,-0.005587,0.005587,1.015873,0
23.247499,0.000000,0.004294,-0.004294,1.015873,0
23.250000,0.000000,-0.000604,0.000604,1.015873,0
23.252501,0.000000,-0.009027,0.009027,1.015873,0
23.254999,0.000000,-0.031644,0.031644,1.015873,0
23.257500,0.000000,-0.033899,0.033899,1.015873,0
23.260000,0.000000,-0.043763,0.043763,0.920635,0
23.262501,0.000000,-0.038194,0.038194,0.920635,0
23.264999,0.000000,-0.040339,0.040339,0.920635,0
23.267500,0.000000,-0.041334,0.041334,0.920635,0
23.270000,0.000000,-0.031959,0.031959,0.920635,0
23.272499,0.000000,-0.027009,0.027009,0.920635,0
23.275000,0.000000,-0.027320,0.027320,0.920635,0
23.277500,0.000000,-0.009750,0.009750,0.920635,0
23.280001,0.000000,-0.002768,0.002768,1.015873,0
23.282499,0.000000,-0.006471,0.006471,1.015873,0
23.285000,0.000000,-0.009665,0.009665,1.015873,0
23.287500,0.000000,-0.002197,0.002197,1.015873,0
23.290001,0.000000,-0.000281,0.000281,1.015873,0
23.292500,0.000000,-0.010523,0.010523,1.015873,0
23.295000,0.000000,-0.002029,0.002029,1.015873,0
23.297501,0.000000,0.009550,-0.009550,1.015873,0
23.299999,0.000000,0.020109,-0.020109,1.015873,0
23.302500,0.000000,0.033690,-0.033690,1.015873,0
23.305000,0.000000,0.051726,-0.051726,1.015873,0
23.307501,0.000000,0.066133,-0.066133,1.015873,0
23.309999,0.000000,0.067344,-0.067344,1.015873,0
23.312500,0.000000,0.063462,-0.063462,1.015873,0
23.315001,0.000000,0.044746,-0.044746,1.015873,0
23.317499,0.000000,0.043541,-0.043541,1.015873,0
23.320000,0.000000,0.047499,-0.047499,0.888889,0
23.322500,0.000000,0.046395,-0.046395,0.888889,0
23.325001,0.000000,0.025398,-0.025398,0.888889,0
23.327499,0.000000,0.021621,-0.021621,0.888889,0
23.330000,0.000000,0.027545,-0.027545,0.888889,0
23.332500,0.000000,0.016143,-0.016143,0.888889,0
23.334999,0.000000,0.017315,-0.017315,0.888889,0
23.337500,0.000000,0.021160,-0.021160,0.888889,0
23.340000,0.000000,0.031863,-0.031863,0.888889,0
23.342501,0.000000,0.048248,-0.048248,0.888889,0
23.344999,0.000000,0.042865,-0.042865,0.888889,0
23.347500,0.000000,0.043353,-0.043353,0.888889,0
23.350000,0.000000,0.044142,-0.044142,0.888889,0
23.352501,0.000000,0.049293,-0.049293,0.888889,0
23.355000,0.000000,0.053144,-0.053144,0.888889,0
23.357500,0.000000,0.065813,-0.065813,0.888889,0
23.360001,0.000000,0.039426,-0.039426,0.857143,0
23.362499,0.000000,0.042468,-0.042468,0.857143,0
23.365000,0.000000,0.046122,-0.046122,0.857143,0
23.367500,0.000000,0.042185,-0.042185,0.857143,0
23.370001,0.000000,0.017458,-0.017458,0.857143,0
23.372499,0.000000,0.016261,-0.016261,0.857143,0
23.375000,0.000000,0.008426,-0.008426,0.857143,0
23.377501,0.000000,0.025382,-0.025382,0.857143,0
23.379999,0.000000,0.028508,-0.028508,0.825397,0
23.382500,0.000000,0.019146,-0.019146,0.825397,0
23.385000,0.000000,-0.003146,0.003146,0.825397,0
23.387501,0.000000,0.003177,-0.003177,0.825397,0
23.389999,0.000000,0.010387,-0.010387,0.825397,0
23.392500,0.000000,0.007779,-0.007779,0.825397,0
23.395000,0.000000,0.013844,-0.013844,0.825397,0
23.397499,0.000000,0.009744,-0.009744,0.825397,0
23.400000,0.000000,0.020219,-0.020219,0.857143,0
23.402500,0.000000,0.029603,-0.029603,0.857143,0
23.405001,0.000000,0.012102,-0.012102,0.857143,0
23.407499,0.000000,-0.002373,0.002373,0.857143,0
23.410000,0.000000,0.018210,-0.018210,0.857143,0
23.412500,0.000000,0.027038,-0.027038,0.857143,0
23.415001,0.000000,0.013436,-0.013436,0.857143,0
23.417500,0.000000,-0.002836,0.002836,0.857143,0
23.420000,0.000000,-0.000842,0.000842,0.952381,0
23.422501,0.000000,-0.011355,0.011355,0.952381,0
23.424999,0.000000,-0.013951,0.013951,0.952381,0
23.427500,0.000000,-0.013980,0.013980,0.952381,0
23.430000,0.000000,-0.014410,0.014410,0.952381,0
23.432501,0.000000,-0.003503,0.003503,0.952381,0
23.434999,0.000000,0.013704,-0.013704,0.952381,0
23.437500,0.000000,0.008827,-0.008827,0.952381,0
23.440001,0.000000,-0.002337,0.002337,0.920635,0
23.442499,0.000000,0.001484,-0.001484,0.920635,0
23.445000,0.000000,0.017180,-0.017180,0.920635,0
23.447500,0.000000,0.012763,-0.012763,0.920635,0
23.450001,0.000000,0.020587,-0.020587,0.920635,0
23.452499,0.000000,0.011867,-0.011867,0.920635,0
23.455000,0.000000,0.011710,-0.011710,0.920635,0
23.457500,0.000000,0.000111,-0.000111,0.920635,0
23.459999,0.000000,0.000206,-0.000206,0.984127,0
23.462500,0.000000,-0.000865,0.000865,0.984127,0
23.465000,0.000000,0.004734,-0.004734,0.984127,0
23.467501,0.000000,0.020923,-0.020923,0.984127,0
23.469999,0.000000,0.016738,-0.016738,0.984127,0
23.472500,0.000000,-0.002175,0.002175,0.984127,0
23.475000,0.000000,-0.003977,0.003977,0.984127,0
23.477501,0.000000,-0.001094,0.001094,0.984127,0
23.480000,0.000000,0.000657,-0.000657,1.079365,0
23.482500,0.000000,-0.000708,0.000708,1.079365,0
23.485001,0.000000,0.012084,-0.012084,1.079365,0
23.487499,0.000000,0.012928,-0.012928,1.079365,0
23.490000,0.000000,0.011670,-0.011670,1.079365,0
23.492500,0.000000,0.004613,-0.004613,1.079365,0
23.495001,0.000000,-0.010684,0.010684,1.079365,0
23.497499,0.000000,-0.007523,0.007523,1.079365,0
23.500000,0.000000,-0.005174,0.005174,1.079365,0
23.502501,0.000000,-0.014296,0.014296,1.079365,0
23.504999,0.000000,-0.014289,0.014289,1.079365,0
23.507500,0.000000,-0.015156,0.015156,1.079365,0
23.510000,0.000000,-0.020229,0.020229,1.079365,0
23.512501,0.000000,-0.026657,0.026657,1.079365,0
23.514999,0.000000,-0.022336,0.022336,1.079365,0
23.517500,0.000000,-0.023709,0.023709,1.079365,0
23.520000,0.000000,-0.028278,0.028278,1.079365,0
23.522499,0.000000,-0.035126,0.035126,1.079365,0
23.525000,0.000000,-0.035294,0.035294,1.079365,0
23.527500,0.000000,-0.026083,0.026083,1.079365,0
23.530001,0.000000,-0.023510,0.023510,1.079365,0
23.532499,0.000000,-0.024960,0.024960,1.079365,0
23.535000,0.000000,-0.021504,0.021504,1.079365,0
23.537500,0.000000,-0.008716,0.008716,1.079365,0
23.540001,0.000000,-0.004087,0.004087,1.079365,0
23.542500,0.000000,-0.001644,0.001644,1.079365,0
23.545000,0.000000,0.004119,-0.004119,1.079365,0
23.547501,0.000000,0.002587,-0.002587,1.079365,0
23.549999,0.000000,0.004163,-0.004163,1.079365,0
23.552500,0.000000,-0.000341,0.000341,1.079365,0
23.555000,0.000000,-0.014251,0.014251,1.079365,0
23.557501,0.000000,-0.010767,0.010767,1.079365,0
23.559999,0.000000,-0.007156,0.007156,1.015873,0
23.562500,0.000000,-0.009668,0.009668,1.015873,0
23.565001,0.000000,0.000427,-0.000427,1.015873,0
23.567499,0.000000,-0.006411,0.006411,1.015873,0
23.570000,0.000000,-0.022959,0.022959,1.015873,0
23.572500,0.000000,-0.028856,0.028856,1.015873,0
23.575001,0.000000,-0.042535,0.042535,1.015873,0
23.577499,0.000000,-0.038080,0.038080,1.015873,0
23.580000,0.000000,-0.044032,0.044032,1.015873,0
23.582500,0.000000,-0.033447,0.033447,1.015873,0
23.584999,0.000000,-0.023380,0.023380,1.015873,0
23.587500,0.000000,-0.031386,0.031386,1.015873,0
23.590000,0.000000,-0.038051,0.038051,1.015873,0
23.592501,0.000000,-0.031897,0.031897,1.015873,0
23.594999,0.000000,-0.021745,0.021745,1.015873,0
23.597500,0.000000,-0.039998,0.039998,1.015873,0
23.600000,0.000000,-0.036367,0.036367,1.079365,0
23.602501,0.000000,-0.054913,0.054913,1.079365,0
23.605000,0.000000,-0.058255,0.058255,1.079365,0
23.607500,0.000000,-0.046852,0.046852,1.079365,0
23.610001,0.000000,-0.018644,0.018644,1.079365,0
23.612499,0.000000,-0.020252,0.020252,1.079365,0
23.615000,0.000000,-0.030838,0.030838,1.079365,0
23.617500,0.000000,-0.034563,0.034563,1.079365,0
23.620001,0.000000,-0.032858,0.032858,0.984127,0
23.622499,0.000000,-0.038356,0.038356,0.984127,0
23.625000,0.000000,-0.046146,0.046146,0.984127,0
23.627501,0.000000,-0.048865,0.048865,0.984127,0
23.629999,0.000000,-0.043547,0.043547,0.984127,0
23.632500,0.000000,-0.043854,0.043854,0.984127,0
23.635000,0.000000,-0.051018,0.051018,0.984127,0
23.637501,0.000000,-0.055918,0.055918,0.984127,0
23.639999,0.000000,-0.058198,0.058198,0.984127,0
23.642500,0.000000,-0.066036,0.066036,0.984127,0
23.645000,0.000000,-0.070821,0.070821,0.984127,0
23.647499,0.000000,-0.062497,0.062497,0.984127,0
23.650000,0.000000,-0.062811,0.062811,0.984127,0
23.652500,0.000000,-0.077705,0.077705,0.984127,0
23.655001,0.000000,-0.065542,0.065542,0.984127,0
23.657499,0.000000,-0.059573,0.059573,0.984127,0
23.660000,0.000000,-0.071328,0.071328,0.952381,0
23.662500,0.000000,-0.072701,0.072701,0.952381,0
23.665001,0.000000,-0.078217,0.078217,0.952381,0
23.667500,0.000000,-0.069161,0.069161,0.952381,0
23.670000,0.000000,-0.070658,0.070658,0.952381,0
23.672501,0.000000,-0.069185,0.069185,0.952381,0
23.674999,0.000000,-0.068896,0.068896,0.952381,0
23.677500,0.000000,-0.081208,0.081208,0.952381,0
23.680000,0.000000,-0.065011,0.065011,0.952381,0
23.682501,0.000000,-0.056561,0.056561,0.952381,0
23.684999,0.000000,-0.062092,0.062092,0.952381,0
23.687500,0.000000,-0.058318,0.058318,0.952381,0
23.690001,0.000000,-0.047066,0.047066,0.952381,0
23.692499,0.000000,-0.045080,0.045080,0.952381,0
23.695000,0.000000,-0.028599,0.028599,0.952381,0
23.697500,0.000000,0.000561,-0.000561,0.952381,0
23.700001,0.000000,-0.000678,0.000678,0.952381,0
23.702499,0.000000,-0.006297,0.006297,0.952381,0
23.705000,0.000000,-0.015679,0.015679,0.952381,0
23.707500,0.000000,-0.036610,0.036610,0.952381,0
23.709999,0.000000,-0.023424,0.023424,0.952381,0
23.712500,0.000000,-0.026124,0.026124,0.952381,0
23.715000,0.000000,-0.016870,0.016870,0.952381,0
23.717501,0.000000,-0.005960,0.005960,0.952381,0
23.719999,0.000000,-0.016213,0.016213,0.952381,0
23.722500,0.000000,-0.024700,0.024700,0.952381,0
23.725000,0.000000,-0.007116,0.007116,0.952381,0
23.727501,0.000000,-0.007575,0.007575,0.952381,0
23.730000,0.000000,-0.013710,0.013710,0.952381,0
23.732500,0.000000,-0.023366,0.023366,0.952381,0
23.735001,0.000000,-0.024017,0.024017,0.952381,0
23.737499,0.000000,-0.008759,0.008759,0.952381,0
23.740000,0.000000,-0.001683,0.001683,0.920635,0
23.742500,0.000000,0.000171,-0.000171,0.920635,0
23.745001,0.000000,0.015894,-0.015894,0.920635,0
23.747499,0.000000,0.029203,-0.029203,0.920635,0
23.750000,0.000000,0.031592,-0.031592,0.920635,0
23.752501,0.000000,0.058017,-0.058017,0.920635,0
23.754999,0.000000,0.053766,-0.053766,0.920635,0
23.757500,0.000000,0.062915,-0.062915,0.920635,0
23.760000,0.000000,0.056504,-0.056504,0.825397,0
23.762501,0.000000,0.064319,-0.064319,0.825397,0
23.764999,0.000000,0.059460,-0.059460,0.825397,0
23.767500,0.000000,0.062390,-0.062390,0.825397,0
23.770000,0.000000,0.085827,-0.085827,0.825397,0
23.772499,0.000000,0.093079,-0.093079,0.825397,0
23.775000,0.000000,0.095019,-0.095019,0.825397,0
23.777500,0.000000,0.083618,-0.083618,0.825397,0
23.780001,0.000000,0.082812,-0.082812,0.825397,0
23.782499,0.000000,0.069837,-0.069837,0.857143,0
23.785000,0.000000,0.076637,-0.076637,0.857143,0
23.787500,0.000000,0.082955,-0.082955,0.857143,0
23.790001,0.000000,0.078451,-0.078451,0.857143,0
23.792500,0.000000,0.092862,-0.092862,0.857143,0
23.795000,0.000000,0.105367,-0.105367,0.857143,0
23.797501,0.000000,0.103501,-0.103501,0.857143,0
23.799999,0.000000,0.105775,-0.105775,0.920635,0
23.802500,0.000000,0.096954,-0.096954,0.920635,0
23.805000,0.000000,0.091415,-0.091415,0.920635,0
23.807501,0.000000,0.078319,-0.078319,0.920635,0
23.809999,0.000000,0.071356,-0.071356,0.920635,0
23.812500,0.000000,0.068188,-0.068188,0.920635,0
23.815001,0.000000,0.050164,-0.050164,0.920635,0
23.817499,0.000000,0.054185,-0.054185,0.920635,0
23.820000,0.000000,0.062899,-0.062899,0.857143,0
23.822500,0.000000,0.060783,-0.060783,0.857143,0
23.825001,0.000000,0.031255,-0.031255,0.857143,0
23.827499,0.000000,0.027663,-0.027663,0.857143,0
23.830000,0.000000,0.012559,-0.012559,0.857143,0
23.832500,0.000000,0.005942,-0.005942,0.857143,0
23.834999,0.000000,0.020535,-0.020535,0.857143,0
23.837500,0.000000,-0.004895,0.004895,0.857143,0
23.840000,0.000000,-0.013037,0.013037,0.857143,0
23.842501,0.000000,-0.004190,0.004190,0.857143,0
23.844999,0.000000,-0.011183,0.011183,0.857143,0
23.847500,0.000000,-0.018723,0.018723,0.857143,0
23.850000,0.000000,0.002490,-0.002490,0.857143,0
23.852501,0.000000,0.006246,-0.006246,0.857143,0
23.855000,0.000000,0.015512,-0.015512,0.857143,0
23.857500,0.000000,0.020024,-0.020024,0.857143,0
23.860001,0.000000,0.021020,-0.021020,0.857143,0
23.862499,0.000000,0.033138,-0.033138,0.857143,0
23.865000,0.000000,0.051350,-0.051350,0.857143,0
23.867500,0.000000,0.032686,-0.032686,0.857143,0
23.870001,0.000000,0.031284,-0.031284,0.857143,0
23.872499,0.000000,0.029848,-0.029848,0.857143,0
23.875000,0.000000,0.024558,-0.024558,0.857143,0
23.877501,0.000000,0.033681,-0.033681,0.857143,0
23.879999,0.000000,0.035304,-0.035304,0.793651,0
23.882500,0.000000,0.054827,-0.054827,0.793651,0
23.885000,0.000000,0.064782,-0.064782,0.793651,0
23.887501,0.000000,0.077213,-0.077213,0.793651,0
23.889999,0.000000,0.061774,-0.061774,0.793651,0
23.892500,0.000000,0.051080,-0.051080,0.793651,0
23.895000,0.000000,0.041644,-0.041644,0.793651,0
23.897499,0.000000,0.054324,-0.054324,0.793651,0
23.900000,0.000000,0.042220,-0.042220,0.793651,0
23.902500,0.000000,0.030445,-0.030445,0.761905,0
23.905001,0.000000,0.017096,-0.017096,0.761905,0
23.907499,0.000000,0.046618,-0.046618,0.761905,0
23.910000,0.000000,0.043456,-0.043456,0.761905,0
23.912500,0.000000,0.047731,-0.047731,0.761905,0
23.915001,0.000000,0.033688,-0.033688,0.761905,0
23.917500,0.000000,0.042944,-0.042944,0.761905,0
23.920000,0.000000,0.022252,-0.022252,0.761905,0
23.922501,0.000000,0.011993,-0.011993,0.857143,0
23.924999,0.000000,0.004459,-0.004459,0.857143,0
23.927500,0.000000,0.006467,-0.006467,0.857143,0
23.930000,0.000000,-0.001526,0.001526,0.857143,0
23.932501,0.000000,0.013517,-0.013517,0.857143,0
23.934999,0.000000,0.018055,-0.018055,0.857143,0
23.937500,0.000000,0.010688,-0.010688,0.857143,0
23.940001,0.000000,0.020208,-0.020208,0.857143,0
23.942499,0.000000,0.015687,-0.015687,0.857143,0
23.945000,0.000000,0.009351,-0.009351,0.857143,0
23.947500,0.000000,0.017935,-0.017935,0.857143,0
23.950001,0.000000,-0.006956,0.006956,0.857143,0
23.952499,0.000000,0.000557,-0.000557,0.857143,0
23.955000,0.000000,-0.006545,0.006545,0.857143,0
23.957500,0.000000,-0.013445,0.013445,0.857143,0
23.959999,0.000000,0.005260,-0.005260,0.920635,0
23.962500,0.000000,0.000125,-0.000125,0.920635,0
23.965000,0.000000,0.009102,-0.009102,0.920635,0
23.967501,0.000000,0.011461,-0.011461,0.920635,0
23.969999,0.000000,0.014732,-0.014732,0.920635,0
23.972500,0.000000,0.011923,-0.011923,0.920635,0
23.975000,0.000000,0.008699,-0.008699,0.920635,0
23.977501,0.000000,0.022935,-0.022935,0.920635,0
23.980000,0.000000,0.030412,-0.030412,1.015873,0
23.982500,0.000000,0.025199,-0.025199,1.015873,0
23.985001,0.000000,0.015315,-0.015315,1.015873,0
23.987499,0.000000,0.009737,-0.009737,1.015873,0
23.990000,0.000000,0.018143,-0.018143,1.015873,0
23.992500,0.000000,0.028088,-0.028088,1.015873,0
23.995001,0.000000,0.032234,-0.032234,1.015873,0
23.997499,0.000000,0.016904,-0.016904,1.015873,0
24.000000,0.000000,0.023167,-0.023167,1.015873,0
24.002501,0.000000,0.034196,-0.034196,1.015873,0
24.004999,0.000000,0.034783,-0.034783,1.015873,0
24.007500,0.000000,0.051620,-0.051620,1.015873,0
24.010000,0.000000,0.038228,-0.038228,1.015873,0
24.012501,0.000000,0.043326,-0.043326,1.015873,0
24.014999,0.000000,0.032846,-0.032846,1.015873,0
24.017500,0.000000,0.041506,-0.041506,1.015873,0
24.020000,0.000000,0.045653,-0.045653,1.079365,0
24.022499,0.000000,0.059964,-0.059964,1.079365,0
24.025000,0.000000,0.062649,-0.062649,1.079365,0
24.027500,0.000000,0.057421,-0.057421,1.079365,0
24.030001,0.000000,0.051565,-0.051565,1.079365,0
24.032499,0.000000,0.047959,-0.047959,1.079365,0
24.035000,0.000000,0.042167,-0.042167,1.079365,0
24.037500,0.000000,0.052804,-0.052804,1.079365,0
24.040001,0.000000,0.062539,-0.062539,1.079365,0
24.042500,0.000000,0.047633,-0.047633,1.079365,0
24.045000,0.000000,0.046644,-0.046644,1.079365,0
24.047501,0.000000,0.045893,-0.045893,1.079365,0
24.049999,0.000000,0.037702,-0.037702,1.079365,0
24.052500,0.000000,0.040527,-0.040527,1.079365,0
24.055000,0.000000,0.052344,-0.052344,1.079365,0
24.057501,0.000000,0.058792,-0.058792,1.079365,0
24.059999,0.000000,0.068851,-0.068851,1.111111,0
24.062500,0.000000,0.060726,-0.060726,1.111111,0
24.065001,0.000000,0.059373,-0.059373,1.111111,0
24.067499,0.000000,0.051071,-0.051071,1.111111,0
24.070000,0.000000,0.051750,-0.051750,1.111111,0
24.072500,0.000000,0.053199,-0.053199,1.111111,0
24.075001,0.000000,0.060123,-0.060123,1.111111,0
24.077499,0.000000,0.069963,-0.069963,1.111111,0
24.080000,0.000000,0.074285,-0.074285,1.047619,0
24.082500,0.000000,0.064168,-0.064168,1.047619,0
24.084999,0.000000,0.049805,-0.049805,1.047619,0
24.087500,0.000000,0.053153,-0.053153,1.047619,0
24.090000,0.000000,0.065454,-0.065454,1.047619,0
24.092501,0.000000,0.063314,-0.063314,1.047619,0
24.094999,0.000000,0.047372,-0.047372,1.047619,0
24.097500,0.000000,0.065224,-0.065224,1.047619,0
24.100000,0.000000,0.067909,-0.067909,1.015873,0
24.102501,0.000000,0.067496,-0.067496,1.015873,0
24.105000,0.000000,0.054425,-0.054425,1.015873,0
24.107500,0.000000,0.052951,-0.052951,1.015873,0
24.110001,0.000000,0.057858,-0.057858,1.015873,0
24.112499,0.000000,0.060879,-0.060879,1.015873,0
24.115000,0.000000,0.052650,-0.052650,1.015873,0
24.117500,0.000000,0.050542,-0.050542,1.015873,0
24.120001,0.000000,0.042574,-0.042574,0.920635,0
24.122499,0.000000,0.058234,-0.058234,0.920635,0
24.125000,0.000000,0.065489,-0.065489,0.920635,0
24.127501,0.000000,0.058043,-0.058043,0.920635,0
24.129999,0.000000,0.044317,-0.044317,0.920635,0
24.132500,0.000000,0.045712,-0.045712,0.920635,0
24.135000,0.000000,0.039272,-0.039272,0.920635,0
24.137501,0.000000,0.033803,-0.033803,0.920635,0
24.139999,0.000000,0.021307,-0.021307,0.920635,0
24.142500,0.000000,0.010475,-0.010475,0.920635,0
24.145000,0.000000,0.011773,-0.011773,0.920635,0
24.147499,0.000000,0.008730,-0.008730,0.920635,0
24.150000,0.000000,0.033394,-0.033394,0.920635,0
24.152500,0.000000,0.038268,-0.038268,0.920635,0
24.155001,0.000000,0.025591,-0.025591,0.920635,0
24.157499,0.000000,0.009511,-0.009511,0.920635,0
24.160000,0.000000,0.013168,-0.013168,0.920635,0
24.162500,0.000000,0.008816,-0.008816,0.920635,0
24.165001,0.000000,0.021738,-0.021738,0.920635,0
24.167500,0.000000,0.023848,-0.023848,0.920635,0
24.170000,0.000000,0.003490,-0.003490,0.920635,0
24.172501,0.000000,-0.006694,0.006694,0.920635,0
24.174999,0.000000,-0.013154,0.013154,0.920635,0
24.177500,0.000000,-0.008382,0.008382,0.920635,0
24.180000,0.000000,-0.018204,0.018204,0.952381,0
24.182501,0.000000,-0.016190,0.016190,0.952381,0
24.184999,0.000000,-0.028493,0.028493,0.952381,0
24.187500,0.000000,-0.027571,0.027571,0.952381,0
24.190001,0.000000,-0.023192,0.023192,0.952381,0
24.192499,0.000000,-0.008490,0.008490,0.952381,0
24.195000,0.000000,-0.005881,0.005881,0.952381,0
24.197500,0.000000,-0.013527,0.013527,0.952381,0
24.200001,0.000000,0.000001,-0.000001,1.047619,0
24.202499,0.000000,-0.001616,0.001616,1.047619,0
24.205000,0.000000,0.005276,-0.005276,1.047619,0
24.207500,0.000000,-0.000309,0.000309,1.047619,0
24.209999,0.000000,0.000507,-0.000507,1.047619,0
24.212500,0.000000,-0.006644,0.006644,1.047619,0
24.215000,0.000000,-0.003581,0.003581,1.047619,0
24.217501,0.000000,0.003705,-0.003705,1.047619,0
24.219999,0.000000,-0.000491,0.000491,1.142857,0
24.222500,0.000000,-0.005060,0.005060,1.142857,0
24.225000,0.000000,-0.001950,0.001950,1.142857,0
24.227501,0.000000,-0.008804,0.008804,1.142857,0
24.230000,0.000000,-0.021314,0.021314,1.142857,0
24.232500,0.000000,-0.017773,0.017773,1.142857,0
24.235001,0.000000,-0.018208,0.018208,1.142857,0
24.237499,0.000000,-0.018811,0.018811,1.142857,0
24.240000,0.000000,-0.013885,0.013885,1.142857,0
24.242500,0.000000,-0.008038,0.008038,1.174603,0
24.245001,0.000000,-0.009166,0.009166,1.174603,0
24.247499,0.000000,-0.018291,0.018291,1.174603,0
24.250000,0.000000,-0.023148,0.023148,1.174603,0
24.252501,0.000000,-0.017630,0.017630,1.174603,0
24.254999,0.000000,-0.016016,0.016016,1.174603,0
24.257500,0.000000,-0.020219,0.020219,1.174603,0
24.260000,0.000000,-0.026297,0.026297,1.174603,0
24.262501,0.000000,-0.020372,0.020372,1.174603,0
24.264999,0.000000,-0.021703,0.021703,1.174603,0
24.267500,0.000000,-0.014736,0.014736,1.174603,0
24.270000,0.000000,-0.006869,0.006869,1.174603,0
24.272499,0.000000,-0.009346,0.009346,1.174603,0
24.275000,0.000000,-0.001002,0.001002,1.174603,0
24.277500,0.000000,0.000206,-0.000206,1.174603,0
24.280001,0.000000,0.002382,-0.002382,1.238095,0
24.282499,0.000000,-0.015558,0.015558,1.238095,0
24.285000,0.000000,-0.023104,0.023104,1.238095,0
24.287500,0.000000,-0.030025,0.030025,1.238095,0
24.290001,0.000000,-0.031865,0.031865,1.238095,0
24.292500,0.000000,-0.030093,0.030093,1.238095,0
24.295000,0.000000,-0.028026,0.028026,1.238095,0
24.297501,0.000000,-0.024931,0.024931,1.238095,0
24.299999,0.000000,-0.030193,0.030193,1.174603,0
24.302500,0.000000,-0.023360,0.023360,1.174603,0
24.305000,0.000000,-0.007000,0.007000,1.174603,0
24.307501,0.000000,-0.009878,0.009878,1.174603,0
24.309999,0.000000,-0.015375,0.015375,1.174603,0
24.312500,0.000000,-0.020911,0.020911,1.174603,0
24.315001,0.000000,-0.019593,0.019593,1.174603,0
24.317499,0.000000,-0.023627,0.023627,1.174603,0
24.320000,0.000000,-0.038033,0.038033,1.174603,0
24.322500,0.000000,-0.049664,0.049664,1.174603,0
24.325001,0.000000,-0.039416,0.039416,1.174603,0
24.327499,0.000000,-0.027172,0.027172,1.174603,0
24.330000,0.000000,-0.012493,0.012493,1.174603,0
24.332500,0.000000,-0.010178,0.010178,1.174603,0
24.334999,0.000000,-0.018528,0.018528,1.174603,0
24.337500,0.000000,-0.021834,0.021834,1.174603,0
24.340000,0.000000,-0.035198,0.035198,1.079365,0
24.342501,0.000000,-0.048500,0.048500,1.079365,0
24.344999,0.000000,-0.044675,0.044675,1.079365,0
24.347500,0.000000,-0.038319,0.038319,1.079365,0
24.350000,0.000000,-0.018921,0.018921,1.079365,0
24.352501,0.000000,-0.019137,0.019137,1.079365,0
24.355000,0.000000,-0.031202,0.031202,1.079365,0
24.357500,0.000000,-0.031418,0.031418,1.079365,0
24.360001,0.000000,-0.033261,0.033261,0.984127,0
24.362499,0.000000,-0.037132,0.037132,0.984127,0
24.365000,0.000000,-0.032524,0.032524,0.984127,0
24.367500,0.000000,-0.043596,0.043596,0.984127,0
24.370001,0.000000,-0.040929,0.040929,0.984127,0
24.372499,0.000000,-0.033196,0.033196,0.984127,0
24.375000,0.000000,-0.018139,0.018139,0.984127,0
24.377501,0.000000,-0.014516,0.014516,0.984127,0
24.379999,0.000000,-0.002445,0.002445,0.857143,0
24.382500,0.000000,-0.007250,0.007250,0.857143,0
24.385000,0.000000,-0.010333,0.010333,0.857143,0
24.387501,0.000000,0.004710,-0.004710,0.857143,0
24.389999,0.000000,-0.010322,0.010322,0.857143,0
24.392500,0.000000,-0.014320,0.014320,0.857143,0
24.395000,0.000000,-0.001710,0.001710,0.857143,0
24.397499,0.000000,-0.003911,0.003911,0.857143,0
24.400000,0.000000,-0.006823,0.006823,0.857143,0
24.402500,0.000000,-0.009411,0.009411,0.857143,0
24.405001,0.000000,-0.007857,0.007857,0.857143,0
24.407499,0.000000,0.003863,-0.003863,0.857143,0
24.410000,0.000000,0.013456,-0.013456,0.857143,0
24.412500,0.000000,0.013130,-0.013130,0.857143,0
24.415001,0.000000,0.024123,-0.024123,0.857143,0
24.417500,0.000000,0.026893,-0.026893,0.857143,0
24.420000,0.000000,0.035505,-0.035505,0.793651,0
24.422501,0.000000,0.022870,-0.022870,0.793651,0
24.424999,0.000000,0.041252,-0.041252,0.793651,0
24.427500,0.000000,0.042238,-0.042238,0.793651,0
24.430000,0.000000,0.010679,-0.010679,0.793651,0
24.432501,0.000000,0.028424,-0.028424,0.793651,0
24.434999,0.000000,0.027501,-0.027501,0.793651,0
24.437500,0.000000,0.022266,-0.022266,0.793651,0
24.440001,0.000000,0.014951,-0.014951,0.793651,0
24.442499,0.000000,0.019184,-0.019184,0.793651,0
24.445000,0.000000,0.008966,-0.008966,0.793651,0
24.447500,0.000000,0.002464,-0.002464,0.793651,0
24.450001,0.000000,-0.003547,0.003547,0.793651,0
24.452499,0.000000,-0.006554,0.006554,0.793651,0
24.455000,0.000000,-0.011835,0.011835,0.793651,0
24.457500,0.000000,-0.002343,0.002343,0.793651,0
24.459999,0.000000,0.000621,-0.000621,0.793651,0
24.462500,0.000000,0.004778,-0.004778,0.793651,0
24.465000,0.000000,0.011099,-0.011099,0.793651,0
24.467501,0.000000,0.009740,-0.009740,0.793651,0
24.469999,0.000000,-0.001389,0.001389,0.793651,0
24.472500,0.000000,0.017748,-0.017748,0.793651,0
24.475000,0.000000,0.026954,-0.026954,0.793651,0
24.477501,0.000000,0.043076,-0.043076,0.793651,0
24.480000,0.000000,0.053246,-0.053246,0.730159,0
24.482500,0.000000,0.046151,-0.046151,0.730159,0
24.485001,0.000000,0.018093,-0.018093,0.730159,0
24.487499,0.000000,0.003661,-0.003661,0.730159,0
24.490000,0.000000,0.010654,-0.010654,0.730159,0
24.492500,0.000000,0.009142,-0.009142,0.730159,0
24.495001,0.000000,0.004145,-0.004145,0.730159,0
24.497499,0.000000,-0.023733,0.023733,0.730159,0
24.500000,0.000000,-0.023071,0.023071,0.761905,0
24.502501,0.000000,-0.033854,0.033854,0.761905,0
24.504999,0.000000,-0.040448,0.040448,0.761905,0
24.507500,0.000000,-0.030007,0.030007,0.761905,0
24.510000,0.000000,-0.039975,0.039975,0.761905,0
24.512501,0.000000,-0.048585,0.048585,0.761905,0
24.514999,0.000000,-0.044969,0.044969,0.761905,0
24.517500,0.000000,-0.034158,0.034158,0.761905,0
24.520000,0.000000,-0.037189,0.037189,0.793651,0
24.522499,0.000000,-0.020877,0.020877,0.793651,0
24.525000,0.000000,-0.033367,0.033367,0.793651,0
24.527500,0.000000,-0.047266,0.047266,0.793651,0
24.530001,0.000000,-0.061598,0.061598,0.793651,0
24.532499,0.000000,-0.076636,0.076636,0.793651,0
24.535000,0.000000,-0.070660,0.070660,0.793651,0
24.537500,0.000000,-0.078451,0.078451,0.793651,0
24.540001,0.000000,-0.089688,0.089688,0.857143,0
24.542500,0.000000,-0.083257,0.083257,0.857143,0
24.545000,0.000000,-0.072694,0.072694,0.857143,0
24.547501,0.000000,-0.060224,0.060224,0.857143,0
24.549999,0.000000,-0.049827,0.049827,0.857143,0
24.552500,0.000000,-0.057261,0.057261,0.857143,0
24.555000,0.000000,-0.052784,0.052784,0.857143,0
24.557501,0.000000,-0.046273,0.046273,0.857143,0
24.559999,0.000000,-0.049501,0.049501,0.857143,0
24.562500,0.000000,-0.046123,0.046123,0.793651,0
24.565001,0.000000,-0.057741,0.057741,0.793651,0
24.567499,0.000000,-0.062414,0.062414,0.793651,0
24.570000,0.000000,-0.056441,0.056441,0.793651,0
24.572500,0.000000,-0.038758,0.038758,0.793651,0
24.575001,0.000000,-0.025403,0.025403,0.793651,0
24.577499,0.000000,-0.017638,0.017638,0.793651,0
24.580000,0.000000,-0.016351,0.016351,0.888889,0
24.582500,0.000000,-0.016575,0.016575,0.888889,0
24.584999,0.000000,-0.029887,0.029887,0.888889,0
24.587500,0.000000,-0.036974,0.036974,0.888889,0
24.590000,0.000000,-0.043547,0.043547,0.888889,0
24.592501,0.000000,-0.036706,0.036706,0.888889,0
24.594999,0.000000,-0.026498,0.026498,0.888889,0
24.597500,0.000000,-0.018592,0.018592,0.888889,0
24.600000,0.000000,-0.006608,0.006608,0.888889,0
24.602501,0.000000,-0.005615,0.005615,0.793651,0
24.605000,0.000000,-0.015891,0.015891,0.793651,0
24.607500,0.000000,-0.015887,0.015887,0.793651,0
24.610001,0.000000,-0.023049,0.023049,0.793651,0
24.612499,0.000000,-0.015301,0.015301,0.793651,0
24.615000,0.000000,-0.018591,0.018591,0.793651,0
24.617500,0.000000,-0.019012,0.019012,0.793651,0
24.620001,0.000000,-0.011048,0.011048,0.793651,0
24.622499,0.000000,-0.018501,0.018501,0.793651,0
24.625000,0.000000,-0.007720,0.007720,0.793651,0
24.627501,0.000000,-0.021660,0.021660,0.793651,0
24.629999,0.000000,-0.017712,0.017712,0.793651,0
24.632500,0.000000,-0.018079,0.018079,0.793651,0
24.635000,0.000000,-0.008782,0.008782,0.793651,0
24.637501,0.000000,-0.022927,0.022927,0.793651,0
24.639999,0.000000,-0.038235,0.038235,0.793651,0
24.642500,0.000000,-0.030659,0.030659,0.984127,0
24.645000,0.000000,-0.033229,0.033229,0.984127,0
24.647499,0.000000,-0.033103,0.033103,0.984127,0
24.650000,0.000000,-0.038000,0.038000,0.984127,0
24.652500,0.000000,-0.028850,0.028850,0.984127,0
24.655001,0.000000,-0.025378,0.025378,0.984127,0
24.657499,0.000000,-0.022514,0.022514,0.984127,0
24.660000,0.000000,-0.032351,0.032351,0.984127,0
24.662500,0.000000,-0.026926,0.026926,0.984127,0
24.665001,0.000000,-0.035100,0.035100,0.984127,0
24.667500,0.000000,-0.040049,0.040049,0.984127,0
24.670000,0.000000,-0.051274,0.051274,0.984127,0
24.672501,0.000000,-0.051223,0.051223,0.984127,0
24.674999,0.000000,-0.040054,0.040054,0.984127,0
24.677500,0.000000,-0.036829,0.036829,0.984127,0
24.680000,0.000000,-0.039805,0.039805,0.984127,0
24.682501,0.000000,-0.037651,0.037651,0.984127,0
24.684999,0.000000,-0.035606,0.035606,0.984127,0
24.687500,0.000000,-0.033963,0.033963,0.984127,0
24.690001,0.000000,-0.031340,0.031340,0.984127,0
24.692499,0.000000,-0.040022,0.040022,0.984127,0
24.695000,0.000000,-0.037868,0.037868,0.984127,0
24.697500,0.000000,-0.053002,0.053002,0.984127,0
24.700001,0.000000,-0.046306,0.046306,1.015873,0
24.702499,0.000000,-0.054939,0.054939,1.015873,0
24.705000,0.000000,-0.042717,0.042717,1.015873,0
24.707500,0.000000,-0.063648,0.063648,1.015873,0
24.709999,0.000000,-0.046625,0.046625,1.015873,0
24.712500,0.000000,-0.060185,0.060185,1.015873,0
24.715000,0.000000,-0.069377,0.069377,1.015873,0
24.717501,0.000000,-0.064650,0.064650,1.015873,0
24.719999,0.000000,-0.057711,0.057711,1.111111,0
24.722500,0.000000,-0.058565,0.058565,1.111111,0
24.725000,0.000000,-0.049419,0.049419,1.111111,0
24.727501,0.000000,-0.054868,0.054868,1.111111,0
24.730000,0.000000,-0.056799,0.056799,1.111111,0
24.732500,0.000000,-0.057847,0.057847,1.111111,0
24.735001,0.000000,-0.060897,0.060897,1.111111,0
24.737499,0.000000,-0.075877,0.075877,1.111111,0
24.740000,0.000000,-0.074021,0.074021,1.111111,0
24.742500,0.000000,-0.072992,0.072992,1.111111,0
24.745001,0.000000,-0.061661,0.061661,1.111111,0
24.747499,0.000000,-0.071123,0.071123,1.111111,0
24.750000,0.000000,-0.074724,0.074724,1.111111,0
24.752501,0.000000,-0.062193,0.062193,1.111111,0
24.754999,0.000000,-0.057922,0.057922,1.111111,0
24.757500,0.000000,-0.051526,0.051526,1.111111,0
24.760000,0.000000,-0.046271,0.046271,1.142857,0
24.762501,0.000000,-0.041109,0.041109,1.142857,0
24.764999,0.000000,-0.024410,0.024410,1.142857,0
24.767500,0.000000,-0.022963,0.022963,1.142857,0
24.770000,0.000000,-0.031026,0.031026,1.142857,0
24.772499,0.000000,-0.024686,0.024686,1.142857,0
24.775000,0.000000,-0.028895,0.028895,1.142857,0
24.777500,0.000000,-0.029055,0.029055,1.142857,0
24.780001,0.000000,-0.024961,0.024961,1.111111,0
24.782499,0.000000,-0.031543,0.031543,1.111111,0
24.785000,0.000000,-0.035185,0.035185,1.111111,0
24.787500,0.000000,-0.029974,0.029974,1.111111,0
24.790001,0.000000,-0.034005,0.034005,1.111111,0
24.792500,0.000000,-0.024401,0.024401,1.111111,0
24.795000,0.000000,-0.032481,0.032481,1.111111,0
24.797501,0.000000,-0.040367,0.040367,1.111111,0
24.799999,0.000000,-0.021802,0.021802,1.079365,0
24.802500,0.000000,-0.035137,0.035137,1.079365,0
24.805000,0.000000,-0.034367,0.034367,1.079365,0
24.807501,0.000000,-0.016490,0.016490,1.079365,0
24.809999,0.000000,-0.016275,0.016275,1.079365,0
24.812500,0.000000,-0.003530,0.003530,1.079365,0
24.815001,0.000000,0.002517,-0.002517,1.079365,0
24.817499,0.000000,0.002379,-0.002379,1.079365,0
24.820000,0.000000,0.001183,-0.001183,1.142857,0
24.822500,0.000000,-0.017216,0.017216,1.142857,0
24.825001,0.000000,-0.019512,0.019512,1.142857,0
24.827499,0.000000,-0.016960,0.016960,1.142857,0
24.830000,0.000000,-0.014479,0.014479,1.142857,0
24.832500,0.000000,0.007377,-0.007377,1.142857,0
24.834999,0.000000,0.009621,-0.009621,1.142857,0
24.837500,0.000000,0.014849,-0.014849,1.142857,0
24.840000,0.000000,0.025388,-0.025388,1.047619,0
24.842501,0.000000,0.029720,-0.029720,1.047619,0
24.844999,0.000000,0.028027,-0.028027,1.047619,0
24.847500,0.000000,0.026433,-0.026433,1.047619,0
24.850000,0.000000,0.022361,-0.022361,1.047619,0
24.852501,0.000000,0.025859,-0.025859,1.047619,0
24.855000,0.000000,0.023500,-0.023500,1.047619,0
24.857500,0.000000,0.028648,-0.028648,1.047619,0
24.860001,0.000000,0.018094,-0.018094,1.015873,0
24.862499,0.000000,0.018953,-0.018953,1.015873,0
24.865000,0.000000,0.033227,-0.033227,1.015873,0
24.867500,0.000000,0.030078,-0.030078,1.015873,0
24.870001,0.000000,0.046751,-0.046751,1.015873,0
24.872499,0.000000,0.046901,-0.046901,1.015873,0
24.875000,0.000000,0.044953,-0.044953,1.015873,0
24.877501,0.000000,0.044710,-0.044710,1.015873,0
24.879999,0.000000,0.040411,-0.040411,1.015873,0
24.882500,0.000000,0.020417,-0.020417,1.015873,0
24.885000,0.000000,0.028144,-0.028144,1.015873,0
24.887501,0.000000,0.048057,-0.048057,1.015873,0
24.889999,0.000000,0.051163,-0.051163,1.015873,0
24.892500,0.000000,0.054750,-0.054750,1.015873,0
24.895000,0.000000,0.051391,-0.051391,1.015873,0
24.897499,0.000000,0.060782,-0.060782,1.015873,0
24.900000,0.000000,0.058658,-0.058658,1.047619,0
24.902500,0.000000,0.059408,-0.059408,1.047619,0
24.905001,0.000000,0.043317,-0.043317,1.047619,0
24.907499,0.000000,0.037201,-0.037201,1.047619,0
24.910000,0.000000,0.039493,-0.039493,1.047619,0
24.912500,0.000000,0.046676,-0.046676,1.047619,0
24.915001,0.000000,0.053906,-0.053906,1.047619,0
24.917500,0.000000,0.037838,-0.037838,1.047619,0
24.920000,0.000000,0.023915,-0.023915,1.111111,0
24.922501,0.000000,0.028354,-0.028354,1.111111,0
24.924999,0.000000,0.021042,-0.021042,1.111111,0
24.927500,0.000000,0.028290,-0.028290,1.111111,0
24.930000,0.000000,0.013218,-0.013218,1.111111,0
24.932501,0.000000,0.011987,-0.011987,1.111111,0
24.934999,0.000000,0.011354,-0.011354,1.111111,0
24.937500,0.000000,0.015264,-0.015264,1.111111,0
24.940001,0.000000,0.005996,-0.005996,1.142857,0
24.942499,0.000000,-0.011080,0.011080,1.142857,0
24.945000,0.000000,-0.009303,0.009303,1.142857,0
24.947500,0.000000,-0.004509,0.004509,1.142857,0
24.950001,0.000000,0.004316,-0.004316,1.142857,0
24.952499,0.000000,0.001097,-0.001097,1.142857,0
24.955000,0.000000,0.007784,-0.007784,1.142857,0
24.957500,0.000000,0.011782,-0.011782,1.142857,0
24.959999,0.000000,0.023518,-0.023518,1.079365,0
24.962500,0.000000,0.022334,-0.022334,1.079365,0
24.965000,0.000000,0.005902,-0.005902,1.079365,0
24.967501,0.000000,0.005114,-0.005114,1.079365,0
24.969999,0.000000,0.005774,-0.005774,1.079365,0
24.972500,0.000000,0.010332,-0.010332,1.079365,0
24.975000,0.000000,-0.003937,0.003937,1.079365,0
24.977501,0.000000,-0.006667,0.006667,1.079365,0
24.980000,0.000000,0.001881,-0.001881,1.015873,0
24.982500,0.000000,0.000825,-0.000825,1.015873,0
24.985001,0.000000,-0.002129,0.002129,1.015873,0
24.987499,0.000000,0.016171,-0.016171,1.015873,0
24.990000,0.000000,0.005462,-0.005462,1.015873,0
24.992500,0.000000,0.017060,-0.017060,1.015873,0
24.995001,0.000000,0.026274,-0.026274,1.015873,0
24.997499,0.000000,0.023341,-0.023341,1.015873,0
25.000000,0.000000,0.022450,-0.022450,1.174603,0
25.002501,0.000000,0.021551,-0.021551,1.174603,0
25.004999,0.000000,0.022506,-0.022506,1.174603,0
25.007500,0.000000,0.016908,-0.016908,1.174603,0
25.010000,0.000000,0.012849,-0.012849,1.174603,0
25.012501,0.000000,0.009507,-0.009507,1.174603,0
25.014999,0.000000,0.006518,-0.006518,1.174603,0
25.017500,0.000000,0.003710,-0.003710,1.174603,0
25.020000,0.000000,-0.016908,0.016908,1.079365,0
25.022499,0.000000,-0.015525,0.015525,1.079365,0
25.025000,0.000000,-0.019900,0.019900,1.079365,0
25.027500,0.000000,-0.036388,0.036388,1.079365,0
25.030001,0.000000,-0.038535,0.038535,1.079365,0
25.032499,0.000000,-0.040902,0.040902,1.079365,0
25.035000,0.000000,-0.028078,0.028078,1.079365,0
25.037500,0.000000,-0.032189,0.032189,1.079365,0
25.040001,0.000000,-0.025167,0.025167,1.079365,0
25.042500,0.000000,-0.011092,0.011092,1.015873,0
25.045000,0.000000,-0.016789,0.016789,1.015873,0
25.047501,0.000000,-0.016736,0.016736,1.015873,0
25.049999,0.000000,0.000323,-0.000323,1.015873,0
25.052500,0.000000,0.002502,-0.002502,1.015873,0
25.055000,0.000000,0.005994,-0.005994,1.015873,0
25.057501,0.000000,0.001931,-0.001931,1.015873,0
25.059999,0.000000,0.008415,-0.008415,1.015873,0
25.062500,0.000000,0.007785,-0.007785,1.015873,0
25.065001,0.000000,-0.009852,0.009852,1.015873,0
25.067499,0.000000,-0.012927,0.012927,1.015873,0
25.070000,0.000000,-0.023755,0.023755,1.015873,0
25.072500,0.000000,-0.021981,0.021981,1.015873,0
25.075001,0.000000,-0.029998,0.029998,1.015873,0
25.077499,0.000000,-0.024581,0.024581,1.015873,0
25.080000,0.000000,-0.023424,0.023424,1.015873,0
25.082500,0.000000,-0.034208,0.034208,1.047619,0
25.084999,0.000000,-0.037739,0.037739,1.047619,0
25.087500,0.000000,-0.030941,0.030941,1.047619,0
25.090000,0.000000,-0.019495,0.019495,1.047619,0
25.092501,0.000000,-0.027220,0.027220,1.047619,0
25.094999,0.000000,-0.036513,0.036513,1.047619,0
25.097500,0.000000,-0.017524,0.017524,1.047619,0
25.100000,0.000000,-0.017104,0.017104,1.047619,0
25.102501,0.000000,-0.015691,0.015691,0.984127,0
25.105000,0.000000,-0.022379,0.022379,0.984127,0
25.107500,0.000000,-0.019610,0.019610,0.984127,0
25.110001,0.000000,-0.002426,0.002426,0.984127,0
25.112499,0.000000,0.000104,-0.000104,0.984127,0
25.115000,0.000000,0.010373,-0.010373,0.984127,0
25.117500,0.000000,0.010336,-0.010336,0.984127,0
25.120001,0.000000,0.000431,-0.000431,1.015873,0
25.122499,0.000000,-0.005975,0.005975,1.015873,0
25.125000,0.000000,-0.016254,0.016254,1.015873,0
25.127501,0.000000,-0.013737,0.013737,1.015873,0
25.129999,0.000000,-0.001886,0.001886,1.015873,0
25.132500,0.000000,-0.000324,0.000324,1.015873,0
25.135000,0.000000,-0.003192,0.003192,1.015873,0
25.137501,0.000000,-0.010479,0.010479,1.015873,0
25.139999,0.000000,-0.006744,0.006744,0.984127,0
25.142500,0.000000,-0.018428,0.018428,0.984127,0
25.145000,0.000000,-0.028749,0.028749,0.984127,0
25.147499,0.000000,-0.019249,0.019249,0.984127,0
25.150000,0.000000,-0.021326,0.021326,0.984127,0
25.152500,0.000000,-0.023528,0.023528,0.984127,0
25.155001,0.000000,-0.024433,0.024433,0.984127,0
25.157499,0.000000,-0.016756,0.016756,0.984127,0
25.160000,0.000000,-0.014669,0.014669,0.984127,0
25.162500,0.000000,-0.021321,0.021321,0.984127,0
25.165001,0.000000,-0.027424,0.027424,0.984127,0
25.167500,0.000000,-0.028458,0.028458,0.984127,0
25.170000,0.000000,-0.024719,0.024719,0.984127,0
25.172501,0.000000,-0.024313,0.024313,0.984127,0
25.174999,0.000000,-0.024766,0.024766,0.984127,0
25.177500,0.000000,-0.023580,0.023580,0.984127,0
25.180000,0.000000,-0.023235,0.023235,1.047619,0
25.182501,0.000000,-0.029608,0.029608,1.047619,0
25.184999,0.000000,-0.018770,0.018770,1.047619,0
25.187500,0.000000,-0.022592,0.022592,1.047619,0
25.190001,0.000000,-0.020777,0.020777,1.047619,0
25.192499,0.000000,-0.038837,0.038837,1.047619,0
25.195000,0.000000,-0.039674,0.039674,1.047619,0
25.197500,0.000000,-0.048509,0.048509,1.047619,0
25.200001,0.000000,-0.056003,0.056003,1.047619,0
25.202499,0.000000,-0.032391,0.032391,1.047619,0
25.205000,0.000000,-0.029192,0.029192,1.047619,0
25.207500,0.000000,-0.017199,0.017199,1.047619,0
25.209999,0.000000,-0.008919,0.008919,1.047619,0
25.212500,0.000000,0.000294,-0.000294,1.047619,0
25.215000,0.000000,-0.001529,0.001529,1.047619,0
25.217501,0.000000,0.013162,-0.013162,1.047619,0
25.219999,0.000000,0.020709,-0.020709,1.015873,0
25.222500,0.000000,0.020483,-0.020483,1.015873,0
25.225000,0.000000,0.022343,-0.022343,1.015873,0
25.227501,0.000000,0.020400,-0.020400,1.015873,0
25.230000,0.000000,0.020285,-0.020285,1.015873,0
25.232500,0.000000,0.019276,-0.019276,1.015873,0
25.235001,0.000000,0.022277,-0.022277,1.015873,0
25.237499,0.000000,0.037900,-0.037900,1.015873,0
25.240000,0.000000,0.025503,-0.025503,1.015873,0
25.242500,0.000000,0.035434,-0.035434,1.015873,0
25.245001,0.000000,0.030942,-0.030942,1.015873,0
25.247499,0.000000,0.041900,-0.041900,1.015873,0
25.250000,0.000000,0.037543,-0.037543,1.015873,0
25.252501,0.000000,0.040292,-0.040292,1.015873,0
25.254999,0.000000,0.037617,-0.037617,1.015873,0
25.257500,0.000000,0.020331,-0.020331,1.015873,0
25.260000,0.000000,0.035162,-0.035162,1.079365,0
25.262501,0.000000,0.025815,-0.025815,1.079365,0
25.264999,0.000000,0.025835,-0.025835,1.079365,0
25.267500,0.000000,0.015753,-0.015753,1.079365,0
25.270000,0.000000,0.003409,-0.003409,1.079365,0
25.272499,0.000000,0.001487,-0.001487,1.079365,0
25.275000,0.000000,-0.003849,0.003849,1.079365,0
25.277500,0.000000,-0.014176,0.014176,1.079365,0
25.280001,0.000000,-0.014092,0.014092,1.079365,0
25.282499,0.000000,-0.026948,0.026948,1.079365,0
25.285000,0.000000,-0.025062,0.025062,1.079365,0
25.287500,0.000000,-0.025493,0.025493,1.079365,0
25.290001,0.000000,-0.047008,0.047008,1.079365,0
25.292500,0.000000,-0.050367,0.050367,1.079365,0
25.295000,0.000000,-0.044732,0.044732,1.079365,0
25.297501,0.000000,-0.053015,0.053015,1.079365,0
25.299999,0.000000,-0.047064,0.047064,1.111111,0
25.302500,0.000000,-0.041964,0.041964,1.111111,0
25.305000,0.000000,-0.049735,0.049735,1.111111,0
25.307501,0.000000,-0.048460,0.048460,1.111111,0
25.309999,0.000000,-0.039853,0.039853,1.111111,0
25.312500,0.000000,-0.046462,0.046462,1.111111,0
25.315001,0.000000,-0.046981,0.046981,1.111111,0
25.317499,0.000000,-0.035521,0.035521,1.111111,0
25.320000,0.000000,-0.041939,0.041939,1.142857,0
25.322500,0.000000,-0.036835,0.036835,1.142857,0
25.325001,0.000000,-0.045150,0.045150,1.142857,0
25.327499,0.000000,-0.045307,0.045307,1.142857,0
25.330000,0.000000,-0.040198,0.040198,1.142857,0
25.332500,0.000000,-0.059941,0.059941,1.142857,0
25.334999,0.000000,-0.062933,0.062933,1.142857,0
25.337500,0.000000,-0.057474,0.057474,1.142857,0
25.340000,0.000000,-0.054016,0.054016,1.174603,0
25.342501,0.000000,-0.057003,0.057003,1.174603,0
25.344999,0.000000,-0.064870,0.064870,1.174603,0
25.347500,0.000000,-0.057765,0.057765,1.174603,0
25.350000,0.000000,-0.058958,0.058958,1.174603,0
25.352501,0.000000,-0.052705,0.052705,1.174603,0
25.355000,0.000000,-0.048026,0.048026,1.174603,0
25.357500,0.000000,-0.050557,0.050557,1.174603,0
25.360001,0.000000,-0.040240,0.040240,1.206349,0
25.362499,0.000000,-0.044156,0.044156,1.206349,0
25.365000,0.000000,-0.032986,0.032986,1.206349,0
25.367500,0.000000,-0.020996,0.020996,1.206349,0
25.370001,0.000000,-0.011593,0.011593,1.206349,0
25.372499,0.000000,-0.012806,0.012806,1.206349,0
25.375000,0.000000,0.009042,-0.009042,1.206349,0
25.377501,0.000000,0.010084,-0.010084,1.206349,0
25.379999,0.000000,0.011774,-0.011774,1.269841,0
25.382500,0.000000,0.011294,-0.011294,1.269841,0
25.385000,0.000000,0.001835,-0.001835,1.269841,0
25.387501,0.000000,0.012319,-0.012319,1.269841,0
25.389999,0.000000,0.007338,-0.007338,1.269841,0
25.392500,0.000000,0.014655,-0.014655,1.269841,0
25.395000,0.000000,0.023756,-0.023756,1.269841,0
25.397499,0.000000,0.028081,-0.028081,1.269841,0
25.400000,0.000000,0.021530,-0.021530,1.238095,0
25.402500,0.000000,0.018094,-0.018094,1.238095,0
25.405001,0.000000,-0.004887,0.004887,1.238095,0
25.407499,0.000000,-0.005737,0.005737,1.238095,0
25.410000,0.000000,0.001172,-0.001172,1.238095,0
25.412500,0.000000,-0.000859,0.000859,1.238095,0
25.415001,0.000000,-0.005810,0.005810,1.238095,0
25.417500,0.000000,-0.008166,0.008166,1.238095,0
25.420000,0.000000,0.003374,-0.003374,1.111111,0
25.422501,0.000000,0.002771,-0.002771,1.111111,0
25.424999,0.000000,0.019894,-0.019894,1.111111,0
25.427500,0.000000,0.014037,-0.014037,1.111111,0
25.430000,0.000000,0.015632,-0.015632,1.111111,0
25.432501,0.000000,0.011184,-0.011184,1.111111,0
25.434999,0.000000,0.029938,-0.029938,1.111111,0
25.437500,0.000000,0.030719,-0.030719,1.111111,0
25.440001,0.000000,0.049344,-0.049344,1.111111,0
25.442499,0.000000,0.044555,-0.044555,1.238095,0
25.445000,0.000000,0.056097,-0.056097,1.238095,0
25.447500,0.000000,0.055602,-0.055602,1.238095,0
25.450001,0.000000,0.061117,-0.061117,1.238095,0
25.452499,0.000000,0.049312,-0.049312,1.238095,0
25.455000,0.000000,0.050922,-0.050922,1.238095,0
25.457500,0.000000,0.040623,-0.040623,1.238095,0
25.459999,0.000000,0.041701,-0.041701,1.238095,0
25.462500,0.000000,0.027859,-0.027859,1.238095,0
25.465000,0.000000,0.026329,-0.026329,1.238095,0
25.467501,0.000000,0.034836,-0.034836,1.238095,0
25.469999,0.000000,0.038514,-0.038514,1.238095,0
25.472500,0.000000,0.027105,-0.027105,1.238095,0
25.475000,0.000000,0.010396,-0.010396,1.238095,0
25.477501,0.000000,0.014307,-0.014307,1.238095,0
25.480000,0.000000,0.027258,-0.027258,1.238095,0
25.482500,0.000000,0.018398,-0.018398,1.238095,0
25.485001,0.000000,0.035613,-0.035613,1.238095,0
25.487499,0.000000,0.034607,-0.034607,1.238095,0
25.490000,0.000000,0.017130,-0.017130,1.238095,0
25.492500,0.000000,0.003475,-0.003475,1.238095,0
25.495001,0.000000,0.009895,-0.009895,1.238095,0
25.497499,0.000000,0.010726,-0.010726,1.238095,0
25.500000,0.000000,0.023277,-0.023277,1.206349,0
25.502501,0.000000,0.012259,-0.012259,1.206349,0
25.504999,0.000000,0.012950,-0.012950,1.206349,0
25.507500,0.000000,0.012653,-0.012653,1.206349,0
25.510000,0.000000,0.011069,-0.011069,1.206349,0
25.512501,0.000000,0.007453,-0.007453,1.206349,0
25.514999,0.000000,0.004110,-0.004110,1.206349,0
25.517500,0.000000,0.005509,-0.005509,1.206349,0
25.520000,0.000000,0.007976,-0.007976,1.206349,0
25.522499,0.000000,0.010041,-0.010041,1.142857,0
25.525000,0.000000,0.020688,-0.020688,1.142857,0
25.527500,0.000000,0.009218,-0.009218,1.142857,0
25.530001,0.000000,-0.007429,0.007429,1.142857,0
25.532499,0.000000,0.001969,-0.001969,1.142857,0
25.535000,0.000000,-0.006599,0.006599,1.142857,0
25.537500,0.000000,-0.009831,0.009831,1.142857,0
25.540001,0.000000,-0.015195,0.015195,1.111111,0
25.542500,0.000000,-0.020590,0.020590,1.111111,0
25.545000,0.000000,-0.033409,0.033409,1.111111,0
25.547501,0.000000,-0.037671,0.037671,1.111111,0
25.549999,0.000000,-0.030621,0.030621,1.111111,0
25.552500,0.000000,-0.029769,0.029769,1.111111,0
25.555000,0.000000,-0.024291,0.024291,1.111111,0
25.557501,0.000000,-0.028123,0.028123,1.111111,0
25.559999,0.000000,-0.018833,0.018833,1.079365,0
25.562500,0.000000,-0.023029,0.023029,1.079365,0
25.565001,0.000000,-0.042033,0.042033,1.079365,0
25.567499,0.000000,-0.037843,0.037843,1.079365,0
25.570000,0.000000,-0.029588,0.029588,1.079365,0
25.572500,0.000000,-0.033916,0.033916,1.079365,0
25.575001,0.000000,-0.021791,0.021791,1.079365,0
25.577499,0.000000,-0.029037,0.029037,1.079365,0
25.580000,0.000000,-0.021978,0.021978,1.079365,0
25.582500,0.000000,-0.006420,0.006420,1.174603,0
25.584999,0.000000,-0.005931,0.005931,1.174603,0
25.587500,0.000000,-0.007715,0.007715,1.174603,0
25.590000,0.000000,-0.008414,0.008414,1.174603,0
25.592501,0.000000,0.005829,-0.005829,1.174603,0
25.594999,0.000000,0.009140,-0.009140,1.174603,0
25.597500,0.000000,0.027374,-0.027374,1.174603,0
25.600000,0.000000,0.029036,-0.029036,1.174603,0
25.602501,0.000000,0.022096,-0.022096,1.079365,0
25.605000,0.000000,0.016022,-0.016022,1.079365,0
25.607500,0.000000,0.016124,-0.016124,1.079365,0
25.610001,0.000000,-0.003274,0.003274,1.079365,0
25.612499,0.000000,-0.007577,0.007577,1.079365,0
25.615000,0.000000,-0.011543,0.011543,1.079365,0
25.617500,0.000000,-0.008990,0.008990,1.079365,0
25.620001,0.000000,0.010198,-0.010198,1.015873,0
25.622499,0.000000,0.010417,-0.010417,1.015873,0
25.625000,0.000000,-0.008535,0.008535,1.015873,0
25.627501,0.000000,-0.017112,0.017112,1.015873,0
25.629999,0.000000,-0.014059,0.014059,1.015873,0
25.632500,0.000000,-0.012735,0.012735,1.015873,0
25.635000,0.000000,0.003267,-0.003267,1.015873,0
25.637501,0.000000,0.012380,-0.012380,1.015873,0
25.639999,0.000000,0.020916,-0.020916,1.015873,0
25.642500,0.000000,0.018048,-0.018048,0.952381,0
25.645000,0.000000,0.028563,-0.028563,0.952381,0
25.647499,0.000000,0.018641,-0.018641,0.952381,0
25.650000,0.000000,0.027764,-0.027764,0.952381,0
25.652500,0.000000,0.024059,-0.024059,0.952381,0
25.655001,0.000000,0.008847,-0.008847,0.952381,0
25.657499,0.000000,0.014476,-0.014476,0.952381,0
25.660000,0.000000,0.027166,-0.027166,1.015873,0
25.662500,0.000000,0.022544,-0.022544,1.015873,0
25.665001,0.000000,0.036535,-0.036535,1.015873,0
25.667500,0.000000,0.019923,-0.019923,1.015873,0
25.670000,0.000000,0.008113,-0.008113,1.015873,0
25.672501,0.000000,0.006498,-0.006498,1.015873,0
25.674999,0.000000,0.002831,-0.002831,1.015873,0
25.677500,0.000000,-0.003501,0.003501,1.015873,0
25.680000,0.000000,-0.002107,0.002107,0.984127,0
25.682501,0.000000,-0.007128,0.007128,0.984127,0
25.684999,0.000000,-0.010361,0.010361,0.984127,0
25.687500,0.000000,-0.007373,0.007373,0.984127,0
25.690001,0.000000,-0.013553,0.013553,0.984127,0
25.692499,0.000000,-0.014159,0.014159,0.984127,0
25.695000,0.000000,-0.019913,0.019913,0.984127,0
25.697500,0.000000,-0.030849,0.030849,0.984127,0
25.700001,0.000000,-0.022839,0.022839,1.015873,0
25.702499,0.000000,-0.006282,0.006282,1.015873,0
25.705000,0.000000,0.003806,-0.003806,1.015873,0
25.707500,0.000000,0.006780,-0.006780,1.015873,0
25.709999,0.000000,0.000611,-0.000611,1.015873,0
25.712500,0.000000,-0.002077,0.002077,1.015873,0
25.715000,0.000000,0.007823,-0.007823,1.015873,0
25.717501,0.000000,-0.013646,0.013646,1.015873,0
25.719999,0.000000,-0.016710,0.016710,0.984127,0
25.722500,0.000000,-0.009181,0.009181,0.984127,0
25.725000,0.000000,-0.019787,0.019787,0.984127,0
25.727501,0.000000,-0.015143,0.015143,0.984127,0
25.730000,0.000000,-0.011086,0.011086,0.984127,0
25.732500,0.000000,-0.024632,0.024632,0.984127,0
25.735001,0.000000,-0.023059,0.023059,0.984127,0
25.737499,0.000000,-0.028251,0.028251,0.984127,0
25.740000,0.000000,-0.023434,0.023434,0.984127,0
25.742500,0.000000,-0.016348,0.016348,0.984127,0
25.745001,0.000000,-0.012057,0.012057,0.984127,0
25.747499,0.000000,-0.011003,0.011003,0.984127,0
25.750000,0.000000,-0.007924,0.007924,0.984127,0
25.752501,0.000000,-0.018871,0.018871,0.984127,0
25.754999,0.000000,-0.018596,0.018596,0.984127,0
25.757500,0.000000,-0.025608,0.025608,0.984127,0
25.760000,0.000000,-0.015036,0.015036,0.984127,0
25.762501,0.000000,-0.008094,0.008094,0.984127,0
25.764999,0.000000,-0.001388,0.001388,0.984127,0
25.767500,0.000000,0.014924,-0.014924,0.984127,0
25.770000,0.000000,0.011343,-0.011343,0.984127,0
25.772499,0.000000,0.005792,-0.005792,0.984127,0
25.775000,0.000000,0.002263,-0.002263,0.984127,0
25.777500,0.000000,-0.013007,0.013007,0.984127,0
25.780001,0.000000,-0.027916,0.027916,0.920635,0
25.782499,0.000000,-0.020795,0.020795,0.920635,0
25.785000,0.000000,-0.034116,0.034116,0.920635,0
25.787500,0.000000,-0.043789,0.043789,0.920635,0
25.790001,0.000000,-0.043422,0.043422,0.920635,0
25.792500,0.000000,-0.046164,0.046164,0.920635,0
25.795000,0.000000,-0.035890,0.035890,0.920635,0
25.797501,0.000000,-0.034160,0.034160,0.920635,0
25.799999,0.000000,-0.040818,0.040818,0.952381,0
25.802500,0.000000,-0.030207,0.030207,0.952381,0
25.805000,0.000000,-0.022263,0.022263,0.952381,0
25.807501,0.000000,-0.035180,0.035180,0.952381,0
25.809999,0.000000,-0.031678,0.031678,0.952381,0
25.812500,0.000000,-0.037600,0.037600,0.952381,0
25.815001,0.000000,-0.043594,0.043594,0.952381,0
25.817499,0.000000,-0.024269,0.024269,0.952381,0
25.820000,0.000000,-0.022334,0.022334,0.952381,0
25.822500,0.000000,-0.023748,0.023748,0.952381,0
25.825001,0.000000,-0.022208,0.022208,0.952381,0
25.827499,0.000000,-0.013121,0.013121,0.952381,0
25.830000,0.000000,-0.019471,0.019471,0.952381,0
25.832500,0.000000,-0.023985,0.023985,0.952381,0
25.834999,0.000000,-0.016940,0.016940,0.952381,0
25.837500,0.000000,-0.031007,0.031007,0.952381,0
25.840000,0.000000,-0.020835,0.020835,0.984127,0
25.842501,0.000000,-0.035226,0.035226,0.984127,0
25.844999,0.000000,-0.036483,0.036483,0.984127,0
25.847500,0.000000,-0.050370,0.050370,0.984127,0
25.850000,0.000000,-0.058772,0.058772,0.984127,0
25.852501,0.000000,-0.044868,0.044868,0.984127,0
25.855000,0.000000,-0.033743,0.033743,0.984127,0
25.857500,0.000000,-0.021939,0.021939,0.984127,0
25.860001,0.000000,-0.035268,0.035268,0.952381,0
25.862499,0.000000,-0.044342,0.044342,0.952381,0
25.865000,0.000000,-0.039707,0.039707,0.952381,0
25.867500,0.000000,-0.031592,0.031592,0.952381,0
25.870001,0.000000,-0.038341,0.038341,0.952381,0
25.872499,0.000000,-0.042756,0.042756,0.952381,0
25.875000,0.000000,-0.052361,0.052361,0.952381,0
25.877501,0.000000,-0.034780,0.034780,0.952381,0
25.879999,0.000000,-0.038197,0.038197,0.984127,0
25.882500,0.000000,-0.036772,0.036772,0.984127,0
25.885000,0.000000,-0.034898,0.034898,0.984127,0
25.887501,0.000000,-0.023493,0.023493,0.984127,0
25.889999,0.000000,-0.031734,0.031734,0.984127,0
25.892500,0.000000,-0.019824,0.019824,0.984127,0
25.895000,0.000000,-0.031245,0.031245,0.984127,0
25.897499,0.000000,-0.019363,0.019363,0.984127,0
25.900000,0.000000,-0.035366,0.035366,0.952381,0
25.902500,0.000000,-0.035296,0.035296,0.952381,0
25.905001,0.000000,-0.018505,0.018505,0.952381,0
25.907499,0.000000,-0.011203,0.011203,0.952381,0
25.910000,0.000000,-0.006792,0.006792,0.952381,0
25.912500,0.000000,-0.016707,0.016707,0.952381,0
25.915001,0.000000,-0.023289,0.023289,0.952381,0
25.917500,0.000000,-0.009608,0.009608,0.952381,0
25.920000,0.000000,-0.005027,0.005027,1.015873,0
25.922501,0.000000,0.003242,-0.003242,1.015873,0
25.924999,0.000000,0.003822,-0.003822,1.015873,0
25.927500,0.000000,0.001135,-0.001135,1.015873,0
25.930000,0.000000,0.008122,-0.008122,1.015873,0
25.932501,0.000000,0.010264,-0.010264,1.015873,0
25.934999,0.000000,0.008407,-0.008407,1.015873,0
25.937500,0.000000,-0.004825,0.004825,1.015873,0
25.940001,0.000000,0.003618,-0.003618,1.079365,0
25.942499,0.000000,0.007361,-0.007361,1.079365,0
25.945000,0.000000,0.001852,-0.001852,1.079365,0
25.947500,0.000000,0.012141,-0.012141,1.079365,0
25.950001,0.000000,0.013946,-0.013946,1.079365,0
25.952499,0.000000,0.015876,-0.015876,1.079365,0
25.955000,0.000000,0.023227,-0.023227,1.079365,0
25.957500,0.000000,0.028485,-0.028485,1.079365,0
25.959999,0.000000,0.030334,-0.030334,1.047619,0
25.962500,0.000000,0.027748,-0.027748,1.047619,0
25.965000,0.000000,0.044993,-0.044993,1.047619,0
25.967501,0.000000,0.037019,-0.037019,1.047619,0
25.969999,0.000000,0.042746,-0.042746,1.047619,0
25.972500,0.000000,0.040750,-0.040750,1.047619,0
25.975000,0.000000,0.043721,-0.043721,1.047619,0
25.977501,0.000000,0.053711,-0.053711,1.047619,0
25.980000,0.000000,0.049433,-0.049433,1.079365,0
25.982500,0.000000,0.053397,-0.053397,1.079365,0
25.985001,0.000000,0.054258,-0.054258,1.079365,0
25.987499,0.000000,0.047009,-0.047009,1.079365,0
25.990000,0.000000,0.056912,-0.056912,1.079365,0
25.992500,0.000000,0.061659,-0.061659,1.079365,0
25.995001,0.000000,0.056029,-0.056029,1.079365,0
25.997499,0.000000,0.064320,-0.064320,1.079365,0
26.000000,0.000000,0.055052,-0.055052,1.079365,0
26.002501,0.000000,0.053232,-0.053232,1.079365,0
26.004999,0.000000,0.047872,-0.047872,1.079365,0
26.007500,0.000000,0.053257,-0.053257,1.079365,0
26.010000,0.000000,0.047436,-0.047436,1.079365,0
26.012501,0.000000,0.052904,-0.052904,1.079365,0
26.014999,0.000000,0.056745,-0.056745,1.079365,0
26.017500,0.000000,0.051755,-0.051755,1.079365,0
26.020000,0.000000,0.066005,-0.066005,1.142857,0
26.022499,0.000000,0.057830,-0.057830,1.142857,0
26.025000,0.000000,0.044166,-0.044166,1.142857,0
26.027500,0.000000,0.050326,-0.050326,1.142857,0
26.030001,0.000000,0.030445,-0.030445,1.142857,0
26.032499,0.000000,0.042481,-0.042481,1.142857,0
26.035000,0.000000,0.042199,-0.042199,1.142857,0
26.037500,0.000000,0.028706,-0.028706,1.142857,0
26.040001,0.000000,0.020134,-0.020134,1.206349,0
26.042500,0.000000,0.006096,-0.006096,1.206349,0
26.045000,0.000000,0.009109,-0.009109,1.206349,0
26.047501,0.000000,-0.002151,0.002151,1.206349,0
26.049999,0.000000,0.002085,-0.002085,1.206349,0
26.052500,0.000000,-0.000512,0.000512,1.206349,0
26.055000,0.000000,-0.004470,0.004470,1.206349,0
26.057501,0.000000,-0.000089,0.000089,1.206349,0
26.059999,0.000000,0.005267,-0.005267,1.174603,0
26.062500,0.000000,0.014970,-0.014970,1.174603,0
26.065001,0.000000,0.009112,-0.009112,1.174603,0
26.067499,0.000000,0.008607,-0.008607,1.174603,0
26.070000,0.000000,0.002899,-0.002899,1.174603,0
26.072500,0.000000,0.004225,-0.004225,1.174603,0
26.075001,0.000000,-0.002605,0.002605,1.174603,0
26.077499,0.000000,-0.006195,0.006195,1.174603,0
26.080000,0.000000,-0.009646,0.009646,1.174603,0
26.082500,0.000000,-0.006846,0.006846,1.174603,0
26.084999,0.000000,-0.006634,0.006634,1.174603,0
26.087500,0.000000,-0.002071,0.002071,1.174603,0
26.090000,0.000000,-0.002940,0.002940,1.174603,0
26.092501,0.000000,-0.007882,0.007882,1.174603,0
26.094999,0.000000,-0.006008,0.006008,1.174603,0
26.097500,0.000000,-0.013795,0.013795,1.174603,0
26.100000,0.000000,-0.008480,0.008480,1.174603,0
26.102501,0.000000,-0.010724,0.010724,1.174603,0
26.105000,0.000000,-0.008655,0.008655,1.174603,0
26.107500,0.000000,-0.006507,0.006507,1.174603,0
26.110001,0.000000,0.007582,-0.007582,1.174603,0
26.112499,0.000000,0.010689,-0.010689,1.174603,0
26.115000,0.000000,0.011032,-0.011032,1.174603,0
26.117500,0.000000,0.004710,-0.004710,1.174603,0
26.120001,0.000000,0.011241,-0.011241,1.238095,0
26.122499,0.000000,0.008701,-0.008701,1.238095,0
26.125000,0.000000,-0.004216,0.004216,1.238095,0
26.127501,0.000000,-0.005730,0.005730,1.238095,0
26.129999,0.000000,-0.003982,0.003982,1.238095,0
26.132500,0.000000,-0.010710,0.010710,1.238095,0
26.135000,0.000000,-0.011415,0.011415,1.238095,0
26.137501,0.000000,-0.011711,0.011711,1.238095,0
26.139999,0.000000,-0.011881,0.011881,1.142857,0
26.142500,0.000000,-0.000443,0.000443,1.142857,0
26.145000,0.000000,-0.012211,0.012211,1.142857,0
26.147499,0.000000,0.006388,-0.006388,1.142857,0
26.150000,0.000000,0.005912,-0.005912,1.142857,0
26.152500,0.000000,0.010944,-0.010944,1.142857,0
26.155001,0.000000,0.011779,-0.011779,1.142857,0
26.157499,0.000000,-0.003999,0.003999,1.142857,0
26.160000,0.000000,-0.013334,0.013334,1.142857,0
26.162500,0.000000,-0.017642,0.017642,1.142857,0
26.165001,0.000000,-0.008269,0.008269,1.142857,0
26.167500,0.000000,-0.020393,0.020393,1.142857,0
26.170000,0.000000,-0.027452,0.027452,1.142857,0
26.172501,0.000000,-0.025208,0.025208,1.142857,0
26.174999,0.000000,-0.020283,0.020283,1.142857,0
26.177500,0.000000,-0.015767,0.015767,1.142857,0
26.180000,0.000000,-0.024521,0.024521,1.079365,0
26.182501,0.000000,-0.038744,0.038744,1.079365,0
26.184999,0.000000,-0.032566,0.032566,1.079365,0
26.187500,0.000000,-0.018244,0.018244,1.079365,0
26.190001,0.000000,-0.020921,0.020921,1.079365,0
26.192499,0.000000,-0.030947,0.030947,1.079365,0
26.195000,0.000000,-0.034029,0.034029,1.079365,0
26.197500,0.000000,-0.029378,0.029378,1.079365,0
26.200001,0.000000,-0.030712,0.030712,1.047619,0
26.202499,0.000000,-0.016435,0.016435,1.047619,0
26.205000,0.000000,-0.007180,0.007180,1.047619,0
26.207500,0.000000,-0.005222,0.005222,1.047619,0
26.209999,0.000000,-0.023519,0.023519,1.047619,0
26.212500,0.000000,-0.029345,0.029345,1.047619,0
26.215000,0.000000,-0.033631,0.033631,1.047619,0
26.217501,0.000000,-0.039651,0.039651,1.047619,0
26.219999,0.000000,-0.036681,0.036681,1.047619,0
26.222500,0.000000,-0.033436,0.033436,0.984127,0
26.225000,0.000000,-0.048938,0.048938,0.984127,0
26.227501,0.000000,-0.039480,0.039480,0.984127,0
26.230000,0.000000,-0.038093,0.038093,0.984127,0
26.232500,0.000000,-0.033402,0.033402,0.984127,0
26.235001,0.000000,-0.025076,0.025076,0.984127,0
26.237499,0.000000,-0.031795,0.031795,0.984127,0
26.240000,0.000000,-0.018903,0.018903,1.015873,0
26.242500,0.000000,-0.019680,0.019680,1.015873,0
26.245001,0.000000,-0.004774,0.004774,1.015873,0
26.247499,0.000000,-0.013085,0.013085,1.015873,0
26.250000,0.000000,0.000896,-0.000896,1.015873,0
26.252501,0.000000,-0.007666,0.007666,1.015873,0
26.254999,0.000000,0.016612,-0.016612,1.015873,0
26.257500,0.000000,0.007141,-0.007141,1.015873,0
26.260000,0.000000,0.016140,-0.016140,1.111111,0
26.262501,0.000000,0.012536,-0.012536,1.111111,0
26.264999,0.000000,0.018432,-0.018432,1.111111,0
26.267500,0.000000,0.017568,-0.017568,1.111111,0
26.270000,0.000000,0.007529,-0.007529,1.111111,0
26.272499,0.000000,-0.017195,0.017195,1.111111,0
26.275000,0.000000,0.005289,-0.005289,1.111111,0
26.277500,0.000000,0.005783,-0.005783,1.111111,0
26.280001,0.000000,-0.019620,0.019620,1.142857,0
26.282499,0.000000,-0.016487,0.016487,1.142857,0
26.285000,0.000000,-0.010104,0.010104,1.142857,0
26.287500,0.000000,-0.015992,0.015992,1.142857,0
26.290001,0.000000,-0.021669,0.021669,1.142857,0
26.292500,0.000000,-0.021248,0.021248,1.142857,0
26.295000,0.000000,-0.010260,0.010260,1.142857,0
26.297501,0.000000,-0.009113,0.009113,1.142857,0
26.299999,0.000000,0.003514,-0.003514,1.174603,0
26.302500,0.000000,0.013010,-0.013010,1.174603,0
26.305000,0.000000,0.010718,-0.010718,1.174603,0
26.307501,0.000000,-0.002927,0.002927,1.174603,0
26.309999,0.000000,-0.004779,0.004779,1.174603,0
26.312500,0.000000,-0.000160,0.000160,1.174603,0
26.315001,0.000000,0.000356,-0.000356,1.174603,0
26.317499,0.000000,0.005771,-0.005771,1.174603,0
26.320000,0.000000,0.013782,-0.013782,1.047619,0
26.322500,0.000000,0.018393,-0.018393,1.047619,0
26.325001,0.000000,0.015242,-0.015242,1.047619,0
26.327499,0.000000,0.019692,-0.019692,1.047619,0
26.330000,0.000000,0.040161,-0.040161,1.047619,0
26.332500,0.000000,0.024953,-0.024953,1.047619,0
26.334999,0.000000,0.028789,-0.028789,1.047619,0
26.337500,0.000000,0.045124,-0.045124,1.047619,0
26.340000,0.000000,0.032778,-0.032778,1.047619,0
26.342501,0.000000,0.041180,-0.041180,1.047619,0
26.344999,0.000000,0.050575,-0.050575,1.047619,0
26.347500,0.000000,0.035281,-0.035281,1.047619,0
26.350000,0.000000,0.040890,-0.040890,1.047619,0
26.352501,0.000000,0.037153,-0.037153,1.047619,0
26.355000,0.000000,0.035495,-0.035495,1.047619,0
26.357500,0.000000,0.031423,-0.031423,1.047619,0
26.360001,0.000000,0.042715,-0.042715,1.047619,0
26.362499,0.000000,0.040476,-0.040476,1.079365,0
26.365000,0.000000,0.035120,-0.035120,1.079365,0
26.367500,0.000000,0.030070,-0.030070,1.079365,0
26.370001,0.000000,0.026120,-0.026120,1.079365,0
26.372499,0.000000,0.015590,-0.015590,1.079365,0
26.375000,0.000000,0.010865,-0.010865,1.079365,0
26.377501,0.000000,0.011620,-0.011620,1.079365,0
26.379999,0.000000,0.014952,-0.014952,1.079365,0
26.382500,0.000000,0.025436,-0.025436,1.079365,0
26.385000,0.000000,0.026891,-0.026891,1.079365,0
26.387501,0.000000,0.021820,-0.021820,1.079365,0
26.389999,0.000000,0.012029,-0.012029,1.079365,0
26.392500,0.000000,0.014353,-0.014353,1.079365,0
26.395000,0.000000,0.012878,-0.012878,1.079365,0
26.397499,0.000000,0.011744,-0.011744,1.079365,0
26.400000,0.000000,0.013788,-0.013788,1.079365,0
26.402500,0.000000,0.018218,-0.018218,1.047619,0
26.405001,0.000000,0.020192,-0.020192,1.047619,0
26.407499,0.000000,0.018012,-0.018012,1.047619,0
26.410000,0.000000,0.010036,-0.010036,1.047619,0
26.412500,0.000000,0.004050,-0.004050,1.047619,0
26.415001,0.000000,0.011805,-0.011805,1.047619,0
26.417500,0.000000,0.007529,-0.007529,1.047619,0
26.420000,0.000000,-0.006702,0.006702,0.920635,0
26.422501,0.000000,0.005517,-0.005517,0.920635,0
26.424999,0.000000,-0.004379,0.004379,0.920635,0
26.427500,0.000000,-0.003875,0.003875,0.920635,0
26.430000,0.000000,0.001281,-0.001281,0.920635,0
26.432501,0.000000,0.001273,-0.001273,0.920635,0
26.434999,0.000000,-0.024002,0.024002,0.920635,0
26.437500,0.000000,-0.019266,0.019266,0.920635,0
26.440001,0.000000,-0.005211,0.005211,0.920635,0
26.442499,0.000000,0.002904,-0.002904,0.920635,0
26.445000,0.000000,-0.018607,0.018607,0.920635,0
26.447500,0.000000,0.003392,-0.003392,0.920635,0
26.450001,0.000000,-0.010032,0.010032,0.920635,0
26.452499,0.000000,-0.020525,0.020525,0.920635,0
26.455000,0.000000,-0.012051,0.012051,0.920635,0
26.457500,0.000000,-0.007145,0.007145,0.920635,0
26.459999,0.000000,-0.006148,0.006148,0.952381,0
26.462500,0.000000,-0.011472,0.011472,0.952381,0
26.465000,0.000000,0.001755,-0.001755,0.952381,0
26.467501,0.000000,0.001321,-0.001321,0.952381,0
26.469999,0.000000,-0.013855,0.013855,0.952381,0
26.472500,0.000000,-0.001525,0.001525,0.952381,0
26.475000,0.000000,0.000640,-0.000640,0.952381,0
26.477501,0.000000,0.011385,-0.011385,0.952381,0
26.480000,0.000000,0.016277,-0.016277,1.015873,0
26.482500,0.000000,0.037642,-0.037642,1.015873,0
26.485001,0.000000,0.033721,-0.033721,1.015873,0
26.487499,0.000000,0.032892,-0.032892,1.015873,0
26.490000,0.000000,0.038534,-0.038534,1.015873,0
26.492500,0.000000,0.034630,-0.034630,1.015873,0
26.495001,0.000000,0.040993,-0.040993,1.015873,0
26.497499,0.000000,0.012720,-0.012720,1.015873,0
26.500000,0.000000,0.011680,-0.011680,1.015873,0
26.502501,0.000000,0.010392,-0.010392,1.015873,0
26.504999,0.000000,0.008807,-0.008807,1.015873,0
26.507500,0.000000,0.000467,-0.000467,1.015873,0
26.510000,0.000000,0.008812,-0.008812,1.015873,0
26.512501,0.000000,0.003899,-0.003899,1.015873,0
26.514999,0.000000,0.005634,-0.005634,1.015873,0
26.517500,0.000000,0.005126,-0.005126,1.015873,0
26.520000,0.000000,0.009603,-0.009603,1.015873,0
26.522499,0.000000,0.022926,-0.022926,0.984127,0
26.525000,0.000000,0.024092,-0.024092,0.984127,0
26.527500,0.000000,0.031367,-0.031367,0.984127,0
26.530001,0.000000,0.031801,-0.031801,0.984127,0
26.532499,0.000000,0.026038,-0.026038,0.984127,0
26.535000,0.000000,0.023911,-0.023911,0.984127,0
26.537500,0.000000,0.020500,-0.020500,0.984127,0
26.540001,0.000000,0.025279,-0.025279,0.984127,0
26.542500,0.000000,0.025533,-0.025533,0.984127,0
26.545000,0.000000,0.017229,-0.017229,0.984127,0
26.547501,0.000000,0.014606,-0.014606,0.984127,0
26.549999,0.000000,-0.000309,0.000309,0.984127,0
26.552500,0.000000,-0.002050,0.002050,0.984127,0
26.555000,0.000000,-0.001976,0.001976,0.984127,0
26.557501,0.000000,0.015231,-0.015231,0.984127,0
26.559999,0.000000,0.027919,-0.027919,0.952381,0
26.562500,0.000000,0.016978,-0.016978,0.952381,0
26.565001,0.000000,0.018420,-0.018420,0.952381,0
26.567499,0.000000,0.019987,-0.019987,0.952381,0
26.570000,0.000000,0.017132,-0.017132,0.952381,0
26.572500,0.000000,0.014986,-0.014986,0.952381,0
26.575001,0.000000,0.011090,-0.011090,0.952381,0
26.577499,0.000000,0.028919,-0.028919,0.952381,0
26.580000,0.000000,0.023997,-0.023997,0.952381,0
26.582500,0.000000,0.026492,-0.026492,0.984127,0
26.584999,0.000000,0.001887,-0.001887,0.984127,0
26.587500,0.000000,0.009588,-0.009588,0.984127,0
26.590000,0.000000,0.020461,-0.020461,0.984127,0
26.592501,0.000000,0.009936,-0.009936,0.984127,0
26.594999,0.000000,0.004815,-0.004815,0.984127,0
26.597500,0.000000,0.008928,-0.008928,0.984127,0
26.600000,0.000000,0.008848,-0.008848,1.015873,0
26.602501,0.000000,0.012872,-0.012872,1.015873,0
26.605000,0.000000,0.009859,-0.009859,1.015873,0
26.607500,0.000000,0.026705,-0.026705,1.015873,0
26.610001,0.000000,0.019765,-0.019765,1.015873,0
26.612499,0.000000,0.043978,-0.043978,1.015873,0
26.615000,0.000000,0.054142,-0.054142,1.015873,0
26.617500,0.000000,0.060238,-0.060238,1.015873,0
26.620001,0.000000,0.048877,-0.048877,1.015873,0
26.622499,0.000000,0.055851,-0.055851,1.015873,0
26.625000,0.000000,0.059799,-0.059799,1.015873,0
26.627501,0.000000,0.038455,-0.038455,1.015873,0
26.629999,0.000000,0.024339,-0.024339,1.015873,0
26.632500,0.000000,0.026936,-0.026936,1.015873,0
26.635000,0.000000,0.024913,-0.024913,1.015873,0
26.637501,0.000000,0.019400,-0.019400,1.015873,0
26.639999,0.000000,0.028576,-0.028576,1.047619,0
26.642500,0.000000,0.019782,-0.019782,1.047619,0
26.645000,0.000000,0.015103,-0.015103,1.047619,0
26.647499,0.000000,0.008818,-0.008818,1.047619,0
26.650000,0.000000,0.013185,-0.013185,1.047619,0
26.652500,0.000000,-0.002776,0.002776,1.047619,0
26.655001,0.000000,-0.007210,0.007210,1.047619,0
26.657499,0.000000,-0.022642,0.022642,1.047619,0
26.660000,0.000000,-0.024834,0.024834,1.047619,0
26.662500,0.000000,-0.017346,0.017346,1.015873,0
26.665001,0.000000,-0.009913,0.009913,1.015873,0
26.667500,0.000000,-0.016416,0.016416,1.015873,0
26.670000,0.000000,-0.010950,0.010950,1.015873,0
26.672501,0.000000,-0.012356,0.012356,1.015873,0
26.674999,0.000000,0.000719,-0.000719,1.015873,0
26.677500,0.000000,-0.000516,0.000516,1.015873,0
26.680000,0.000000,-0.028259,0.028259,1.015873,0
26.682501,0.000000,-0.019319,0.019319,1.047619,0
26.684999,0.000000,-0.022937,0.022937,1.047619,0
26.687500,0.000000,-0.024772,0.024772,1.047619,0
26.690001,0.000000,-0.021001,0.021001,1.047619,0
26.692499,0.000000,-0.033373,0.033373,1.047619,0
26.695000,0.000000,-0.031731,0.031731,1.047619,0
26.697500,0.000000,-0.025942,0.025942,1.047619,0
26.700001,0.000000,-0.022176,0.022176,1.142857,0
26.702499,0.000000,-0.026652,0.026652,1.142857,0
26.705000,0.000000,-0.017520,0.017520,1.142857,0
26.707500,0.000000,-0.025532,0.025532,1.142857,0
26.709999,0.000000,-0.030175,0.030175,1.142857,0
26.712500,0.000000,-0.030521,0.030521,1.142857,0
26.715000,0.000000,-0.027167,0.027167,1.142857,0
26.717501,0.000000,-0.029213,0.029213,1.142857,0
26.719999,0.000000,-0.017870,0.017870,1.142857,0
26.722500,0.000000,-0.015054,0.015054,1.238095,0
26.725000,0.000000,-0.014064,0.014064,1.238095,0
26.727501,0.000000,-0.011610,0.011610,1.238095,0
26.730000,0.000000,-0.005391,0.005391,1.238095,0
26.732500,0.000000,-0.003301,0.003301,1.238095,0
26.735001,0.000000,-0.017921,0.017921,1.238095,0
26.737499,0.000000,-0.008583,0.008583,1.238095,0
26.740000,0.000000,-0.007326,0.007326,1.174603,0
26.742500,0.000000,-0.001256,0.001256,1.174603,0
26.745001,0.000000,-0.004706,0.004706,1.174603,0
26.747499,0.000000,-0.020268,0.020268,1.174603,0
26.750000,0.000000,-0.039309,0.039309,1.174603,0
26.752501,0.000000,-0.046365,0.046365,1.174603,0
26.754999,0.000000,-0.040648,0.040648,1.174603,0
26.757500,0.000000,-0.028355,0.028355,1.174603,0
26.760000,0.000000,-0.024712,0.024712,1.079365,0
26.762501,0.000000,-0.033759,0.033759,1.079365,0
26.764999,0.000000,-0.040042,0.040042,1.079365,0
26.767500,0.000000,-0.026263,0.026263,1.079365,0
26.770000,0.000000,-0.037623,0.037623,1.079365,0
26.772499,0.000000,-0.017097,0.017097,1.079365,0
26.775000,0.000000,0.000725,-0.000725,1.079365,0
26.777500,0.000000,0.020395,-0.020395,1.079365,0
26.780001,0.000000,0.023387,-0.023387,1.047619,0
26.782499,0.000000,0.019462,-0.019462,1.047619,0
26.785000,0.000000,0.022243,-0.022243,1.047619,0
26.787500,0.000000,0.030139,-0.030139,1.047619,0
26.790001,0.000000,0.023121,-0.023121,1.047619,0
26.792500,0.000000,0.012088,-0.012088,1.047619,0
26.795000,0.000000,0.009065,-0.009065,1.047619,0
26.797501,0.000000,0.001558,-0.001558,1.047619,0
26.799999,0.000000,0.013786,-0.013786,0.984127,0
26.802500,0.000000,0.007274,-0.007274,0.984127,0
26.805000,0.000000,0.007989,-0.007989,0.984127,0
26.807501,0.000000,0.017394,-0.017394,0.984127,0
26.809999,0.000000,0.029395,-0.029395,0.984127,0
26.812500,0.000000,0.030526,-0.030526,0.984127,0
26.815001,0.000000,0.033334,-0.033334,0.984127,0
26.817499,0.000000,0.022401,-0.022401,0.984127,0
26.820000,0.000000,0.031405,-0.031405,1.015873,0
26.822500,0.000000,0.042404,-0.042404,1.015873,0
26.825001,0.000000,0.023480,-0.023480,1.015873,0
26.827499,0.000000,0.039412,-0.039412,1.015873,0
26.830000,0.000000,0.031631,-0.031631,1.015873,0
26.832500,0.000000,0.036291,-0.036291,1.015873,0
26.834999,0.000000,0.035941,-0.035941,1.015873,0
26.837500,0.000000,0.034303,-0.034303,1.015873,0
26.840000,0.000000,0.031340,-0.031340,1.015873,0
26.842501,0.000000,0.021077,-0.021077,1.015873,0
26.844999,0.000000,0.025373,-0.025373,1.015873,0
26.847500,0.000000,0.021933,-0.021933,1.015873,0
26.850000,0.000000,0.008987,-0.008987,1.015873,0
26.852501,0.000000,-0.000993,0.000993,1.015873,0
26.855000,0.000000,-0.013090,0.013090,1.015873,0
26.857500,0.000000,-0.017621,0.017621,1.015873,0
26.860001,0.000000,-0.012093,0.012093,0.920635,0
26.862499,0.000000,-0.018951,0.018951,0.920635,0
26.865000,0.000000,-0.008427,0.008427,0.920635,0
26.867500,0.000000,-0.009365,0.009365,0.920635,0
26.870001,0.000000,-0.011993,0.011993,0.920635,0
26.872499,0.000000,-0.011441,0.011441,0.920635,0
26.875000,0.000000,0.002973,-0.002973,0.920635,0
26.877501,0.000000,-0.010904,0.010904,0.920635,0
26.879999,0.000000,0.006058,-0.006058,0.920635,0
26.882500,0.000000,0.015480,-0.015480,0.920635,0
26.885000,0.000000,0.014775,-0.014775,0.920635,0
26.887501,0.000000,0.026117,-0.026117,0.920635,0
26.889999,0.000000,0.022079,-0.022079,0.920635,0
26.892500,0.000000,0.024228,-0.024228,0.920635,0
26.895000,0.000000,0.018084,-0.018084,0.920635,0
26.897499,0.000000,0.027112,-0.027112,0.920635,0
26.900000,0.000000,0.020278,-0.020278,1.079365,0
26.902500,0.000000,0.019279,-0.019279,1.079365,0
26.905001,0.000000,0.024638,-0.024638,1.079365,0
26.907499,0.000000,0.033070,-0.033070,1.079365,0
26.910000,0.000000,0.025005,-0.025005,1.079365,0
26.912500,0.000000,0.030891,-0.030891,1.079365,0
26.915001,0.000000,0.021443,-0.021443,1.079365,0
26.917500,0.000000,0.001991,-0.001991,1.079365,0
26.920000,0.000000,-0.004637,0.004637,1.079365,0
26.922501,0.000000,0.002295,-0.002295,1.174603,0
26.924999,0.000000,0.002136,-0.002136,1.174603,0
26.927500,0.000000,-0.002318,0.002318,1.174603,0
26.930000,0.000000,-0.001800,0.001800,1.174603,0
26.932501,0.000000,-0.001567,0.001567,1.174603,0
26.934999,0.000000,0.003634,-0.003634,1.174603,0
26.937500,0.000000,-0.009873,0.009873,1.174603,0
26.940001,0.000000,-0.010466,0.010466,1.174603,0
26.942499,0.000000,-0.009150,0.009150,1.174603,0
26.945000,0.000000,-0.020355,0.020355,1.174603,0
26.947500,0.000000,-0.031402,0.031402,1.174603,0
26.950001,0.000000,-0.033636,0.033636,1.174603,0
26.952499,0.000000,-0.032667,0.032667,1.174603,0
26.955000,0.000000,-0.031692,0.031692,1.174603,0
26.957500,0.000000,-0.035555,0.035555,1.174603,0
26.959999,0.000000,-0.039668,0.039668,1.174603,0
26.962500,0.000000,-0.041960,0.041960,1.174603,0
26.965000,0.000000,-0.038290,0.038290,1.174603,0
26.967501,0.000000,-0.026653,0.026653,1.174603,0
26.969999,0.000000,-0.044880,0.044880,1.174603,0
26.972500,0.000000,-0.038345,0.038345,1.174603,0
26.975000,0.000000,-0.038258,0.038258,1.174603,0
26.977501,0.000000,-0.032720,0.032720,1.174603,0
26.980000,0.000000,-0.021931,0.021931,1.206349,0
26.982500,0.000000,-0.027681,0.027681,1.206349,0
26.985001,0.000000,-0.019017,0.019017,1.206349,0
26.987499,0.000000,-0.029056,0.029056,1.206349,0
26.990000,0.000000,-0.027208,0.027208,1.206349,0
26.992500,0.000000,-0.028527,0.028527,1.206349,0
26.995001,0.000000,-0.027375,0.027375,1.206349,0
26.997499,0.000000,-0.035003,0.035003,1.206349,0
27.000000,0.000000,-0.030579,0.030579,1.269841,0
27.002501,0.000000,-0.016951,0.016951,1.269841,0
27.004999,0.000000,-0.024402,0.024402,1.269841,0
27.007500,0.000000,-0.022233,0.022233,1.269841,0
27.010000,0.000000,-0.014688,0.014688,1.269841,0
27.012501,0.000000,-0.016730,0.016730,1.269841,0
27.014999,0.000000,-0.005177,0.005177,1.269841,0
27.017500,0.000000,-0.008561,0.008561,1.269841,0
27.020000,0.000000,-0.009246,0.009246,1.365079,0
27.022499,0.000000,-0.016672,0.016672,1.365079,0
27.025000,0.000000,-0.015287,0.015287,1.365079,0
27.027500,0.000000,-0.014889,0.014889,1.365079,0
27.030001,0.000000,-0.009584,0.009584,1.365079,0
27.032499,0.000000,-0.014302,0.014302,1.365079,0
27.035000,0.000000,-0.019272,0.019272,1.365079,0
27.037500,0.000000,-0.015177,0.015177,1.365079,0
27.040001,0.000000,-0.003848,0.003848,1.365079,0
27.042500,0.000000,0.001529,-0.001529,1.269841,0
27.045000,0.000000,0.016987,-0.016987,1.269841,0
27.047501,0.000000,0.021196,-0.021196,1.269841,0
27.049999,0.000000,0.024992,-0.024992,1.269841,0
27.052500,0.000000,0.030031,-0.030031,1.269841,0
27.055000,0.000000,0.041729,-0.041729,1.269841,0
27.057501,0.000000,0.051015,-0.051015,1.269841,0
27.059999,0.000000,0.038583,-0.038583,1.047619,0
27.062500,0.000000,0.045321,-0.045321,1.047619,0
27.065001,0.000000,0.046528,-0.046528,1.047619,0
27.067499,0.000000,0.043169,-0.043169,1.047619,0
27.070000,0.000000,0.024444,-0.024444,1.047619,0
27.072500,0.000000,0.008640,-0.008640,1.047619,0
27.075001,0.000000,0.004825,-0.004825,1.047619,0
27.077499,0.000000,-0.009537,0.009537,1.047619,0
27.080000,0.000000,-0.012571,0.012571,1.047619,0
27.082500,0.000000,-0.005096,0.005096,1.015873,0
27.084999,0.000000,-0.010675,0.010675,1.015873,0
27.087500,0.000000,-0.009521,0.009521,1.015873,0
27.090000,0.000000,-0.019726,0.019726,1.015873,0
27.092501,0.000000,-0.016192,0.016192,1.015873,0
27.094999,0.000000,-0.010734,0.010734,1.015873,0
27.097500,0.000000,-0.024252,0.024252,1.015873,0
27.100000,0.000000,-0.030807,0.030807,1.015873,0
27.102501,0.000000,-0.041544,0.041544,1.079365,0
27.105000,0.000000,-0.035668,0.035668,1.079365,0
27.107500,0.000000,-0.033130,0.033130,1.079365,0
27.110001,0.000000,-0.032626,0.032626,1.079365,0
27.112499,0.000000,-0.032856,0.032856,1.079365,0
27.115000,0.000000,-0.028950,0.028950,1.079365,0
27.117500,0.000000,-0.024976,0.024976,1.079365,0
27.120001,0.000000,-0.028888,0.028888,1.047619,0
27.122499,0.000000,-0.033992,0.033992,1.047619,0
27.125000,0.000000,-0.033538,0.033538,1.047619,0
27.127501,0.000000,-0.034321,0.034321,1.047619,0
27.129999,0.000000,-0.014041,0.014041,1.047619,0
27.132500,0.000000,-0.017212,0.017212,1.047619,0
27.135000,0.000000,-0.014001,0.014001,1.047619,0
27.137501,0.000000,-0.009243,0.009243,1.047619,0
27.139999,0.000000,0.004445,-0.004445,1.015873,0
27.142500,0.000000,-0.003444,0.003444,1.015873,0
27.145000,0.000000,0.009448,-0.009448,1.015873,0
27.147499,0.000000,0.007758,-0.007758,1.015873,0
27.150000,0.000000,0.031339,-0.031339,1.015873,0
27.152500,0.000000,0.033845,-0.033845,1.015873,0
27.155001,0.000000,0.021155,-0.021155,1.015873,0
27.157499,0.000000,0.018650,-0.018650,1.015873,0
27.160000,0.000000,0.031850,-0.031850,0.920635,0
27.162500,0.000000,0.031652,-0.031652,0.920635,0
27.165001,0.000000,0.030013,-0.030013,0.920635,0
27.167500,0.000000,0.036398,-0.036398,0.920635,0
27.170000,0.000000,0.031705,-0.031705,0.920635,0
27.172501,0.000000,0.028541,-0.028541,0.920635,0
27.174999,0.000000,0.018041,-0.018041,0.920635,0
27.177500,0.000000,0.034961,-0.034961,0.920635,0
27.180000,0.000000,0.021499,-0.021499,0.920635,0
27.182501,0.000000,0.022521,-0.022521,0.920635,0
27.184999,0.000000,0.026631,-0.026631,0.920635,0
27.187500,0.000000,0.025649,-0.025649,0.920635,0
27.190001,0.000000,0.012274,-0.012274,0.920635,0
27.192499,0.000000,0.001896,-0.001896,0.920635,0
27.195000,0.000000,0.007054,-0.007054,0.920635,0
27.197500,0.000000,-0.000944,0.000944,0.920635,0
27.200001,0.000000,-0.020376,0.020376,0.984127,0
27.202499,0.000000,-0.016134,0.016134,0.984127,0
27.205000,0.000000,-0.023856,0.023856,0.984127,0
27.207500,0.000000,-0.017211,0.017211,0.984127,0
27.209999,0.000000,-0.018596,0.018596,0.984127,0
27.212500,0.000000,-0.020393,0.020393,0.984127,0
27.215000,0.000000,-0.019294,0.019294,0.984127,0
27.217501,0.000000,-0.029439,0.029439,0.984127,0
27.219999,0.000000,-0.035478,0.035478,1.142857,0
27.222500,0.000000,-0.036701,0.036701,1.142857,0
27.225000,0.000000,-0.045244,0.045244,1.142857,0
27.227501,0.000000,-0.038100,0.038100,1.142857,0
27.230000,0.000000,-0.039663,0.039663,1.142857,0
27.232500,0.000000,-0.050772,0.050772,1.142857,0
27.235001,0.000000,-0.054125,0.054125,1.142857,0
27.237499,0.000000,-0.051827,0.051827,1.142857,0
27.240000,0.000000,-0.054156,0.054156,1.174603,0
27.242500,0.000000,-0.049428,0.049428,1.174603,0
27.245001,0.000000,-0.043363,0.043363,1.174603,0
27.247499,0.000000,-0.022223,0.022223,1.174603,0
27.250000,0.000000,-0.012030,0.012030,1.174603,0
27.252501,0.000000,-0.025406,0.025406,1.174603,0
27.254999,0.000000,-0.027754,0.027754,1.174603,0
27.257500,0.000000,-0.029258,0.029258,1.174603,0
27.260000,0.000000,-0.023193,0.023193,1.079365,0
27.262501,0.000000,-0.031008,0.031008,1.079365,0
27.264999,0.000000,-0.034943,0.034943,1.079365,0
27.267500,0.000000,-0.045243,0.045243,1.079365,0
27.270000,0.000000,-0.049414,0.049414,1.079365,0
27.272499,0.000000,-0.053127,0.053127,1.079365,0
27.275000,0.000000,-0.054444,0.054444,1.079365,0
27.277500,0.000000,-0.063656,0.063656,1.079365,0
27.280001,0.000000,-0.052909,0.052909,1.079365,0
27.282499,0.000000,-0.046781,0.046781,1.015873,0
27.285000,0.000000,-0.059227,0.059227,1.015873,0
27.287500,0.000000,-0.057190,0.057190,1.015873,0
27.290001,0.000000,-0.070397,0.070397,1.015873,0
27.292500,0.000000,-0.055488,0.055488,1.015873,0
27.295000,0.000000,-0.038460,0.038460,1.015873,0
27.297501,0.000000,-0.037833,0.037833,1.015873,0
27.299999,0.000000,-0.044792,0.044792,1.015873,0
27.302500,0.000000,-0.049370,0.049370,1.111111,0
27.305000,0.000000,-0.051980,0.051980,1.111111,0
27.307501,0.000000,-0.051475,0.051475,1.111111,0
27.309999,0.000000,-0.037998,0.037998,1.111111,0
27.312500,0.000000,-0.028532,0.028532,1.111111,0
27.315001,0.000000,-0.019185,0.019185,1.111111,0
27.317499,0.000000,-0.017146,0.017146,1.111111,0
27.320000,0.000000,-0.028263,0.028263,0.952381,0
27.322500,0.000000,-0.035125,0.035125,0.952381,0
27.325001,0.000000,-0.033398,0.033398,0.952381,0
27.327499,0.000000,-0.044379,0.044379,0.952381,0
27.330000,0.000000,-0.039937,0.039937,0.952381,0
27.332500,0.000000,-0.030648,0.030648,0.952381,0
27.334999,0.000000,-0.024257,0.024257,0.952381,0
27.337500,0.000000,-0.018479,0.018479,0.952381,0
27.340000,0.000000,-0.036932,0.036932,0.920635,0
27.342501,0.000000,-0.022172,0.022172,0.920635,0
27.344999,0.000000,-0.037372,0.037372,0.920635,0
27.347500,0.000000,-0.037722,0.037722,0.920635,0
27.350000,0.000000,-0.030267,0.030267,0.920635,0
27.352501,0.000000,-0.025688,0.025688,0.920635,0
27.355000,0.000000,-0.037726,0.037726,0.920635,0
27.357500,0.000000,-0.047556,0.047556,0.920635,0
27.360001,0.000000,-0.043300,0.043300,0.952381,0
27.362499,0.000000,-0.037002,0.037002,0.952381,0
27.365000,0.000000,-0.046621,0.046621,0.952381,0
27.367500,0.000000,-0.041379,0.041379,0.952381,0
27.370001,0.000000,-0.054809,0.054809,0.952381,0
27.372499,0.000000,-0.047076,0.047076,0.952381,0
27.375000,0.000000,-0.054197,0.054197,0.952381,0
27.377501,0.000000,-0.051757,0.051757,0.952381,0
27.379999,0.000000,-0.051040,0.051040,0.984127,0
27.382500,0.000000,-0.038604,0.038604,0.984127,0
27.385000,0.000000,-0.035177,0.035177,0.984127,0
27.387501,0.000000,-0.039769,0.039769,0.984127,0
27.389999,0.000000,-0.035199,0.035199,0.984127,0
27.392500,0.000000,-0.013973,0.013973,0.984127,0
27.395000,0.000000,-0.006585,0.006585,0.984127,0
27.397499,0.000000,-0.006946,0.006946,0.984127,0
27.400000,0.000000,-0.014384,0.014384,1.015873,0
27.402500,0.000000,-0.019623,0.019623,1.015873,0
27.405001,0.000000,-0.012809,0.012809,1.015873,0
27.407499,0.000000,-0.020578,0.020578,1.015873,0
27.410000,0.000000,-0.019955,0.019955,1.015873,0
27.412500,0.000000,-0.006139,0.006139,1.015873,0
27.415001,0.000000,-0.004574,0.004574,1.015873,0
27.417500,0.000000,-0.014390,0.014390,1.015873,0
27.420000,0.000000,0.005571,-0.005571,1.047619,0
27.422501,0.000000,0.021257,-0.021257,1.047619,0
27.424999,0.000000,0.025163,-0.025163,1.047619,0
27.427500,0.000000,0.035945,-0.035945,1.047619,0
27.430000,0.000000,0.032510,-0.032510,1.047619,0
27.432501,0.000000,0.038126,-0.038126,1.047619,0
27.434999,0.000000,0.033205,-0.033205,1.047619,0
27.437500,0.000000,0.019986,-0.019986,1.047619,0
27.440001,0.000000,0.041728,-0.041728,1.111111,0
27.442499,0.000000,0.028470,-0.028470,1.111111,0
27.445000,0.000000,0.030262,-0.030262,1.111111,0
27.447500,0.000000,0.031908,-0.031908,1.111111,0
27.450001,0.000000,0.035507,-0.035507,1.111111,0
27.452499,0.000000,0.033753,-0.033753,1.111111,0
27.455000,0.000000,0.032134,-0.032134,1.111111,0
27.457500,0.000000,0.032455,-0.032455,1.111111,0
27.459999,0.000000,0.035748,-0.035748,1.111111,0
27.462500,0.000000,0.034744,-0.034744,1.111111,0
27.465000,0.000000,0.033184,-0.033184,1.111111,0
27.467501,0.000000,0.020685,-0.020685,1.111111,0
27.469999,0.000000,0.037781,-0.037781,1.111111,0
27.472500,0.000000,0.041438,-0.041438,1.111111,0
27.475000,0.000000,0.042123,-0.042123,1.111111,0
27.477501,0.000000,0.035453,-0.035453,1.111111,0
27.480000,0.000000,0.025621,-0.025621,1.111111,0
27.482500,0.000000,0.032321,-0.032321,1.142857,0
27.485001,0.000000,0.030063,-0.030063,1.142857,0
27.487499,0.000000,0.034601,-0.034601,1.142857,0
27.490000,0.000000,0.021975,-0.021975,1.142857,0
27.492500,0.000000,0.034754,-0.034754,1.142857,0
27.495001,0.000000,0.041608,-0.041608,1.142857,0
27.497499,0.000000,0.039764,-0.039764,1.142857,0
27.500000,0.000000,0.042591,-0.042591,1.206349,0
27.502501,0.000000,0.047617,-0.047617,1.206349,0
27.504999,0.000000,0.035261,-0.035261,1.206349,0
27.507500,0.000000,0.048298,-0.048298,1.206349,0
27.510000,0.000000,0.051054,-0.051054,1.206349,0
27.512501,0.000000,0.043823,-0.043823,1.206349,0
27.514999,0.000000,0.033485,-0.033485,1.206349,0
27.517500,0.000000,0.040872,-0.040872,1.206349,0
27.520000,0.000000,0.041560,-0.041560,1.206349,0
27.522499,0.000000,0.044513,-0.044513,1.206349,0
27.525000,0.000000,0.043552,-0.043552,1.206349,0
27.527500,0.000000,0.033937,-0.033937,1.206349,0
27.530001,0.000000,0.037324,-0.037324,1.206349,0
27.532499,0.000000,0.034657,-0.034657,1.206349,0
27.535000,0.000000,0.033546,-0.033546,1.206349,0
27.537500,0.000000,0.052782,-0.052782,1.206349,0
27.540001,0.000000,0.059190,-0.059190,1.111111,0
27.542500,0.000000,0.065932,-0.065932,1.111111,0
27.545000,0.000000,0.088811,-0.088811,1.111111,0
27.547501,0.000000,0.089755,-0.089755,1.111111,0
27.549999,0.000000,0.088263,-0.088263,1.111111,0
27.552500,0.000000,0.079558,-0.079558,1.111111,0
27.555000,0.000000,0.073167,-0.073167,1.111111,0
27.557501,0.000000,0.052501,-0.052501,1.111111,0
27.559999,0.000000,0.058628,-0.058628,1.015873,0
27.562500,0.000000,0.044419,-0.044419,1.015873,0
27.565001,0.000000,0.051856,-0.051856,1.015873,0
27.567499,0.000000,0.049842,-0.049842,1.015873,0
27.570000,0.000000,0.049555,-0.049555,1.015873,0
27.572500,0.000000,0.047627,-0.047627,1.015873,0
27.575001,0.000000,0.059566,-0.059566,1.015873,0
27.577499,0.000000,0.069412,-0.069412,1.015873,0
27.580000,0.000000,0.067147,-0.067147,1.079365,0
27.582500,0.000000,0.057012,-0.057012,1.079365,0
27.584999,0.000000,0.063791,-0.063791,1.079365,0
27.587500,0.000000,0.053071,-0.053071,1.079365,0
27.590000,0.000000,0.037374,-0.037374,1.079365,0
27.592501,0.000000,0.040837,-0.040837,1.079365,0
27.594999,0.000000,0.050759,-0.050759,1.079365,0
27.597500,0.000000,0.045608,-0.045608,1.079365,0
27.600000,0.000000,0.047918,-0.047918,1.111111,0
27.602501,0.000000,0.042883,-0.042883,1.111111,0
27.605000,0.000000,0.048090,-0.048090,1.111111,0
27.607500,0.000000,0.056469,-0.056469,1.111111,0
27.610001,0.000000,0.052545,-0.052545,1.111111,0
27.612499,0.000000,0.041928,-0.041928,1.111111,0
27.615000,0.000000,0.027786,-0.027786,1.111111,0
27.617500,0.000000,0.035243,-0.035243,1.111111,0
27.620001,0.000000,0.024407,-0.024407,1.142857,0
27.622499,0.000000,0.026969,-0.026969,1.142857,0
27.625000,0.000000,0.032991,-0.032991,1.142857,0
27.627501,0.000000,0.027717,-0.027717,1.142857,0
27.629999,0.000000,0.025505,-0.025505,1.142857,0
27.632500,0.000000,0.033515,-0.033515,1.142857,0
27.635000,0.000000,0.025535,-0.025535,1.142857,0
27.637501,0.000000,0.016884,-0.016884,1.142857,0
27.639999,0.000000,0.014487,-0.014487,1.206349,0
27.642500,0.000000,0.024767,-0.024767,1.206349,0
27.645000,0.000000,0.037575,-0.037575,1.206349,0
27.647499,0.000000,0.035753,-0.035753,1.206349,0
27.650000,0.000000,0.028833,-0.028833,1.206349,0
27.652500,0.000000,0.037005,-0.037005,1.206349,0
27.655001,0.000000,0.021980,-0.021980,1.206349,0
27.657499,0.000000,0.023480,-0.023480,1.206349,0
27.660000,0.000000,0.022434,-0.022434,1.142857,0
27.662500,0.000000,0.033259,-0.033259,1.142857,0
27.665001,0.000000,0.044676,-0.044676,1.142857,0
27.667500,0.000000,0.035083,-0.035083,1.142857,0
27.670000,0.000000,0.035585,-0.035585,1.142857,0
27.672501,0.000000,0.029539,-0.029539,1.142857,0
27.674999,0.000000,0.026117,-0.026117,1.142857,0
27.677500,0.000000,0.030850,-0.030850,1.142857,0
27.680000,0.000000,0.027204,-0.027204,1.206349,0
27.682501,0.000000,0.028115,-0.028115,1.206349,0
27.684999,0.000000,0.035453,-0.035453,1.206349,0
27.687500,0.000000,0.047324,-0.047324,1.206349,0
27.690001,0.000000,0.048502,-0.048502,1.206349,0
27.692499,0.000000,0.048200,-0.048200,1.206349,0
27.695000,0.000000,0.037510,-0.037510,1.206349,0
27.697500,0.000000,0.049972,-0.049972,1.206349,0
27.700001,0.000000,0.052842,-0.052842,1.206349,0
27.702499,0.000000,0.052580,-0.052580,1.206349,0
27.705000,0.000000,0.051888,-0.051888,1.206349,0
27.707500,0.000000,0.053563,-0.053563,1.206349,0
27.709999,0.000000,0.058699,-0.058699,1.206349,0
27.712500,0.000000,0.064756,-0.064756,1.206349,0
27.715000,0.000000,0.076760,-0.076760,1.206349,0
27.717501,0.000000,0.076759,-0.076759,1.206349,0
27.719999,0.000000,0.090319,-0.090319,1.142857,0
27.722500,0.000000,0.097240,-0.097240,1.142857,0
27.725000,0.000000,0.093947,-0.093947,1.142857,0
27.727501,0.000000,0.076363,-0.076363,1.142857,0
27.730000,0.000000,0.074968,-0.074968,1.142857,0
27.732500,0.000000,0.086781,-0.086781,1.142857,0
27.735001,0.000000,0.077403,-0.077403,1.142857,0
27.737499,0.000000,0.075954,-0.075954,1.142857,0
27.740000,0.000000,0.075231,-0.075231,1.047619,0
27.742500,0.000000,0.082003,-0.082003,1.047619,0
27.745001,0.000000,0.075796,-0.075796,1.047619,0
27.747499,0.000000,0.065183,-0.065183,1.047619,0
27.750000,0.000000,0.068657,-0.068657,1.047619,0
27.752501,0.000000,0.059507,-0.059507,1.047619,0
27.754999,0.000000,0.040267,-0.040267,1.047619,0
27.757500,0.000000,0.056523,-0.056523,1.047619,0
27.760000,0.000000,0.063806,-0.063806,1.015873,0
27.762501,0.000000,0.080134,-0.080134,1.015873,0
27.764999,0.000000,0.086146,-0.086146,1.015873,0
27.767500,0.000000,0.090089,-0.090089,1.015873,0
27.770000,0.000000,0.090905,-0.090905,1.015873,0
27.772499,0.000000,0.086347,-0.086347,1.015873,0
27.775000,0.000000,0.088644,-0.088644,1.015873,0
27.777500,0.000000,0.080649,-0.080649,1.015873,0
27.780001,0.000000,0.067967,-0.067967,1.015873,0
27.782499,0.000000,0.062429,-0.062429,0.952381,0
27.785000,0.000000,0.073467,-0.073467,0.952381,0
27.787500,0.000000,0.058734,-0.058734,0.952381,0
27.790001,0.000000,0.044669,-0.044669,0.952381,0
27.792500,0.000000,0.049171,-0.049171,0.952381,0
27.795000,0.000000,0.043478,-0.043478,0.952381,0
27.797501,0.000000,0.046942,-0.046942,0.952381,0
27.799999,0.000000,0.055301,-0.055301,0.952381,0
27.802500,0.000000,0.058062,-0.058062,0.984127,0
27.805000,0.000000,0.050212,-0.050212,0.984127,0
27.807501,0.000000,0.061018,-0.061018,0.984127,0
27.809999,0.000000,0.066292,-0.066292,0.984127,0
27.812500,0.000000,0.064538,-0.064538,0.984127,0
27.815001,0.000000,0.062374,-0.062374,0.984127,0
27.817499,0.000000,0.064068,-0.064068,0.984127,0
27.820000,0.000000,0.058845,-0.058845,0.920635,0
27.822500,0.000000,0.040448,-0.040448,0.920635,0
27.825001,0.000000,0.046733,-0.046733,0.920635,0
27.827499,0.000000,0.052205,-0.052205,0.920635,0
27.830000,0.000000,0.027401,-0.027401,0.920635,0
27.832500,0.000000,0.031658,-0.031658,0.920635,0
27.834999,0.000000,0.048255,-0.048255,0.920635,0
27.837500,0.000000,0.035448,-0.035448,0.920635,0
27.840000,0.000000,0.033539,-0.033539,0.888889,0
27.842501,0.000000,0.030580,-0.030580,0.888889,0
27.844999,0.000000,0.046607,-0.046607,0.888889,0
27.847500,0.000000,0.056563,-0.056563,0.888889,0
27.850000,0.000000,0.045772,-0.045772,0.888889,0
27.852501,0.000000,0.047783,-0.047783,0.888889,0
27.855000,0.000000,0.069662,-0.069662,0.888889,0
27.857500,0.000000,0.061084,-0.061084,0.888889,0
27.860001,0.000000,0.059075,-0.059075,0.920635,0
27.862499,0.000000,0.062285,-0.062285,0.920635,0
27.865000,0.000000,0.054360,-0.054360,0.920635,0
27.867500,0.000000,0.069980,-0.069980,0.920635,0
27.870001,0.000000,0.063171,-0.063171,0.920635,0
27.872499,0.000000,0.047589,-0.047589,0.920635,0
27.875000,0.000000,0.040967,-0.040967,0.920635,0
27.877501,0.000000,0.046097,-0.046097,0.920635,0
27.879999,0.000000,0.038060,-0.038060,1.079365,0
27.882500,0.000000,0.039614,-0.039614,1.079365,0
27.885000,0.000000,0.043363,-0.043363,1.079365,0
27.887501,0.000000,0.031785,-0.031785,1.079365,0
27.889999,0.000000,0.026055,-0.026055,1.079365,0
27.892500,0.000000,0.028361,-0.028361,1.079365,0
27.895000,0.000000,0.033677,-0.033677,1.079365,0
27.897499,0.000000,0.028065,-0.028065,1.079365,0
27.900000,0.000000,0.028614,-0.028614,1.079365,0
27.902500,0.000000,0.025426,-0.025426,1.111111,0
27.905001,0.000000,0.030955,-0.030955,1.111111,0
27.907499,0.000000,0.034564,-0.034564,1.111111,0
27.910000,0.000000,0.030420,-0.030420,1.111111,0
27.912500,0.000000,0.033709,-0.033709,1.111111,0
27.915001,0.000000,0.029231,-0.029231,1.111111,0
27.917500,0.000000,0.032385,-0.032385,1.111111,0
27.920000,0.000000,0.035352,-0.035352,1.206349,0
27.922501,0.000000,0.053595,-0.053595,1.206349,0
27.924999,0.000000,0.049497,-0.049497,1.206349,0
27.927500,0.000000,0.047075,-0.047075,1.206349,0
27.930000,0.000000,0.040582,-0.040582,1.206349,0
27.932501,0.000000,0.031081,-0.031081,1.206349,0
27.934999,0.000000,0.026529,-0.026529,1.206349,0
27.937500,0.000000,0.031311,-0.031311,1.206349,0
27.940001,0.000000,0.036578,-0.036578,1.206349,0
27.942499,0.000000,0.038102,-0.038102,1.174603,0
27.945000,0.000000,0.034571,-0.034571,1.174603,0
27.947500,0.000000,0.029450,-0.029450,1.174603,0
27.950001,0.000000,0.020855,-0.020855,1.174603,0
27.952499,0.000000,0.015547,-0.015547,1.174603,0
27.955000,0.000000,0.004076,-0.004076,1.174603,0
27.957500,0.000000,0.015568,-0.015568,1.174603,0
27.959999,0.000000,0.030862,-0.030862,1.174603,0
27.962500,0.000000,0.012082,-0.012082,1.079365,0
27.965000,0.000000,0.014399,-0.014399,1.079365,0
27.967501,0.000000,0.016493,-0.016493,1.079365,0
27.969999,0.000000,0.017935,-0.017935,1.079365,0
27.972500,0.000000,0.011959,-0.011959,1.079365,0
27.975000,0.000000,0.021013,-0.021013,1.079365,0
27.977501,0.000000,0.024174,-0.024174,1.079365,0
27.980000,0.000000,0.033203,-0.033203,1.047619,0
27.982500,0.000000,0.025271,-0.025271,1.047619,0
27.985001,0.000000,0.011515,-0.011515,1.047619,0
27.987499,0.000000,0.015257,-0.015257,1.047619,0
27.990000,0.000000,0.005773,-0.005773,1.047619,0
27.992500,0.000000,0.015482,-0.015482,1.047619,0
27.995001,0.000000,-0.004879,0.004879,1.047619,0
27.997499,0.000000,-0.009115,0.009115,1.047619,0
28.000000,0.000000,-0.014456,0.014456,1.079365,0
28.002501,0.000000,-0.017063,0.017063,1.079365,0
28.004999,0.000000,-0.014198,0.014198,1.079365,0
28.007500,0.000000,-0.010187,0.010187,1.079365,0
28.010000,0.000000,-0.004077,0.004077,1.079365,0
28.012501,0.000000,0.002904,-0.002904,1.079365,0
28.014999,0.000000,0.001261,-0.001261,1.079365,0
28.017500,0.000000,0.020392,-0.020392,1.079365,0
28.020000,0.000000,0.032735,-0.032735,1.047619,0
28.022499,0.000000,0.028860,-0.028860,1.047619,0
28.025000,0.000000,0.026735,-0.026735,1.047619,0
28.027500,0.000000,0.022847,-0.022847,1.047619,0
28.030001,0.000000,0.025555,-0.025555,1.047619,0
28.032499,0.000000,0.015766,-0.015766,1.047619,0
28.035000,0.000000,0.007966,-0.007966,1.047619,0
28.037500,0.000000,-0.012395,0.012395,1.047619,0
28.040001,0.000000,-0.015732,0.015732,1.047619,0
28.042500,0.000000,-0.004487,0.004487,0.952381,0
28.045000,0.000000,-0.005874,0.005874,0.952381,0
28.047501,0.000000,-0.006653,0.006653,0.952381,0
28.049999,0.000000,-0.003659,0.003659,0.952381,0
28.052500,0.000000,-0.013546,0.013546,0.952381,0
28.055000,0.000000,-0.012868,0.012868,0.952381,0
28.057501,0.000000,-0.003618,0.003618,0.952381,0
28.059999,0.000000,-0.000465,0.000465,0.952381,0
28.062500,0.000000,0.009229,-0.009229,0.952381,0
28.065001,0.000000,0.021427,-0.021427,0.952381,0
28.067499,0.000000,0.027293,-0.027293,0.952381,0
28.070000,0.000000,0.019420,-0.019420,0.952381,0
28.072500,0.000000,0.015434,-0.015434,0.952381,0
28.075001,0.000000,0.033914,-0.033914,0.952381,0
28.077499,0.000000,0.035943,-0.035943,0.952381,0
28.080000,0.000000,0.036601,-0.036601,0.952381,0
28.082500,0.000000,0.025797,-0.025797,0.825397,0
28.084999,0.000000,0.023890,-0.023890,0.825397,0
28.087500,0.000000,0.030917,-0.030917,0.825397,0
28.090000,0.000000,0.030012,-0.030012,0.825397,0
28.092501,0.000000,0.023334,-0.023334,0.825397,0
28.094999,0.000000,0.019422,-0.019422,0.825397,0
28.097500,0.000000,0.031619,-0.031619,0.825397,0
28.100000,0.000000,0.037345,-0.037345,0.888889,0
28.102501,0.000000,0.041535,-0.041535,0.888889,0
28.105000,0.000000,0.044650,-0.044650,0.888889,0
28.107500,0.000000,0.031339,-0.031339,0.888889,0
28.110001,0.000000,0.033079,-0.033079,0.888889,0
28.112499,0.000000,0.042745,-0.042745,0.888889,0
28.115000,0.000000,0.038774,-0.038774,0.888889,0
28.117500,0.000000,0.047337,-0.047337,0.888889,0
28.120001,0.000000,0.051064,-0.051064,0.952381,0
28.122499,0.000000,0.057349,-0.057349,0.952381,0
28.125000,0.000000,0.056117,-0.056117,0.952381,0
28.127501,0.000000,0.062821,-0.062821,0.952381,0
28.129999,0.000000,0.047083,-0.047083,0.952381,0
28.132500,0.000000,0.045987,-0.045987,0.952381,0
28.135000,0.000000,0.051366,-0.051366,0.952381,0
28.137501,0.000000,0.052636,-0.052636,0.952381,0
28.139999,0.000000,0.061455,-0.061455,0.952381,0
28.142500,0.000000,0.057910,-0.057910,0.888889,0
28.145000,0.000000,0.050548,-0.050548,0.888889,0
28.147499,0.000000,0.032441,-0.032441,0.888889,0
28.150000,0.000000,0.028665,-0.028665,0.888889,0
28.152500,0.000000,0.032947,-0.032947,0.888889,0
28.155001,0.000000,0.039539,-0.039539,0.888889,0
28.157499,0.000000,0.024255,-0.024255,0.888889,0
28.160000,0.000000,0.035992,-0.035992,0.825397,0
28.162500,0.000000,0.024398,-0.024398,0.825397,0
28.165001,0.000000,0.022291,-0.022291,0.825397,0
28.167500,0.000000,0.015514,-0.015514,0.825397,0
28.170000,0.000000,0.019408,-0.019408,0.825397,0
28.172501,0.000000,0.019753,-0.019753,0.825397,0
28.174999,0.000000,0.026236,-0.026236,0.825397,0
28.177500,0.000000,0.044746,-0.044746,0.825397,0
28.180000,0.000000,0.047436,-0.047436,0.825397,0
28.182501,0.000000,0.039823,-0.039823,0.825397,0
28.184999,0.000000,0.043329,-0.043329,0.825397,0
28.187500,0.000000,0.062215,-0.062215,0.825397,0
28.190001,0.000000,0.067010,-0.067010,0.825397,0
28.192499,0.000000,0.074654,-0.074654,0.825397,0
28.195000,0.000000,0.055615,-0.055615,0.825397,0
28.197500,0.000000,0.057809,-0.057809,0.825397,0
28.200001,0.000000,0.053278,-0.053278,0.857143,0
28.202499,0.000000,0.044749,-0.044749,0.857143,0
28.205000,0.000000,0.043102,-0.043102,0.857143,0
28.207500,0.000000,0.042824,-0.042824,0.857143,0
28.209999,0.000000,0.035187,-0.035187,0.857143,0
28.212500,0.000000,0.035963,-0.035963,0.857143,0
28.215000,0.000000,0.033076,-0.033076,0.857143,0
28.217501,0.000000,0.039086,-0.039086,0.857143,0
28.219999,0.000000,0.040098,-0.040098,0.888889,0
28.222500,0.000000,0.042527,-0.042527,0.888889,0
28.225000,0.000000,0.050773,-0.050773,0.888889,0
28.227501,0.000000,0.054625,-0.054625,0.888889,0
28.230000,0.000000,0.052877,-0.052877,0.888889,0
28.232500,0.000000,0.030825,-0.030825,0.888889,0
28.235001,0.000000,0.034900,-0.034900,0.888889,0
28.237499,0.000000,0.024885,-0.024885,0.888889,0
28.240000,0.000000,0.023317,-0.023317,0.920635,0
28.242500,0.000000,0.026148,-0.026148,0.920635,0
28.245001,0.000000,0.038070,-0.038070,0.920635,0
28.247499,0.000000,0.054509,-0.054509,0.920635,0
28.250000,0.000000,0.044055,-0.044055,0.920635,0
28.252501,0.000000,0.030129,-0.030129,0.920635,0
28.254999,0.000000,0.032337,-0.032337,0.920635,0
28.257500,0.000000,0.033681,-0.033681,0.920635,0
28.260000,0.000000,0.020730,-0.020730,0.888889,0
28.262501,0.000000,0.019917,-0.019917,0.888889,0
28.264999,0.000000,0.025208,-0.025208,0.888889,0
28.267500,0.000000,0.012243,-0.012243,0.888889,0
28.270000,0.000000,0.002015,-0.002015,0.888889,0
28.272499,0.000000,-0.004424,0.004424,0.888889,0
28.275000,0.000000,-0.006387,0.006387,0.888889,0
28.277500,0.000000,0.000682,-0.000682,0.888889,0
28.280001,0.000000,-0.002571,0.002571,0.888889,0
28.282499,0.000000,-0.001943,0.001943,0.888889,0
28.285000,0.000000,0.020351,-0.020351,0.888889,0
28.287500,0.000000,0.010248,-0.010248,0.888889,0
28.290001,0.000000,0.003464,-0.003464,0.888889,0
28.292500,0.000000,0.010068,-0.010068,0.888889,0
28.295000,0.000000,0.019532,-0.019532,0.888889,0
28.297501,0.000000,0.023026,-0.023026,0.888889,0
28.299999,0.000000,0.039204,-0.039204,0.952381,0
28.302500,0.000000,0.041010,-0.041010,0.952381,0
28.305000,0.000000,0.021320,-0.021320,0.952381,0
28.307501,0.000000,0.021597,-0.021597,0.952381,0
28.309999,0.000000,0.015601,-0.015601,0.952381,0
28.312500,0.000000,0.028135,-0.028135,0.952381,0
28.315001,0.000000,0.036369,-0.036369,0.952381,0
28.317499,0.000000,0.020319,-0.020319,0.952381,0
28.320000,0.000000,0.032097,-0.032097,0.984127,0
28.322500,0.000000,0.039785,-0.039785,0.984127,0
28.325001,0.000000,0.035646,-0.035646,0.984127,0
28.327499,0.000000,0.033886,-0.033886,0.984127,0
28.330000,0.000000,0.045737,-0.045737,0.984127,0
28.332500,0.000000,0.026192,-0.026192,0.984127,0
28.334999,0.000000,0.029545,-0.029545,0.984127,0
28.337500,0.000000,0.038807,-0.038807,0.984127,0
28.340000,0.000000,0.037000,-0.037000,1.079365,0
28.342501,0.000000,0.041552,-0.041552,1.079365,0
28.344999,0.000000,0.041309,-0.041309,1.079365,0
28.347500,0.000000,0.033418,-0.033418,1.079365,0
28.350000,0.000000,0.025503,-0.025503,1.079365,0
28.352501,0.000000,0.030980,-0.030980,1.079365,0
28.355000,0.000000,0.024599,-0.024599,1.079365,0
28.357500,0.000000,0.010628,-0.010628,1.079365,0
28.360001,0.000000,0.011404,-0.011404,1.079365,0
28.362499,0.000000,0.006595,-0.006595,1.079365,0
28.365000,0.000000,-0.004110,0.004110,1.079365,0
28.367500,0.000000,-0.003365,0.003365,1.079365,0
28.370001,0.000000,0.003486,-0.003486,1.079365,0
28.372499,0.000000,0.003567,-0.003567,1.079365,0
28.375000,0.000000,-0.005955,0.005955,1.079365,0
28.377501,0.000000,-0.001524,0.001524,1.079365,0
28.379999,0.000000,0.007693,-0.007693,1.079365,0
28.382500,0.000000,0.027116,-0.027116,1.079365,0
28.385000,0.000000,0.039166,-0.039166,1.079365,0
28.387501,0.000000,0.029120,-0.029120,1.079365,0
28.389999,0.000000,0.035942,-0.035942,1.079365,0
28.392500,0.000000,0.037216,-0.037216,1.079365,0
28.395000,0.000000,0.025883,-0.025883,1.079365,0
28.397499,0.000000,0.027687,-0.027687,1.079365,0
28.400000,0.000000,0.043642,-0.043642,1.111111,0
28.402500,0.000000,0.052874,-0.052874,1.111111,0
28.405001,0.000000,0.042556,-0.042556,1.111111,0
28.407499,0.000000,0.041498,-0.041498,1.111111,0
28.410000,0.000000,0.044657,-0.044657,1.111111,0
28.412500,0.000000,0.028240,-0.028240,1.111111,0
28.415001,0.000000,0.012564,-0.012564,1.111111,0
28.417500,0.000000,0.013574,-0.013574,1.111111,0
28.420000,0.000000,0.014672,-0.014672,1.111111,0
28.422501,0.000000,-0.001938,0.001938,1.111111,0
28.424999,0.000000,0.001537,-0.001537,1.111111,0
28.427500,0.000000,0.011089,-0.011089,1.111111,0
28.430000,0.000000,0.008850,-0.008850,1.111111,0
28.432501,0.000000,0.009132,-0.009132,1.111111,0
28.434999,0.000000,0.013932,-0.013932,1.111111,0
28.437500,0.000000,0.017429,-0.017429,1.111111,0
28.440001,0.000000,0.002158,-0.002158,1.111111,0
28.442499,0.000000,-0.005926,0.005926,1.111111,0
28.445000,0.000000,-0.009271,0.009271,1.111111,0
28.447500,0.000000,-0.016650,0.016650,1.111111,0
28.450001,0.000000,-0.003157,0.003157,1.111111,0
28.452499,0.000000,0.002568,-0.002568,1.111111,0
28.455000,0.000000,-0.007367,0.007367,1.111111,0
28.457500,0.000000,-0.009066,0.009066,1.111111,0
28.459999,0.000000,0.001244,-0.001244,1.111111,0
28.462500,0.000000,-0.004541,0.004541,1.111111,0
28.465000,0.000000,0.003167,-0.003167,1.111111,0
28.467501,0.000000,0.015395,-0.015395,1.111111,0
28.469999,0.000000,0.025794,-0.025794,1.111111,0
28.472500,0.000000,0.026675,-0.026675,1.111111,0
28.475000,0.000000,0.037074,-0.037074,1.111111,0
28.477501,0.000000,0.031372,-0.031372,1.111111,0
28.480000,0.000000,0.052657,-0.052657,1.111111,0
28.482500,0.000000,0.053355,-0.053355,1.047619,0
28.485001,0.000000,0.062537,-0.062537,1.047619,0
28.487499,0.000000,0.057288,-0.057288,1.047619,0
28.490000,0.000000,0.060269,-0.060269,1.047619,0
28.492500,0.000000,0.063570,-0.063570,1.047619,0
28.495001,0.000000,0.053009,-0.053009,1.047619,0
28.497499,0.000000,0.042494,-0.042494,1.047619,0
28.500000,0.000000,0.039244,-0.039244,1.015873,0
28.502501,0.000000,0.048637,-0.048637,1.015873,0
28.504999,0.000000,0.029663,-0.029663,1.015873,0
28.507500,0.000000,0.025304,-0.025304,1.015873,0
28.510000,0.000000,0.037026,-0.037026,1.015873,0
28.512501,0.000000,0.024183,-0.024183,1.015873,0
28.514999,0.000000,0.035378,-0.035378,1.015873,0
28.517500,0.000000,0.023604,-0.023604,1.015873,0
28.520000,0.000000,0.014453,-0.014453,1.047619,0
28.522499,0.000000,0.012672,-0.012672,1.047619,0
28.525000,0.000000,0.029592,-0.029592,1.047619,0
28.527500,0.000000,0.022823,-0.022823,1.047619,0
28.530001,0.000000,0.006170,-0.006170,1.047619,0
28.532499,0.000000,-0.006941,0.006941,1.047619,0
28.535000,0.000000,0.001856,-0.001856,1.047619,0
28.537500,0.000000,-0.010689,0.010689,1.047619,0
28.540001,0.000000,0.000575,-0.000575,1.047619,0
28.542500,0.000000,0.001201,-0.001201,1.047619,0
28.545000,0.000000,0.000869,-0.000869,1.047619,0
28.547501,0.000000,0.003583,-0.003583,1.047619,0
28.549999,0.000000,-0.003901,0.003901,1.047619,0
28.552500,0.000000,-0.002517,0.002517,1.047619,0
28.555000,0.000000,-0.013436,0.013436,1.047619,0
28.557501,0.000000,-0.000618,0.000618,1.047619,0
28.559999,0.000000,-0.009359,0.009359,1.142857,0
28.562500,0.000000,-0.005357,0.005357,1.142857,0
28.565001,0.000000,-0.014068,0.014068,1.142857,0
28.567499,0.000000,-0.018258,0.018258,1.142857,0
28.570000,0.000000,-0.020973,0.020973,1.142857,0
28.572500,0.000000,0.005244,-0.005244,1.142857,0
28.575001,0.000000,0.004977,-0.004977,1.142857,0
28.577499,0.000000,-0.002247,0.002247,1.142857,0
28.580000,0.000000,-0.005935,0.005935,1.174603,0
28.582500,0.000000,-0.018485,0.018485,1.174603,0
28.584999,0.000000,-0.019368,0.019368,1.174603,0
28.587500,0.000000,-0.003158,0.003158,1.174603,0
28.590000,0.000000,-0.000220,0.000220,1.174603,0
28.592501,0.000000,0.007468,-0.007468,1.174603,0
28.594999,0.000000,-0.000482,0.000482,1.174603,0
28.597500,0.000000,-0.002203,0.002203,1.174603,0
28.600000,0.000000,-0.000262,0.000262,1.079365,0
28.602501,0.000000,-0.006927,0.006927,1.079365,0
28.605000,0.000000,-0.003049,0.003049,1.079365,0
28.607500,0.000000,0.002694,-0.002694,1.079365,0
28.610001,0.000000,0.007599,-0.007599,1.079365,0
28.612499,0.000000,0.005993,-0.005993,1.079365,0
28.615000,0.000000,0.015821,-0.015821,1.079365,0
28.617500,0.000000,0.013002,-0.013002,1.079365,0
28.620001,0.000000,0.009691,-0.009691,1.174603,0
28.622499,0.000000,0.021691,-0.021691,1.174603,0
28.625000,0.000000,0.011678,-0.011678,1.174603,0
28.627501,0.000000,-0.003163,0.003163,1.174603,0
28.629999,0.000000,-0.010489,0.010489,1.174603,0
28.632500,0.000000,-0.006894,0.006894,1.174603,0
28.635000,0.000000,0.004281,-0.004281,1.174603,0
28.637501,0.000000,-0.001496,0.001496,1.174603,0
28.639999,0.000000,0.014115,-0.014115,1.174603,0
28.642500,0.000000,0.013965,-0.013965,1.174603,0
28.645000,0.000000,0.012592,-0.012592,1.174603,0
28.647499,0.000000,0.004938,-0.004938,1.174603,0
28.650000,0.000000,0.021605,-0.021605,1.174603,0
28.652500,0.000000,0.019721,-0.019721,1.174603,0
28.655001,0.000000,0.007697,-0.007697,1.174603,0
28.657499,0.000000,0.028695,-0.028695,1.174603,0
28.660000,0.000000,0.031311,-0.031311,1.174603,0
28.662500,0.000000,0.037078,-0.037078,1.238095,0
28.665001,0.000000,0.049993,-0.049993,1.238095,0
28.667500,0.000000,0.053767,-0.053767,1.238095,0
28.670000,0.000000,0.060434,-0.060434,1.238095,0
28.672501,0.000000,0.059299,-0.059299,1.238095,0
28.674999,0.000000,0.063838,-0.063838,1.238095,0
28.677500,0.000000,0.061874,-0.061874,1.238095,0
28.680000,0.000000,0.059841,-0.059841,1.079365,0
28.682501,0.000000,0.059187,-0.059187,1.079365,0
28.684999,0.000000,0.053709,-0.053709,1.079365,0
28.687500,0.000000,0.056841,-0.056841,1.079365,0
28.690001,0.000000,0.059852,-0.059852,1.079365,0
28.692499,0.000000,0.065727,-0.065727,1.079365,0
28.695000,0.000000,0.069749,-0.069749,1.079365,0
28.697500,0.000000,0.086303,-0.086303,1.079365,0
28.700001,0.000000,0.093945,-0.093945,1.015873,0
28.702499,0.000000,0.089016,-0.089016,1.015873,0
28.705000,0.000000,0.090689,-0.090689,1.015873,0
28.707500,0.000000,0.101634,-0.101634,1.015873,0
28.709999,0.000000,0.089304,-0.089304,1.015873,0
28.712500,0.000000,0.106062,-0.106062,1.015873,0
28.715000,0.000000,0.095344,-0.095344,1.015873,0
28.717501,0.000000,0.101114,-0.101114,1.015873,0
28.719999,0.000000,0.098017,-0.098017,0.984127,0
28.722500,0.000000,0.094456,-0.094456,0.984127,0
28.725000,0.000000,0.078696,-0.078696,0.984127,0
28.727501,0.000000,0.085162,-0.085162,0.984127,0
28.730000,0.000000,0.069904,-0.069904,0.984127,0
28.732500,0.000000,0.053638,-0.053638,0.984127,0
28.735001,0.000000,0.063298,-0.063298,0.984127,0
28.737499,0.000000,0.078778,-0.078778,0.984127,0
28.740000,0.000000,0.069869,-0.069869,0.984127,0
28.742500,0.000000,0.077461,-0.077461,0.984127,0
28.745001,0.000000,0.082807,-0.082807,0.984127,0
28.747499,0.000000,0.079387,-0.079387,0.984127,0
28.750000,0.000000,0.089871,-0.089871,0.984127,0
28.752501,0.000000,0.085549,-0.085549,0.984127,0
28.754999,0.000000,0.087930,-0.087930,0.984127,0
28.757500,0.000000,0.073178,-0.073178,0.984127,0
28.760000,0.000000,0.060716,-0.060716,1.111111,0
28.762501,0.000000,0.069174,-0.069174,1.111111,0
28.764999,0.000000,0.072058,-0.072058,1.111111,0
28.767500,0.000000,0.068840,-0.068840,1.111111,0
28.770000,0.000000,0.083550,-0.083550,1.111111,0
28.772499,0.000000,0.097787,-0.097787,1.111111,0
28.775000,0.000000,0.098921,-0.098921,1.111111,0
28.777500,0.000000,0.083459,-0.083459,1.111111,0
28.780001,0.000000,0.080172,-0.080172,1.111111,0
28.782499,0.000000,0.070402,-0.070402,1.079365,0
28.785000,0.000000,0.069203,-0.069203,1.079365,0
28.787500,0.000000,0.058802,-0.058802,1.079365,0
28.790001,0.000000,0.046351,-0.046351,1.079365,0
28.792500,0.000000,0.024640,-0.024640,1.079365,0
28.795000,0.000000,0.025445,-0.025445,1.079365,0
28.797501,0.000000,0.003987,-0.003987,1.079365,0
28.799999,0.000000,0.000984,-0.000984,1.079365,0
28.802500,0.000000,0.007391,-0.007391,1.047619,0
28.805000,0.000000,0.000485,-0.000485,1.047619,0
28.807501,0.000000,-0.009574,0.009574,1.047619,0
28.809999,0.000000,-0.009922,0.009922,1.047619,0
28.812500,0.000000,-0.017299,0.017299,1.047619,0
28.815001,0.000000,-0.015075,0.015075,1.047619,0
28.817499,0.000000,-0.024185,0.024185,1.047619,0
28.820000,0.000000,-0.024444,0.024444,1.047619,0
28.822500,0.000000,-0.026931,0.026931,1.047619,0
28.825001,0.000000,-0.026250,0.026250,1.047619,0
28.827499,0.000000,-0.010381,0.010381,1.047619,0
28.830000,0.000000,-0.008233,0.008233,1.047619,0
28.832500,0.000000,-0.003335,0.003335,1.047619,0
28.834999,0.000000,-0.009005,0.009005,1.047619,0
28.837500,0.000000,-0.006682,0.006682,1.047619,0
28.840000,0.000000,-0.008903,0.008903,1.111111,0
28.842501,0.000000,-0.008396,0.008396,1.111111,0
28.844999,0.000000,-0.002467,0.002467,1.111111,0
28.847500,0.000000,-0.006794,0.006794,1.111111,0
28.850000,0.000000,-0.010107,0.010107,1.111111,0
28.852501,0.000000,-0.014109,0.014109,1.111111,0
28.855000,0.000000,-0.018173,0.018173,1.111111,0
28.857500,0.000000,-0.016138,0.016138,1.111111,0
28.860001,0.000000,-0.018832,0.018832,1.142857,0
28.862499,0.000000,-0.005402,0.005402,1.142857,0
28.865000,0.000000,0.017881,-0.017881,1.142857,0
28.867500,0.000000,0.012481,-0.012481,1.142857,0
28.870001,0.000000,0.014685,-0.014685,1.142857,0
28.872499,0.000000,0.023279,-0.023279,1.142857,0
28.875000,0.000000,0.020334,-0.020334,1.142857,0
28.877501,0.000000,0.011138,-0.011138,1.142857,0
28.879999,0.000000,0.025945,-0.025945,1.142857,0
28.882500,0.000000,0.031336,-0.031336,1.111111,0
28.885000,0.000000,0.033297,-0.033297,1.111111,0
28.887501,0.000000,0.045307,-0.045307,1.111111,0
28.889999,0.000000,0.050906,-0.050906,1.111111,0
28.892500,0.000000,0.049040,-0.049040,1.111111,0
28.895000,0.000000,0.038931,-0.038931,1.111111,0
28.897499,0.000000,0.033423,-0.033423,1.111111,0
28.900000,0.000000,0.044057,-0.044057,1.015873,0
28.902500,0.000000,0.049297,-0.049297,1.015873,0
28.905001,0.000000,0.045996,-0.045996,1.015873,0
28.907499,0.000000,0.061586,-0.061586,1.015873,0
28.910000,0.000000,0.058207,-0.058207,1.015873,0
28.912500,0.000000,0.065907,-0.065907,1.015873,0
28.915001,0.000000,0.066018,-0.066018,1.015873,0
28.917500,0.000000,0.082490,-0.082490,1.015873,0
28.920000,0.000000,0.087319,-0.087319,0.984127,0
28.922501,0.000000,0.085068,-0.085068,0.984127,0
28.924999,0.000000,0.080693,-0.080693,0.984127,0
28.927500,0.000000,0.078054,-0.078054,0.984127,0
28.930000,0.000000,0.068591,-0.068591,0.984127,0
28.932501,0.000000,0.053201,-0.053201,0.984127,0
28.934999,0.000000,0.054565,-0.054565,0.984127,0
28.937500,0.000000,0.047724,-0.047724,0.984127,0
28.940001,0.000000,0.040883,-0.040883,0.952381,0
28.942499,0.000000,0.038716,-0.038716,0.952381,0
28.945000,0.000000,0.038020,-0.038020,0.952381,0
28.947500,0.000000,0.036903,-0.036903,0.952381,0
28.950001,0.000000,0.052920,-0.052920,0.952381,0
28.952499,0.000000,0.057802,-0.057802,0.952381,0
28.955000,0.000000,0.076753,-0.076753,0.952381,0
28.957500,0.000000,0.070052,-0.070052,0.952381,0
28.959999,0.000000,0.075913,-0.075913,0.888889,0
28.962500,0.000000,0.069434,-0.069434,0.888889,0
28.965000,0.000000,0.061345,-0.061345,0.888889,0
28.967501,0.000000,0.081508,-0.081508,0.888889,0
28.969999,0.000000,0.070937,-0.070937,0.888889,0
28.972500,0.000000,0.045692,-0.045692,0.888889,0
28.975000,0.000000,0.036950,-0.036950,0.888889,0
28.977501,0.000000,0.015204,-0.015204,0.888889,0
28.980000,0.000000,0.004998,-0.004998,0.888889,0
28.982500,0.000000,-0.003914,0.003914,0.888889,0
28.985001,0.000000,-0.003429,0.003429,0.888889,0
28.987499,0.000000,-0.024135,0.024135,0.888889,0
28.990000,0.000000,-0.011234,0.011234,0.888889,0
28.992500,0.000000,-0.029867,0.029867,0.888889,0
28.995001,0.000000,-0.030204,0.030204,0.888889,0
28.997499,0.000000,-0.032512,0.032512,0.888889,0
29.000000,0.000000,-0.023152,0.023152,0.888889,0
29.002501,0.000000,-0.018873,0.018873,0.888889,0
29.004999,0.000000,-0.006329,0.006329,0.888889,0
29.007500,0.000000,-0.009762,0.009762,0.888889,0
29.010000,0.000000,-0.014119,0.014119,0.888889,0
29.012501,0.000000,-0.009529,0.009529,0.888889,0
29.014999,0.000000,0.001091,-0.001091,0.888889,0
29.017500,0.000000,0.009321,-0.009321,0.888889,0
29.020000,0.000000,0.012341,-0.012341,0.857143,0
29.022499,0.000000,0.014338,-0.014338,0.857143,0
29.025000,0.000000,0.013498,-0.013498,0.857143,0
29.027500,0.000000,0.017274,-0.017274,0.857143,0
29.030001,0.000000,0.037608,-0.037608,0.857143,0
29.032499,0.000000,0.033901,-0.033901,0.857143,0
29.035000,0.000000,0.029070,-0.029070,0.857143,0
29.037500,0.000000,0.023617,-0.023617,0.857143,0
29.040001,0.000000,0.027054,-0.027054,0.793651,0
29.042500,0.000000,0.003024,-0.003024,0.793651,0
29.045000,0.000000,0.001454,-0.001454,0.793651,0
29.047501,0.000000,0.010937,-0.010937,0.793651,0
29.049999,0.000000,0.004882,-0.004882,0.793651,0
29.052500,0.000000,0.006727,-0.006727,0.793651,0
29.055000,0.000000,0.029167,-0.029167,0.793651,0
29.057501,0.000000,0.031734,-0.031734,0.793651,0
29.059999,0.000000,0.009031,-0.009031,0.888889,0
29.062500,0.000000,-0.004945,0.004945,0.888889,0
29.065001,0.000000,-0.007234,0.007234,0.888889,0
29.067499,0.000000,-0.014839,0.014839,0.888889,0
29.070000,0.000000,-0.013374,0.013374,0.888889,0
29.072500,0.000000,-0.015835,0.015835,0.888889,0
29.075001,0.000000,-0.003959,0.003959,0.888889,0
29.077499,0.000000,-0.014503,0.014503,0.888889,0
29.080000,0.000000,-0.016036,0.016036,0.920635,0
29.082500,0.000000,-0.013490,0.013490,0.920635,0
29.084999,0.000000,-0.009838,0.009838,0.920635,0
29.087500,0.000000,-0.008142,0.008142,0.920635,0
29.090000,0.000000,-0.030906,0.030906,0.920635,0
29.092501,0.000000,-0.029176,0.029176,0.920635,0
29.094999,0.000000,-0.029736,0.029736,0.920635,0
29.097500,0.000000,-0.020560,0.020560,0.920635,0
29.100000,0.000000,-0.013435,0.013435,0.984127,0
29.102501,0.000000,-0.010867,0.010867,0.984127,0
29.105000,0.000000,-0.007708,0.007708,0.984127,0
29.107500,0.000000,0.004834,-0.004834,0.984127,0
29.110001,0.000000,0.015196,-0.015196,0.984127,0
29.112499,0.000000,0.017276,-0.017276,0.984127,0
29.115000,0.000000,0.036442,-0.036442,0.984127,0
29.117500,0.000000,0.029614,-0.029614,0.984127,0
29.120001,0.000000,0.017137,-0.017137,0.920635,0
29.122499,0.000000,0.016503,-0.016503,0.920635,0
29.125000,0.000000,0.012348,-0.012348,0.920635,0
29.127501,0.000000,-0.012078,0.012078,0.920635,0
29.129999,0.000000,-0.018068,0.018068,0.920635,0
29.132500,0.000000,-0.014160,0.014160,0.920635,0
29.135000,0.000000,-0.014289,0.014289,0.920635,0
29.137501,0.000000,-0.021420,0.021420,0.920635,0
29.139999,0.000000,-0.020313,0.020313,0.888889,0
29.142500,0.000000,-0.018432,0.018432,0.888889,0
29.145000,0.000000,-0.010671,0.010671,0.888889,0
29.147499,0.000000,-0.016765,0.016765,0.888889,0
29.150000,0.000000,-0.007479,0.007479,0.888889,0
29.152500,0.000000,-0.018161,0.018161,0.888889,0
29.155001,0.000000,-0.022622,0.022622,0.888889,0
29.157499,0.000000,-0.004921,0.004921,0.888889,0
29.160000,0.000000,-0.014996,0.014996,0.888889,0
29.162500,0.000000,-0.021100,0.021100,0.888889,0
29.165001,0.000000,-0.032940,0.032940,0.888889,0
29.167500,0.000000,-0.040153,0.040153,0.888889,0
29.170000,0.000000,-0.037508,0.037508,0.888889,0
29.172501,0.000000,-0.029284,0.029284,0.888889,0
29.174999,0.000000,-0.028548,0.028548,0.888889,0
29.177500,0.000000,-0.030882,0.030882,0.888889,0
29.180000,0.000000,-0.041936,0.041936,0.920635,0
29.182501,0.000000,-0.047679,0.047679,0.920635,0
29.184999,0.000000,-0.061163,0.061163,0.920635,0
29.187500,0.000000,-0.052171,0.052171,0.920635,0
29.190001,0.000000,-0.042777,0.042777,0.920635,0
29.192499,0.000000,-0.041859,0.041859,0.920635,0
29.195000,0.000000,-0.036304,0.036304,0.920635,0
29.197500,0.000000,-0.026705,0.026705,0.920635,0
29.200001,0.000000,-0.024850,0.024850,0.888889,0
29.202499,0.000000,-0.010150,0.010150,0.888889,0
29.205000,0.000000,-0.020047,0.020047,0.888889,0
29.207500,0.000000,-0.022892,0.022892,0.888889,0
29.209999,0.000000,-0.026834,0.026834,0.888889,0
29.212500,0.000000,-0.019538,0.019538,0.888889,0
29.215000,0.000000,-0.033208,0.033208,0.888889,0
29.217501,0.000000,-0.017745,0.017745,0.888889,0
29.219999,0.000000,-0.011398,0.011398,0.857143,0
29.222500,0.000000,0.006928,-0.006928,0.857143,0
29.225000,0.000000,0.006288,-0.006288,0.857143,0
29.227501,0.000000,0.000452,-0.000452,0.857143,0
29.230000,0.000000,0.007156,-0.007156,0.857143,0
29.232500,0.000000,0.017450,-0.017450,0.857143,0
29.235001,0.000000,0.009597,-0.009597,0.857143,0
29.237499,0.000000,-0.011075,0.011075,0.857143,0
29.240000,0.000000,-0.029925,0.029925,0.825397,0
29.242500,0.000000,-0.026185,0.026185,0.825397,0
29.245001,0.000000,-0.009166,0.009166,0.825397,0
29.247499,0.000000,-0.022482,0.022482,0.825397,0
29.250000,0.000000,-0.024586,0.024586,0.825397,0
29.252501,0.000000,-0.027412,0.027412,0.825397,0
29.254999,0.000000,-0.006486,0.006486,0.825397,0
29.257500,0.000000,0.017246,-0.017246,0.825397,0
29.260000,0.000000,0.021367,-0.021367,0.761905,0
29.262501,0.000000,0.030587,-0.030587,0.761905,0
29.264999,0.000000,0.039148,-0.039148,0.761905,0
29.267500,0.000000,0.023652,-0.023652,0.761905,0
29.270000,0.000000,0.030517,-0.030517,0.761905,0
29.272499,0.000000,0.018264,-0.018264,0.761905,0
29.275000,0.000000,0.015753,-0.015753,0.761905,0
29.277500,0.000000,0.027663,-0.027663,0.761905,0
29.280001,0.000000,0.027592,-0.027592,0.761905,0
29.282499,0.000000,0.037577,-0.037577,0.857143,0
29.285000,0.000000,0.049202,-0.049202,0.857143,0
29.287500,0.000000,0.030342,-0.030342,0.857143,0
29.290001,0.000000,0.007893,-0.007893,0.857143,0
29.292500,0.000000,0.019133,-0.019133,0.857143,0
29.295000,0.000000,0.030433,-0.030433,0.857143,0
29.297501,0.000000,0.032022,-0.032022,0.857143,0
29.299999,0.000000,0.035002,-0.035002,0.825397,0
29.302500,0.000000,0.043016,-0.043016,0.825397,0
29.305000,0.000000,0.050579,-0.050579,0.825397,0
29.307501,0.000000,0.045826,-0.045826,0.825397,0
29.309999,0.000000,0.054130,-0.054130,0.825397,0
29.312500,0.000000,0.048829,-0.048829,0.825397,0
29.315001,0.000000,0.049742,-0.049742,0.825397,0
29.317499,0.000000,0.050179,-0.050179,0.825397,0
29.320000,0.000000,0.039399,-0.039399,0.793651,0
29.322500,0.000000,0.030224,-0.030224,0.793651,0
29.325001,0.000000,0.052817,-0.052817,0.793651,0
29.327499,0.000000,0.041641,-0.041641,0.793651,0
29.330000,0.000000,0.044153,-0.044153,0.793651,0
29.332500,0.000000,0.048791,-0.048791,0.793651,0
29.334999,0.000000,0.046596,-0.046596,0.793651,0
29.337500,0.000000,0.052109,-0.052109,0.793651,0
29.340000,0.000000,0.053627,-0.053627,0.920635,0
29.342501,0.000000,0.043986,-0.043986,0.920635,0
29.344999,0.000000,0.047685,-0.047685,0.920635,0
29.347500,0.000000,0.041198,-0.041198,0.920635,0
29.350000,0.000000,0.056257,-0.056257,0.920635,0
29.352501,0.000000,0.058612,-0.058612,0.920635,0
29.355000,0.000000,0.050291,-0.050291,0.920635,0
29.357500,0.000000,0.052017,-0.052017,0.920635,0
29.360001,0.000000,0.042591,-0.042591,1.015873,0
29.362499,0.000000,0.043660,-0.043660,1.015873,0
29.365000,0.000000,0.040486,-0.040486,1.015873,0
29.367500,0.000000,0.032121,-0.032121,1.015873,0
29.370001,0.000000,0.023847,-0.023847,1.015873,0
29.372499,0.000000,0.044664,-0.044664,1.015873,0
29.375000,0.000000,0.044223,-0.044223,1.015873,0
29.377501,0.000000,0.039148,-0.039148,1.015873,0
29.379999,0.000000,0.032835,-0.032835,1.047619,0
29.382500,0.000000,0.036028,-0.036028,1.047619,0
29.385000,0.000000,0.029465,-0.029465,1.047619,0
29.387501,0.000000,0.019074,-0.019074,1.047619,0
29.389999,0.000000,0.018260,-0.018260,1.047619,0
29.392500,0.000000,0.017401,-0.017401,1.047619,0
29.395000,0.000000,0.013237,-0.013237,1.047619,0
29.397499,0.000000,0.004987,-0.004987,1.047619,0
29.400000,0.000000,0.001283,-0.001283,1.015873,0
29.402500,0.000000,-0.003037,0.003037,1.015873,0
29.405001,0.000000,-0.008504,0.008504,1.015873,0
29.407499,0.000000,-0.005730,0.005730,1.015873,0
29.410000,0.000000,0.014811,-0.014811,1.015873,0
29.412500,0.000000,0.026585,-0.026585,1.015873,0
29.415001,0.000000,0.043625,-0.043625,1.015873,0
29.417500,0.000000,0.037146,-0.037146,1.015873,0
29.420000,0.000000,0.051456,-0.051456,1.015873,0
29.422501,0.000000,0.052067,-0.052067,0.984127,0
29.424999,0.000000,0.059839,-0.059839,0.984127,0
29.427500,0.000000,0.062378,-0.062378,0.984127,0
29.430000,0.000000,0.057266,-0.057266,0.984127,0
29.432501,0.000000,0.062358,-0.062358,0.984127,0
29.434999,0.000000,0.065080,-0.065080,0.984127,0
29.437500,0.000000,0.046408,-0.046408,0.984127,0
29.440001,0.000000,0.043846,-0.043846,0.984127,0
29.442499,0.000000,0.050787,-0.050787,0.984127,0
29.445000,0.000000,0.051892,-0.051892,0.984127,0
29.447500,0.000000,0.054780,-0.054780,0.984127,0
29.450001,0.000000,0.046034,-0.046034,0.984127,0
29.452499,0.000000,0.047080,-0.047080,0.984127,0
29.455000,0.000000,0.044761,-0.044761,0.984127,0
29.457500,0.000000,0.041498,-0.041498,0.984127,0
29.459999,0.000000,0.034243,-0.034243,1.047619,0
29.462500,0.000000,0.041474,-0.041474,1.047619,0
29.465000,0.000000,0.043398,-0.043398,1.047619,0
29.467501,0.000000,0.044363,-0.044363,1.047619,0
29.469999,0.000000,0.061561,-0.061561,1.047619,0
29.472500,0.000000,0.064077,-0.064077,1.047619,0
29.475000,0.000000,0.073081,-0.073081,1.047619,0
29.477501,0.000000,0.073459,-0.073459,1.047619,0
29.480000,0.000000,0.067527,-0.067527,0.920635,0
29.482500,0.000000,0.054663,-0.054663,0.920635,0
29.485001,0.000000,0.055354,-0.055354,0.920635,0
29.487499,0.000000,0.026786,-0.026786,0.920635,0
29.490000,0.000000,0.028672,-0.028672,0.920635,0
29.492500,0.000000,0.030925,-0.030925,0.920635,0
29.495001,0.000000,0.027768,-0.027768,0.920635,0
29.497499,0.000000,0.025968,-0.025968,0.920635,0
29.500000,0.000000,0.012665,-0.012665,0.920635,0
29.502501,0.000000,0.026071,-0.026071,0.920635,0
29.504999,0.000000,0.021895,-0.021895,0.920635,0
29.507500,0.000000,0.011547,-0.011547,0.920635,0
29.510000,0.000000,0.016591,-0.016591,0.920635,0
29.512501,0.000000,0.017169,-0.017169,0.920635,0
29.514999,0.000000,0.013082,-0.013082,0.920635,0
29.517500,0.000000,0.008081,-0.008081,0.920635,0
29.520000,0.000000,0.007742,-0.007742,0.825397,0
29.522499,0.000000,0.022047,-0.022047,0.825397,0
29.525000,0.000000,0.026359,-0.026359,0.825397,0
29.527500,0.000000,0.025093,-0.025093,0.825397,0
29.530001,0.000000,0.033377,-0.033377,0.825397,0
29.532499,0.000000,0.032544,-0.032544,0.825397,0
29.535000,0.000000,0.035726,-0.035726,0.825397,0
29.537500,0.000000,0.036131,-0.036131,0.825397,0
29.540001,0.000000,0.041345,-0.041345,0.793651,0
29.542500,0.000000,0.035063,-0.035063,0.793651,0
29.545000,0.000000,0.021446,-0.021446,0.793651,0
29.547501,0.000000,0.030557,-0.030557,0.793651,0
29.549999,0.000000,0.045808,-0.045808,0.793651,0
29.552500,0.000000,0.032450,-0.032450,0.793651,0
29.555000,0.000000,0.033276,-0.033276,0.793651,0
29.557501,0.000000,0.027319,-0.027319,0.793651,0
29.559999,0.000000,0.035071,-0.035071,0.888889,0
29.562500,0.000000,0.036393,-0.036393,0.888889,0
29.565001,0.000000,0.067703,-0.067703,0.888889,0
29.567499,0.000000,0.062673,-0.062673,0.888889,0
29.570000,0.000000,0.075749,-0.075749,0.888889,0
29.572500,0.000000,0.089383,-0.089383,0.888889,0
29.575001,0.000000,0.091837,-0.091837,0.888889,0
29.577499,0.000000,0.089358,-0.089358,0.888889,0
29.580000,0.000000,0.087519,-0.087519,0.888889,0
29.582500,0.000000,0.084907,-0.084907,0.888889,0
29.584999,0.000000,0.093387,-0.093387,0.888889,0
29.587500,0.000000,0.081927,-0.081927,0.888889,0
29.590000,0.000000,0.077803,-0.077803,0.888889,0
29.592501,0.000000,0.072615,-0.072615,0.888889,0
29.594999,0.000000,0.053395,-0.053395,0.888889,0
29.597500,0.000000,0.060180,-0.060180,0.888889,0
29.600000,0.000000,0.069037,-0.069037,0.857143,0
29.602501,0.000000,0.060388,-0.060388,0.857143,0
29.605000,0.000000,0.068897,-0.068897,0.857143,0
29.607500,0.000000,0.050640,-0.050640,0.857143,0
29.610001,0.000000,0.049260,-0.049260,0.857143,0
29.612499,0.000000,0.046405,-0.046405,0.857143,0
29.615000,0.000000,0.045808,-0.045808,0.857143,0
29.617500,0.000000,0.045177,-0.045177,0.857143,0
29.620001,0.000000,0.043087,-0.043087,0.920635,0
29.622499,0.000000,0.038100,-0.038100,0.920635,0
29.625000,0.000000,0.035916,-0.035916,0.920635,0
29.627501,0.000000,0.047842,-0.047842,0.920635,0
29.629999,0.000000,0.040866,-0.040866,0.920635,0
29.632500,0.000000,0.061207,-0.061207,0.920635,0
29.635000,0.000000,0.053270,-0.053270,0.920635,0
29.637501,0.000000,0.053956,-0.053956,0.920635,0
29.639999,0.000000,0.057387,-0.057387,1.047619,0
29.642500,0.000000,0.053318,-0.053318,1.047619,0
29.645000,0.000000,0.063796,-0.063796,1.047619,0
29.647499,0.000000,0.066772,-0.066772,1.047619,0
29.650000,0.000000,0.063154,-0.063154,1.047619,0
29.652500,0.000000,0.073373,-0.073373,1.047619,0
29.655001,0.000000,0.062459,-0.062459,1.047619,0
29.657499,0.000000,0.055764,-0.055764,1.047619,0
29.660000,0.000000,0.059073,-0.059073,1.079365,0
29.662500,0.000000,0.064356,-0.064356,1.079365,0
29.665001,0.000000,0.065383,-0.065383,1.079365,0
29.667500,0.000000,0.062496,-0.062496,1.079365,0
29.670000,0.000000,0.058602,-0.058602,1.079365,0
29.672501,0.000000,0.066826,-0.066826,1.079365,0
29.674999,0.000000,0.067079,-0.067079,1.079365,0
29.677500,0.000000,0.057608,-0.057608,1.079365,0
29.680000,0.000000,0.047874,-0.047874,1.079365,0
29.682501,0.000000,0.059821,-0.059821,1.079365,0
29.684999,0.000000,0.051842,-0.051842,1.079365,0
29.687500,0.000000,0.052800,-0.052800,1.079365,0
29.690001,0.000000,0.063241,-0.063241,1.079365,0
29.692499,0.000000,0.066263,-0.066263,1.079365,0
29.695000,0.000000,0.057707,-0.057707,1.079365,0
29.697500,0.000000,0.047091,-0.047091,1.079365,0
29.700001,0.000000,0.061970,-0.061970,1.111111,0
29.702499,0.000000,0.051253,-0.051253,1.111111,0
29.705000,0.000000,0.045045,-0.045045,1.111111,0
29.707500,0.000000,0.047045,-0.047045,1.111111,0
29.709999,0.000000,0.043843,-0.043843,1.111111,0
29.712500,0.000000,0.047639,-0.047639,1.111111,0
29.715000,0.000000,0.033502,-0.033502,1.111111,0
29.717501,0.000000,0.030734,-0.030734,1.111111,0
29.719999,0.000000,0.035819,-0.035819,1.111111,0
29.722500,0.000000,0.040799,-0.040799,1.111111,0
29.725000,0.000000,0.034639,-0.034639,1.111111,0
29.727501,0.000000,0.024696,-0.024696,1.111111,0
29.730000,0.000000,0.025889,-0.025889,1.111111,0
29.732500,0.000000,0.013607,-0.013607,1.111111,0
29.735001,0.000000,0.024551,-0.024551,1.111111,0
29.737499,0.000000,0.025255,-0.025255,1.111111,0
29.740000,0.000000,0.018883,-0.018883,1.206349,0
29.742500,0.000000,0.009716,-0.009716,1.206349,0
29.745001,0.000000,0.004241,-0.004241,1.206349,0
29.747499,0.000000,-0.008784,0.008784,1.206349,0
29.750000,0.000000,-0.004453,0.004453,1.206349,0
29.752501,0.000000,-0.011004,0.011004,1.206349,0
29.754999,0.000000,-0.007388,0.007388,1.206349,0
29.757500,0.000000,-0.002711,0.002711,1.206349,0
29.760000,0.000000,0.005063,-0.005063,1.269841,0
29.762501,0.000000,0.006949,-0.006949,1.269841,0
29.764999,0.000000,0.015799,-0.015799,1.269841,0
29.767500,0.000000,0.026546,-0.026546,1.269841,0
29.770000,0.000000,0.027951,-0.027951,1.269841,0
29.772499,0.000000,0.029811,-0.029811,1.269841,0
29.775000,0.000000,0.024532,-0.024532,1.269841,0
29.777500,0.000000,0.015886,-0.015886,1.269841,0
29.780001,0.000000,0.027474,-0.027474,1.079365,0
29.782499,0.000000,0.032345,-0.032345,1.079365,0
29.785000,0.000000,0.037822,-0.037822,1.079365,0
29.787500,0.000000,0.031179,-0.031179,1.079365,0
29.790001,0.000000,0.045421,-0.045421,1.079365,0
29.792500,0.000000,0.041951,-0.041951,1.079365,0
29.795000,0.000000,0.033252,-0.033252,1.079365,0
29.797501,0.000000,0.026943,-0.026943,1.079365,0
29.799999,0.000000,0.041106,-0.041106,1.047619,0
29.802500,0.000000,0.029302,-0.029302,1.047619,0
29.805000,0.000000,0.021291,-0.021291,1.047619,0
29.807501,0.000000,0.048120,-0.048120,1.047619,0
29.809999,0.000000,0.055583,-0.055583,1.047619,0
29.812500,0.000000,0.046999,-0.046999,1.047619,0
29.815001,0.000000,0.035399,-0.035399,1.047619,0
29.817499,0.000000,0.018593,-0.018593,1.047619,0
29.820000,0.000000,0.018974,-0.018974,0.984127,0
29.822500,0.000000,0.025593,-0.025593,0.984127,0
29.825001,0.000000,0.039802,-0.039802,0.984127,0
29.827499,0.000000,0.019894,-0.019894,0.984127,0
29.830000,0.000000,0.006243,-0.006243,0.984127,0
29.832500,0.000000,0.004877,-0.004877,0.984127,0
29.834999,0.000000,0.032015,-0.032015,0.984127,0
29.837500,0.000000,0.039680,-0.039680,0.984127,0
29.840000,0.000000,0.042092,-0.042092,0.984127,0
29.842501,0.000000,0.028874,-0.028874,0.984127,0
29.844999,0.000000,0.007386,-0.007386,0.984127,0
29.847500,0.000000,0.007537,-0.007537,0.984127,0
29.850000,0.000000,0.006343,-0.006343,0.984127,0
29.852501,0.000000,0.003558,-0.003558,0.984127,0
29.855000,0.000000,-0.000226,0.000226,0.984127,0
29.857500,0.000000,-0.007440,0.007440,0.984127,0
29.860001,0.000000,-0.017189,0.017189,0.920635,0
29.862499,0.000000,-0.002478,0.002478,0.920635,0
29.865000,0.000000,-0.011406,0.011406,0.920635,0
29.867500,0.000000,-0.013840,0.013840,0.920635,0
29.870001,0.000000,-0.013792,0.013792,0.920635,0
29.872499,0.000000,-0.006227,0.006227,0.920635,0
29.875000,0.000000,-0.014604,0.014604,0.920635,0
29.877501,0.000000,-0.004313,0.004313,0.920635,0
29.879999,0.000000,-0.010166,0.010166,0.888889,0
29.882500,0.000000,-0.011504,0.011504,0.888889,0
29.885000,0.000000,0.005772,-0.005772,0.888889,0
29.887501,0.000000,-0.004362,0.004362,0.888889,0
29.889999,0.000000,0.003161,-0.003161,0.888889,0
29.892500,0.000000,0.013323,-0.013323,0.888889,0
29.895000,0.000000,0.016054,-0.016054,0.888889,0
29.897499,0.000000,0.014341,-0.014341,0.888889,0
29.900000,0.000000,0.035480,-0.035480,0.888889,0
29.902500,0.000000,0.034201,-0.034201,0.888889,0
29.905001,0.000000,0.035173,-0.035173,0.888889,0
29.907499,0.000000,0.030644,-0.030644,0.888889,0
29.910000,0.000000,0.031191,-0.031191,0.888889,0
29.912500,0.000000,0.039923,-0.039923,0.888889,0
29.915001,0.000000,0.035876,-0.035876,0.888889,0
29.917500,0.000000,0.013511,-0.013511,0.888889,0
29.920000,0.000000,0.018245,-0.018245,0.888889,0
29.922501,0.000000,0.007807,-0.007807,0.984127,0
29.924999,0.000000,0.014408,-0.014408,0.984127,0
29.927500,0.000000,0.013976,-0.013976,0.984127,0
29.930000,0.000000,0.022275,-0.022275,0.984127,0
29.932501,0.000000,0.012855,-0.012855,0.984127,0
29.934999,0.000000,0.007523,-0.007523,0.984127,0
29.937500,0.000000,0.004151,-0.004151,0.984127,0
29.940001,0.000000,-0.008312,0.008312,1.111111,0
29.942499,0.000000,0.001208,-0.001208,1.111111,0
29.945000,0.000000,-0.012477,0.012477,1.111111,0
29.947500,0.000000,-0.002894,0.002894,1.111111,0
29.950001,0.000000,0.000773,-0.000773,1.111111,0
29.952499,0.000000,-0.000935,0.000935,1.111111,0
29.955000,0.000000,0.002027,-0.002027,1.111111,0
29.957500,0.000000,0.004684,-0.004684,1.111111,0
29.959999,0.000000,0.001131,-0.001131,1.111111,0
29.962500,0.000000,0.003595,-0.003595,1.142857,0
29.965000,0.000000,0.009636,-0.009636,1.142857,0
29.967501,0.000000,0.001429,-0.001429,1.142857,0
29.969999,0.000000,0.004312,-0.004312,1.142857,0
29.972500,0.000000,-0.018026,0.018026,1.142857,0
29.975000,0.000000,-0.033910,0.033910,1.142857,0
29.977501,0.000000,-0.028199,0.028199,1.142857,0
29.980000,0.000000,-0.030867,0.030867,1.206349,0
29.982500,0.000000,-0.037022,0.037022,1.206349,0
29.985001,0.000000,-0.036499,0.036499,1.206349,0
29.987499,0.000000,-0.038797,0.038797,1.206349,0
29.990000,0.000000,-0.045912,0.045912,1.206349,0
29.992500,0.000000,-0.058218,0.058218,1.206349,0
29.995001,0.000000,-0.072952,0.072952,1.206349,0
29.997499,0.000000,-0.064927,0.064927,1.206349,0
